DATE,candidature,google_ads,meta_ads,linkedin_ads,indeed,subito_lavoro,jooble,altre_job_board,stagionalita,domanda_clienti,ricerche_candidati
2024-01-01,6008,8372.78,7378.39,4834.82,3296.7599999999998,999.99,646.42,1298.44,0.8319,2049,4448
2024-01-08,6890,9061.84,8124.58,5048.16,3801.39,1089.8,753.64,1545.89,0.929,2286,4810
2024-01-15,7566,9387.57,8638.48,4707.19,3785.68,1210.6,823.3,1617.1399999999999,0.9615,2519,5282
2024-01-22,7259,9921.64,8980.13,4095.46,5177.03,1266.8,693.38,1599.48,0.9646,2212,5044
2024-01-29,7541,10473.86,8419.9,3810.1,4262.96,1256.84,492.29,1317.41,0.9629,2445,5143
2024-02-05,7128,8201.07,8994.38,3393.07,5321.89,1486.58,0.0,1275.11,0.9616,2257,5221
2024-02-12,7573,10468.89,8142.31,3646.2,5684.0599999999995,1648.65,0.0,1157.94,0.9609,2401,5025
2024-02-19,7125,10931.94,8650.36,4135.51,5130.37,1451.73,962.93,0.0,0.9606,2489,5004
2024-02-26,7593,10153.02,9383.99,5170.41,5356.9,1787.1399999999999,873.03,1132.49,0.9606,2264,5163
2024-03-04,7507,8159.8099999999995,13174.0,5123.21,6641.6,1860.99,783.38,973.08,0.9608,2266,4773
2024-03-11,7516,10147.92,16099.3,3679.23,8506.28,1856.05,758.23,1302.75,0.9613,2398,4663
2024-03-18,7582,9921.44,11325.07,4300.28,6844.9800000000005,1634.27,820.27,1426.85,0.9622,2204,4958
2024-03-25,7819,10645.93,9851.4,4382.71,5969.93,1769.7,807.0400000000001,1048.63,0.9637,2524,4885
2024-04-01,7758,13087.41,7905.79,5056.9,6823.85,0.0,966.76,997.35,0.9661,2394,4903
2024-04-08,7630,16354.04,7714.17,6149.57,5206.11,0.0,764.7,1215.12,0.9699,2321,4858
2024-04-15,7936,13409.07,8363.48,3765.66,5137.5,1346.59,653.84,1313.11,0.9755,2359,5171
2024-04-22,8067,11846.960000000001,11118.94,3974.43,5377.38,1589.86,664.34,1519.45,0.9835,2351,5421
2024-04-29,7673,12080.01,8894.82,4450.24,5312.2,1338.33,744.1,1301.9,0.9942,2396,5164
2024-05-06,8257,14088.38,9172.66,3912.67,5122.91,1653.2,1018.89,1210.51,1.008,2453,5268
2024-05-13,8254,16680.43,6874.82,5283.29,4137.28,1337.6499999999999,835.49,1038.59,1.0247,2415,5221
2024-05-20,8724,17426.55,8198.59,5425.99,3550.33,1878.16,784.17,1231.71,1.0439,2525,5608
2024-05-27,8815,16445.43,7863.19,5847.17,3758.46,2226.34,846.99,1360.5,1.0644,2619,5439
2024-06-03,8965,21187.16,9434.97,5536.139999999999,4856.07,2210.92,924.15,1873.25,1.085,2449,5620
2024-06-10,9146,14598.0,8883.55,5900.4,5147.08,2168.27,1044.97,1954.09,1.1036,2578,5657
2024-06-17,9365,13296.66,9980.8,6531.16,7675.46,1459.74,714.41,1718.6,1.1183,2579,5394
2024-06-24,9124,12238.14,8383.47,6161.47,8537.6,1434.34,726.44,1370.85,1.1265,2628,6025
2024-07-01,8859,10499.21,9144.03,5869.53,6659.05,1766.16,667.9,1552.44,1.1253,2581,5529
2024-07-08,9159,8978.81,14682.35,5657.99,6782.59,1615.13,511.03000000000003,1622.58,1.1114,2580,5671
2024-07-15,8787,10966.93,11053.210000000001,4616.57,5920.72,1950.52,519.78,1501.51,1.0825,2657,5585
2024-07-22,8447,10434.960000000001,9259.62,4478.26,5313.51,2497.22,497.16,1280.44,1.0386,2414,5410
2024-07-29,7869,8866.36,13479.9,4659.72,5532.91,1832.79,550.49,1356.63,0.9844,2489,4956
2024-08-05,7504,7106.43,0.0,4242.73,4856.5,1310.94,0.0,998.22,0.9311,2309,4908
2024-08-12,7008,8171.53,9799.4,4703.72,4153.0199999999995,1359.78,0.0,877.46,0.8989,2315,4718
2024-08-19,6959,9666.85,8775.73,3684.98,4845.52,1753.69,0.0,0.0,0.9036,2128,4675
2024-08-26,8164,14130.08,10501.039999999999,4129.84,4337.47,1505.55,525.25,1074.42,0.9366,2413,5231
2024-09-02,8326,20094.23,14526.39,5612.25,4941.72,1757.08,712.92,1278.45,0.9723,2442,5130
2024-09-09,8453,15591.42,10776.9,4422.91,7319.61,2261.92,581.68,1321.06,0.9961,2416,5115
2024-09-16,8170,10984.24,10242.5,3834.2,6370.67,1544.78,526.77,1090.74,1.0115,2402,5233
2024-09-23,8286,7843.31,11990.22,4245.85,7312.32,1367.02,643.8100000000001,1121.41,1.0262,2508,5091
2024-09-30,8763,11642.880000000001,12189.0,5597.51,7184.52,1633.42,815.58,1820.86,1.0439,2414,5430
2024-10-07,8635,11139.54,11363.06,5474.56,7463.2,1720.18,962.77,1512.79,1.0642,2451,5319
2024-10-14,9004,11515.56,11384.67,6567.34,6958.26,2171.41,962.69,1192.6,1.0848,2545,5803
2024-10-21,9143,10853.88,9054.21,6438.35,6305.04,2168.75,1029.08,1043.51,1.1026,2490,5853
2024-10-28,9212,12224.16,10280.49,6884.92,5917.26,1737.47,893.42,1399.82,1.1146,2666,5542
2024-11-04,9497,15135.77,10602.07,6620.74,6618.0,2095.88,930.07,1587.8700000000001,1.1188,2744,5845
2024-11-11,9113,14860.14,11577.51,8475.92,5778.83,1963.93,916.62,1653.6299999999999,1.1142,2487,5762
2024-11-18,9419,14284.28,10912.13,6767.84,6804.4,2530.35,786.69,2079.59,1.1009,2633,5346
2024-11-25,9305,11414.47,11341.53,4265.25,7284.37,2010.98,626.7,1201.57,1.0749,2476,5528
2024-12-02,8286,9067.36,12045.01,5674.84,6480.63,1696.34,728.82,1327.17,1.0136,2499,5363
2024-12-09,7111,8238.82,8851.16,4269.01,4419.4,1491.23,526.3199999999999,1302.64,0.884,2260,4416
2024-12-16,5778,7910.53,6943.92,3816.38,3588.55,1296.1100000000001,0.0,755.1,0.7387,2139,4284
2024-12-23,5460,11010.1,6556.85,4604.08,3237.6,1291.64,0.0,0.0,0.7211,2027,4020
2024-12-30,6592,9981.33,5525.74,3662.4,4007.19,877.6700000000001,514.42,793.26,0.8319,2177,4536
2025-01-06,7570,12897.79,6120.47,3718.1,3614.39,1295.41,457.21,974.82,0.929,2378,4915
2025-01-13,8301,11175.03,7017.03,3356.45,3957.9,1174.62,443.13,1093.92,0.9615,2462,4983
2025-01-20,7181,9127.28,6895.46,3518.23,3142.84,1306.72,457.68,1463.36,0.9646,2306,4978
2025-01-27,8326,8602.46,9653.29,4432.43,3032.2,1098.01,677.01,1854.96,0.9629,2435,5250
2025-02-03,8071,9334.07,11612.52,5511.83,4939.28,1428.76,760.17,1647.62,0.9616,2488,5051
2025-02-10,7825,12690.960000000001,9102.619999999999,5067.37,5096.31,1157.96,737.68,1830.13,0.9609,2319,5197
2025-02-17,7699,11281.210000000001,7835.83,4390.24,4757.79,1123.32,637.22,1712.56,0.9606,2455,4898
2025-02-24,7300,11302.789999999999,5703.05,3200.02,0.0,1242.3,491.26,1780.73,0.9606,2514,5171
2025-03-03,7526,10022.74,7793.09,3898.17,0.0,1407.8,620.36,1586.58,0.9608,2346,5193
2025-03-10,7037,12215.8,7955.35,4146.79,0.0,1310.73,657.63,1522.62,0.9613,2432,4976
2025-03-17,8287,12648.58,8384.89,4974.82,5645.17,1733.91,737.52,1555.53,0.9622,2490,4959
2025-03-24,8115,11834.22,6155.27,5677.53,5703.62,1516.28,701.03,2394.85,0.9637,2334,4878
2025-03-31,8637,11821.19,9052.27,5285.16,5899.04,0.0,640.6,2181.0,0.9661,2557,5273
2025-04-07,8046,10091.44,9081.31,5451.26,6030.98,0.0,611.4300000000001,1539.93,0.9699,2304,4800
2025-04-14,8135,11243.31,7424.05,5270.15,4649.58,1343.15,676.4300000000001,1691.53,0.9755,2429,4987
2025-04-21,8408,11225.92,7906.59,5826.11,5268.9,1608.22,777.9300000000001,1579.0,0.9835,2404,5215
2025-04-28,8109,9204.69,8459.77,4706.76,5546.87,1412.87,541.18,1383.39,0.9942,2369,5282
2025-05-05,8425,8051.67,8408.57,4448.19,5489.14,1324.71,400.09000000000003,1573.8,1.008,2503,4860
2025-05-12,8251,9749.81,8391.15,4774.91,6571.15,1760.48,584.55,1566.84,1.0247,2481,5355
2025-05-19,9114,13620.85,8835.19,5540.63,6957.01,1469.71,762.0,1668.44,1.0439,2450,5405
2025-05-26,9286,14268.89,9654.83,5395.75,8193.28,1176.03,689.95,1809.72,1.0644,2589,5324
2025-06-02,9199,13398.380000000001,10346.42,5814.72,7026.32,1829.46,555.17,1914.43,1.085,2620,5208
2025-06-09,9470,14389.69,13778.33,5624.76,8622.45,2824.3,697.48,2109.78,1.1036,2603,5641
2025-06-16,9743,16329.47,8251.47,5282.0,10115.1,2159.14,842.71,1467.27,1.1183,2816,5200
2025-06-23,9739,15789.93,9383.45,6248.04,7936.21,1571.59,1131.56,1887.82,1.1265,2463,5737
2025-06-30,10078,16122.32,9568.61,4730.849999999999,5668.38,2072.66,1237.39,1761.07,1.1253,2956,5467
2025-07-07,9677,17681.81,9631.58,4077.69,6798.92,1986.54,971.78,1413.42,1.1114,2679,5447
2025-07-14,8889,17499.0,8976.05,3819.69,6120.97,2021.5,800.48,1570.37,1.0825,2632,5836
2025-07-21,8486,18456.26,6180.73,3199.99,6457.45,1565.9,718.08,1482.78,1.0386,2447,5232
2025-07-28,8392,15708.1,6835.88,3298.59,4988.49,1741.99,632.79,1254.39,0.9844,2542,4890
2025-08-04,7547,11235.4,0.0,4234.52,5462.32,1741.62,498.95,1355.77,0.9311,2427,4811
2025-08-11,6860,8756.05,5584.75,3983.84,4495.83,1228.45,0.0,974.24,0.8989,2392,4570
2025-08-18,7338,13701.94,7367.83,4704.48,4773.92,1631.85,0.0,0.0,0.9036,2440,4669
2025-08-25,7933,16674.63,6888.5199999999995,5517.94,5781.78,2245.53,0.0,0.0,0.9366,2361,5105
2025-09-01,8146,14958.94,7495.76,6673.56,5223.900000000001,2188.22,723.79,1305.63,0.9723,2492,5122
2025-09-08,8759,13870.26,6885.01,6091.07,4610.32,2033.86,859.98,1536.88,0.9961,2444,5070
2025-09-15,8870,17346.29,7242.86,7084.95,4586.98,1990.59,906.5600000000001,1371.99,1.0115,2558,5053
2025-09-22,8540,13585.0,9742.72,6482.66,5361.87,2255.59,929.47,1715.12,1.0262,2505,5110
2025-09-29,8878,11316.74,10695.94,5199.34,4109.66,1494.43,1036.52,1655.71,1.0439,2626,5221
2025-10-06,9159,13449.130000000001,13217.41,4837.75,5127.889999999999,1714.12,1033.44,1268.28,1.0642,2533,5521
2025-10-13,9480,13121.01,14257.11,4213.96,5068.99,1774.76,1098.24,1135.76,1.0848,2627,5502
2025-10-20,10035,12634.42,12298.8,3926.32,6004.12,2341.66,1036.6100000000001,1327.43,1.1026,2690,5649
2025-10-27,9341,12813.91,14652.28,4335.37,4110.32,2137.28,1021.06,1489.9,1.1146,2623,5712
2025-11-03,9883,13881.02,13196.94,5437.19,4228.28,2668.4900000000002,731.52,1606.68,1.1188,2646,5691
2025-11-10,9673,17127.47,13218.65,7114.89,3751.7599999999998,1988.95,804.51,1690.73,1.1142,2583,5801
2025-11-17,9296,16567.07,11650.28,5444.2699999999995,4164.95,2275.19,0.0,1875.89,1.1009,2713,5748
2025-11-24,8933,15615.63,10013.15,5437.34,4515.38,2052.7200000000003,0.0,0.0,1.0749,2513,5500
2025-12-01,8465,10192.22,8044.85,4463.44,4319.18,1589.12,804.65,1370.71,1.0136,2563,5034
2025-12-08,7589,10511.31,8317.82,4932.54,3741.8,1462.04,814.25,985.47,0.884,2525,4790
2025-12-15,5829,7692.14,4717.71,3905.65,2688.7,1258.7,579.75,623.81,0.7387,2298,4222
2025-12-22,5528,7244.97,5722.43,3200.0099999999998,2936.48,1135.44,516.03,754.45,0.7211,1959,3986
