n,codice,nome,disegno,seed_mondo,parametri_disegno,canali_trattati,dose_per_canale,controllo_baseline,regola,atteso,banda_min_pct,banda_max_pct,anomalia_min_pct,anomalia_max_pct,impronta_attesa,riduzione_attesa_pct,knots_per_quarter,n_knots,keep,n_chains,adapt,burnin,seed_mcmc,revenue_per_kpi,prior_tipo,prior_sigma,prior_mu,decimali_stagionalita,csv
1,N1R,N1_k12_replica_m0042,base,42,,,,,identico_osservativo,2.2348,,,,,b3215553829a,,12,96,2000,4,500,500,42,40.0,riferimento,0.9,0.2,4,griglia_N1_replica_k12.csv
2,N1K01,N1_k01_m0042,base,42,,,,,prima_misura,,,,,,b3215553829a,,1,8,2000,4,500,500,42,40.0,riferimento,0.9,0.2,4,griglia_N1_k01.csv
3,N1K01,N1_k01_m0101,base,101,,,,,prima_misura,,,,,,7eaa88ed1323,,1,8,2000,4,500,500,42,40.0,riferimento,0.9,0.2,4,griglia_N1_k01.csv
4,N1K01,N1_k01_m0102,base,102,,,,,prima_misura,,,,,,565abd654b6a,,1,8,2000,4,500,500,42,40.0,riferimento,0.9,0.2,4,griglia_N1_k01.csv
5,N1K01,N1_k01_m0103,base,103,,,,,prima_misura,,,,,,29b7941e94a3,,1,8,2000,4,500,500,42,40.0,riferimento,0.9,0.2,4,griglia_N1_k01.csv
6,N1K01,N1_k01_m0104,base,104,,,,,prima_misura,,,,,,96fa64a16f1f,,1,8,2000,4,500,500,42,40.0,riferimento,0.9,0.2,4,griglia_N1_k01.csv
7,N1K01,N1_k01_m0105,base,105,,,,,prima_misura,,,,,,c6262d1d1d30,,1,8,2000,4,500,500,42,40.0,riferimento,0.9,0.2,4,griglia_N1_k01.csv
8,N1K01,N1_k01_m0106,base,106,,,,,prima_misura,,,,,,35c658e7d251,,1,8,2000,4,500,500,42,40.0,riferimento,0.9,0.2,4,griglia_N1_k01.csv
9,N1K01,N1_k01_m0107,base,107,,,,,prima_misura,,,,,,cb44b26282bc,,1,8,2000,4,500,500,42,40.0,riferimento,0.9,0.2,4,griglia_N1_k01.csv
10,N1K03,N1_k03_m0042,base,42,,,,,prima_misura,,,,,,b3215553829a,,3,24,2000,4,500,500,42,40.0,riferimento,0.9,0.2,4,griglia_N1_k03.csv
11,N1K03,N1_k03_m0101,base,101,,,,,prima_misura,,,,,,7eaa88ed1323,,3,24,2000,4,500,500,42,40.0,riferimento,0.9,0.2,4,griglia_N1_k03.csv
12,N1K03,N1_k03_m0102,base,102,,,,,prima_misura,,,,,,565abd654b6a,,3,24,2000,4,500,500,42,40.0,riferimento,0.9,0.2,4,griglia_N1_k03.csv
13,N1K03,N1_k03_m0103,base,103,,,,,prima_misura,,,,,,29b7941e94a3,,3,24,2000,4,500,500,42,40.0,riferimento,0.9,0.2,4,griglia_N1_k03.csv
14,N1K03,N1_k03_m0104,base,104,,,,,prima_misura,,,,,,96fa64a16f1f,,3,24,2000,4,500,500,42,40.0,riferimento,0.9,0.2,4,griglia_N1_k03.csv
15,N1K03,N1_k03_m0105,base,105,,,,,prima_misura,,,,,,c6262d1d1d30,,3,24,2000,4,500,500,42,40.0,riferimento,0.9,0.2,4,griglia_N1_k03.csv
16,N1K03,N1_k03_m0106,base,106,,,,,prima_misura,,,,,,35c658e7d251,,3,24,2000,4,500,500,42,40.0,riferimento,0.9,0.2,4,griglia_N1_k03.csv
17,N1K03,N1_k03_m0107,base,107,,,,,prima_misura,,,,,,cb44b26282bc,,3,24,2000,4,500,500,42,40.0,riferimento,0.9,0.2,4,griglia_N1_k03.csv
18,N1K06,N1_k06_m0042,base,42,,,,,prima_misura,,,,,,b3215553829a,,6,48,2000,4,500,500,42,40.0,riferimento,0.9,0.2,4,griglia_N1_k06.csv
19,N1K06,N1_k06_m0101,base,101,,,,,prima_misura,,,,,,7eaa88ed1323,,6,48,2000,4,500,500,42,40.0,riferimento,0.9,0.2,4,griglia_N1_k06.csv
20,N1K06,N1_k06_m0102,base,102,,,,,prima_misura,,,,,,565abd654b6a,,6,48,2000,4,500,500,42,40.0,riferimento,0.9,0.2,4,griglia_N1_k06.csv
21,N1K06,N1_k06_m0103,base,103,,,,,prima_misura,,,,,,29b7941e94a3,,6,48,2000,4,500,500,42,40.0,riferimento,0.9,0.2,4,griglia_N1_k06.csv
22,N1K06,N1_k06_m0104,base,104,,,,,prima_misura,,,,,,96fa64a16f1f,,6,48,2000,4,500,500,42,40.0,riferimento,0.9,0.2,4,griglia_N1_k06.csv
23,N1K06,N1_k06_m0105,base,105,,,,,prima_misura,,,,,,c6262d1d1d30,,6,48,2000,4,500,500,42,40.0,riferimento,0.9,0.2,4,griglia_N1_k06.csv
24,N1K06,N1_k06_m0106,base,106,,,,,prima_misura,,,,,,35c658e7d251,,6,48,2000,4,500,500,42,40.0,riferimento,0.9,0.2,4,griglia_N1_k06.csv
25,N1K06,N1_k06_m0107,base,107,,,,,prima_misura,,,,,,cb44b26282bc,,6,48,2000,4,500,500,42,40.0,riferimento,0.9,0.2,4,griglia_N1_k06.csv
