mondo,seed_mondo,canale,spesa,vero,mediana,ci05,ci95,larghezza_relativa,dentro,pit,roi_vero,roi_stimato,rho_spearman,trattato,dose_pct,riduzione_effettiva_pct,spesa_vs_base_pct,spesa_ridistribuita_eur,spesa_tolta_eur
N1_k01_m0042,42,Altre job board,139863.12,380685.3,285257.8,49784.8,1229030.3,4.134,1,0.608875,2.7218,2.0395,-0.25,,,,,,
N1_k01_m0042,42,Google Ads,1271280.34,1903428.8,5238780.0,3336613.1,7649522.3,0.8233,0,0.001,1.4973,4.1209,-0.25,,,,,,
N1_k01_m0042,42,Indeed,550109.09,1384311.6,1138008.2,302733.2,2519858.9,1.9483,1,0.639875,2.5164,2.0687,-0.25,,,,,,
N1_k01_m0042,42,Jooble,68577.96,173039.1,370155.6,37496.8,1200482.0,3.1419,1,0.289,2.5232,5.3976,-0.25,,,,,,
N1_k01_m0042,42,LinkedIn Ads,511507.45,449901.7,941317.1,201858.6,2865901.6,2.8301,1,0.21,0.8796,1.8403,-0.25,,,,,,
N1_k01_m0042,42,Meta Ads,958416.12,1557350.9,2855785.0,1246487.0,4850642.7,1.2621,1,0.094625,1.6249,2.9797,-0.25,,,,,,
N1_k01_m0042,42,Subito Lavoro,168043.16,484509.2,217659.8,49731.6,843282.5,3.6458,1,0.82775,2.8832,1.2953,-0.25,,,,,,
N1_k01_m0101,101,Altre job board,157392.42,380684.3,247907.3,52521.6,945128.9,3.6006,1,0.68075,2.4187,1.5751,0.3929,,,,,,
N1_k01_m0101,101,Google Ads,1265171.05,1903415.1,5619342.0,3536929.1,8706695.5,0.92,0,0.000625,1.5045,4.4416,0.3929,,,,,,
N1_k01_m0101,101,Indeed,503935.55,1384302.0,2364462.8,1047123.9,3916773.4,1.2137,1,0.114375,2.747,4.692,0.3929,,,,,,
N1_k01_m0101,101,Jooble,63513.27,173037.4,81423.3,17882.3,352561.4,4.1104,1,0.8025,2.7244,1.282,0.3929,,,,,,
N1_k01_m0101,101,LinkedIn Ads,538884.36,449898.9,558878.4,140626.0,1735563.4,2.8538,1,0.397625,0.8349,1.0371,0.3929,,,,,,
N1_k01_m0101,101,Meta Ads,923956.34,1557338.9,1203989.2,344170.1,2857995.6,2.0879,1,0.660375,1.6855,1.3031,0.3929,,,,,,
N1_k01_m0101,101,Subito Lavoro,189671.18,484506.0,266626.6,58446.6,974411.5,3.4354,1,0.7525,2.5545,1.4057,0.3929,,,,,,
N1_k01_m0102,102,Altre job board,147857.51,380682.0,285334.8,52494.3,974497.6,3.2313,1,0.629,2.5747,1.9298,0.4286,,,,,,
N1_k01_m0102,102,Google Ads,1191144.87,1903408.4,5806451.0,2792654.5,8623275.2,1.0042,0,0.013375,1.598,4.8747,0.4286,,,,,,
N1_k01_m0102,102,Indeed,498244.36,1384297.4,1333545.8,343359.2,2965098.0,1.966,1,0.5245,2.7784,2.6765,0.4286,,,,,,
N1_k01_m0102,102,Jooble,68620.38,173037.4,129867.6,22148.8,707714.0,5.279,1,0.609875,2.5217,1.8926,0.4286,,,,,,
N1_k01_m0102,102,LinkedIn Ads,556425.12,449897.5,770954.2,172685.3,2398046.8,2.8865,1,0.268875,0.8085,1.3855,0.4286,,,,,,
N1_k01_m0102,102,Meta Ads,895220.83,1557336.0,1632636.2,407843.7,3946920.5,2.1677,1,0.478125,1.7396,1.8237,0.4286,,,,,,
N1_k01_m0102,102,Subito Lavoro,172814.27,484504.6,358990.2,71548.5,1265100.3,3.3247,1,0.6245,2.8036,2.0773,0.4286,,,,,,
N1_k01_m0103,103,Altre job board,156301.4,380683.7,231159.5,49869.7,882038.9,3.6,1,0.70825,2.4356,1.4789,-0.2143,,,,,,
N1_k01_m0103,103,Google Ads,1395474.84,1903418.3,4611525.5,2612871.4,7125291.3,0.9785,0,0.00975,1.364,3.3046,-0.2143,,,,,,
N1_k01_m0103,103,Indeed,528671.37,1384304.4,2136981.0,882784.9,3759239.1,1.346,1,0.16225,2.6185,4.0422,-0.2143,,,,,,
N1_k01_m0103,103,Jooble,71134.78,173037.8,118827.4,22366.2,630648.0,5.119,1,0.6435,2.4325,1.6705,-0.2143,,,,,,
N1_k01_m0103,103,LinkedIn Ads,523046.19,449898.8,1575892.1,297866.4,3821598.7,2.236,1,0.101375,0.8602,3.0129,-0.2143,,,,,,
N1_k01_m0103,103,Meta Ads,939063.86,1557342.6,2696174.5,1267950.6,4483734.5,1.1927,1,0.101875,1.6584,2.8711,-0.2143,,,,,,
N1_k01_m0103,103,Subito Lavoro,190734.91,484506.5,255663.0,58574.2,877150.8,3.2018,1,0.7855,2.5402,1.3404,-0.2143,,,,,,
N1_k01_m0104,104,Altre job board,160884.95,380685.8,291617.1,55080.4,1812401.2,6.0261,1,0.597125,2.3662,1.8126,0.1786,,,,,,
N1_k01_m0104,104,Google Ads,1318857.66,1903428.8,4426525.0,2732254.2,6533231.9,0.8587,0,0.006,1.4432,3.3563,0.1786,,,,,,
N1_k01_m0104,104,Indeed,508852.43,1384312.5,2875154.0,1265104.2,5281303.9,1.3969,1,0.07175,2.7205,5.6503,0.1786,,,,,,
N1_k01_m0104,104,Jooble,66096.81,173039.3,93398.2,19389.1,434918.8,4.449,1,0.742,2.618,1.4131,0.1786,,,,,,
N1_k01_m0104,104,LinkedIn Ads,519769.52,449900.5,759505.3,163131.6,2470398.3,3.0379,1,0.28025,0.8656,1.4612,0.1786,,,,,,
N1_k01_m0104,104,Meta Ads,910259.59,1557351.1,3306970.5,1149021.8,6136824.6,1.5083,1,0.110625,1.7109,3.633,0.1786,,,,,,
N1_k01_m0104,104,Subito Lavoro,172799.31,484509.2,451887.4,75809.9,1556955.3,3.2777,1,0.526125,2.8039,2.6151,0.1786,,,,,,
N1_k01_m0105,105,Altre job board,144989.02,380685.9,435884.5,67660.8,1492847.1,3.2696,1,0.447625,2.6256,3.0063,0.1429,,,,,,
N1_k01_m0105,105,Google Ads,1319335.84,1903429.0,6286346.0,4256165.7,8686735.4,0.7048,0,0.0,1.4427,4.7648,0.1429,,,,,,
N1_k01_m0105,105,Indeed,513873.31,1384312.4,2055003.0,539886.7,4390110.5,1.8736,1,0.274875,2.6939,3.999,0.1429,,,,,,
N1_k01_m0105,105,Jooble,65587.08,173039.0,111129.0,22018.2,532173.5,4.5907,1,0.669625,2.6383,1.6944,0.1429,,,,,,
N1_k01_m0105,105,LinkedIn Ads,562505.23,449901.4,562346.2,141017.6,1775450.2,2.9065,1,0.392,0.7998,0.9997,0.1429,,,,,,
N1_k01_m0105,105,Meta Ads,948445.67,1557352.6,1666824.0,561669.5,3293398.1,1.6389,1,0.439875,1.642,1.7574,0.1429,,,,,,
N1_k01_m0105,105,Subito Lavoro,181568.23,484509.7,236791.7,52788.4,868885.0,3.4465,1,0.806875,2.6685,1.3041,0.1429,,,,,,
N1_k01_m0106,106,Altre job board,158486.52,380684.9,272707.5,56447.6,1161673.6,4.0528,1,0.633125,2.402,1.7207,-0.1429,,,,,,
N1_k01_m0106,106,Google Ads,1333168.7,1903420.6,5097725.0,2839269.7,8685357.8,1.1468,0,0.007375,1.4277,3.8238,-0.1429,,,,,,
N1_k01_m0106,106,Indeed,515286.76,1384304.7,2356434.2,914817.2,4150460.3,1.3731,1,0.137,2.6865,4.5731,-0.1429,,,,,,
N1_k01_m0106,106,Jooble,71543.44,173038.2,87717.3,19762.3,361633.2,3.8974,1,0.78725,2.4186,1.2261,-0.1429,,,,,,
N1_k01_m0106,106,LinkedIn Ads,525709.38,449899.7,798594.8,173427.2,2611477.5,3.0529,1,0.257875,0.8558,1.5191,-0.1429,,,,,,
N1_k01_m0106,106,Meta Ads,971272.62,1557343.7,1531194.2,402269.0,4072470.5,2.397,1,0.51,1.6034,1.5765,-0.1429,,,,,,
N1_k01_m0106,106,Subito Lavoro,178188.58,484507.5,228466.5,53323.5,847824.4,3.4775,1,0.81875,2.7191,1.2822,-0.1429,,,,,,
N1_k01_m0107,107,Altre job board,154300.37,380682.2,291403.4,57021.3,1258029.8,4.1215,1,0.604875,2.4672,1.8885,-0.2857,,,,,,
N1_k01_m0107,107,Google Ads,1314090.92,1903417.4,2609649.5,1087930.2,4763221.8,1.4083,1,0.24175,1.4485,1.9859,-0.2857,,,,,,
N1_k01_m0107,107,Indeed,541627.7,1384303.2,1438631.6,457013.4,3103380.5,1.8395,1,0.46925,2.5558,2.6561,-0.2857,,,,,,
N1_k01_m0107,107,Jooble,67316.82,173037.9,173574.8,27370.7,863753.1,4.8186,1,0.49925,2.5705,2.5785,-0.2857,,,,,,
N1_k01_m0107,107,LinkedIn Ads,549036.17,449898.4,2454681.5,731016.6,4891329.0,1.6948,0,0.019,0.8194,4.4709,-0.2857,,,,,,
N1_k01_m0107,107,Meta Ads,967191.73,1557341.6,1363468.5,353360.5,3937551.1,2.6287,1,0.568875,1.6102,1.4097,-0.2857,,,,,,
N1_k01_m0107,107,Subito Lavoro,188629.06,484506.3,211300.0,51365.9,799478.2,3.5405,1,0.835625,2.5686,1.1202,-0.2857,,,,,,
