settimana,regione,candidature_organiche_vere,candidature_organiche_osservate
2024-01-01,Abruzzo,115.4,129
2024-01-01,Basilicata,51.1,67
2024-01-01,Calabria,146.6,154
2024-01-01,Campania,428.0,316
2024-01-01,Emilia-Romagna,318.8,327
2024-01-01,Friuli-Venezia Giulia,92.7,95
2024-01-01,Lazio,675.5,601
2024-01-01,Liguria,129.2,93
2024-01-01,Lombardia,895.6,883
2024-01-01,Marche,167.9,114
2024-01-01,Molise,19.6,19
2024-01-01,Piemonte,338.3,337
2024-01-01,Puglia,303.4,494
2024-01-01,Sardegna,150.9,188
2024-01-01,Sicilia,337.1,403
2024-01-01,Toscana,268.7,297
2024-01-01,Trentino-Alto Adige,103.2,99
2024-01-01,Umbria,74.5,70
2024-01-01,Valle d'Aosta,5.7,5
2024-01-01,Veneto,404.9,477
2024-01-08,Abruzzo,151.1,200
2024-01-08,Basilicata,63.8,60
2024-01-08,Calabria,171.0,168
2024-01-08,Campania,519.8,601
2024-01-08,Emilia-Romagna,361.4,484
2024-01-08,Friuli-Venezia Giulia,123.5,168
2024-01-08,Lazio,825.3,1282
2024-01-08,Liguria,194.6,225
2024-01-08,Lombardia,1000.4,1171
2024-01-08,Marche,202.2,261
2024-01-08,Molise,20.2,18
2024-01-08,Piemonte,371.0,439
2024-01-08,Puglia,364.9,376
2024-01-08,Sardegna,168.1,203
2024-01-08,Sicilia,380.6,379
2024-01-08,Toscana,271.3,276
2024-01-08,Trentino-Alto Adige,104.0,92
2024-01-08,Umbria,86.8,111
2024-01-08,Valle d'Aosta,11.8,14
2024-01-08,Veneto,479.4,554
2024-01-15,Abruzzo,140.6,121
2024-01-15,Basilicata,68.2,69
2024-01-15,Calabria,181.3,234
2024-01-15,Campania,549.6,761
2024-01-15,Emilia-Romagna,391.7,472
2024-01-15,Friuli-Venezia Giulia,124.6,115
2024-01-15,Lazio,876.5,1047
2024-01-15,Liguria,191.0,237
2024-01-15,Lombardia,1134.5,1029
2024-01-15,Marche,207.1,205
2024-01-15,Molise,36.1,41
2024-01-15,Piemonte,419.7,538
2024-01-15,Puglia,366.2,378
2024-01-15,Sardegna,187.9,139
2024-01-15,Sicilia,403.4,384
2024-01-15,Toscana,328.4,397
2024-01-15,Trentino-Alto Adige,112.2,108
2024-01-15,Umbria,81.2,75
2024-01-15,Valle d'Aosta,11.2,10
2024-01-15,Veneto,507.0,466
2024-01-22,Abruzzo,122.4,116
2024-01-22,Basilicata,60.5,66
2024-01-22,Calabria,158.7,120
2024-01-22,Campania,566.2,428
2024-01-22,Emilia-Romagna,390.0,289
2024-01-22,Friuli-Venezia Giulia,109.2,117
2024-01-22,Lazio,836.7,834
2024-01-22,Liguria,192.0,162
2024-01-22,Lombardia,1038.9,1310
2024-01-22,Marche,211.3,265
2024-01-22,Molise,30.4,36
2024-01-22,Piemonte,389.5,406
2024-01-22,Puglia,376.9,270
2024-01-22,Sardegna,176.6,211
2024-01-22,Sicilia,425.2,498
2024-01-22,Toscana,334.4,309
2024-01-22,Trentino-Alto Adige,114.3,94
2024-01-22,Umbria,90.5,109
2024-01-22,Valle d'Aosta,9.3,9
2024-01-22,Veneto,487.9,704
2024-01-29,Abruzzo,146.5,120
2024-01-29,Basilicata,85.1,81
2024-01-29,Calabria,175.7,170
2024-01-29,Campania,547.0,529
2024-01-29,Emilia-Romagna,391.1,374
2024-01-29,Friuli-Venezia Giulia,125.3,119
2024-01-29,Lazio,848.3,747
2024-01-29,Liguria,169.2,96
2024-01-29,Lombardia,1115.1,1138
2024-01-29,Marche,208.7,227
2024-01-29,Molise,31.4,34
2024-01-29,Piemonte,392.3,324
2024-01-29,Puglia,390.2,455
2024-01-29,Sardegna,172.2,263
2024-01-29,Sicilia,445.1,584
2024-01-29,Toscana,345.5,275
2024-01-29,Trentino-Alto Adige,102.6,96
2024-01-29,Umbria,69.3,61
2024-01-29,Valle d'Aosta,5.9,7
2024-01-29,Veneto,496.9,503
2024-02-05,Abruzzo,144.0,145
2024-02-05,Basilicata,74.6,99
2024-02-05,Calabria,196.8,238
2024-02-05,Campania,580.5,577
2024-02-05,Emilia-Romagna,378.9,503
2024-02-05,Friuli-Venezia Giulia,88.4,72
2024-02-05,Lazio,830.7,1049
2024-02-05,Liguria,184.8,149
2024-02-05,Lombardia,1093.6,1571
2024-02-05,Marche,180.1,201
2024-02-05,Molise,29.4,28
2024-02-05,Piemonte,401.5,387
2024-02-05,Puglia,369.5,319
2024-02-05,Sardegna,197.6,186
2024-02-05,Sicilia,414.6,449
2024-02-05,Toscana,312.9,292
2024-02-05,Trentino-Alto Adige,97.0,113
2024-02-05,Umbria,77.0,77
2024-02-05,Valle d'Aosta,9.5,8
2024-02-05,Veneto,510.8,548
2024-02-12,Abruzzo,132.9,115
2024-02-12,Basilicata,65.6,57
2024-02-12,Calabria,190.6,135
2024-02-12,Campania,532.3,581
2024-02-12,Emilia-Romagna,393.4,269
2024-02-12,Friuli-Venezia Giulia,103.7,153
2024-02-12,Lazio,847.9,832
2024-02-12,Liguria,190.6,226
2024-02-12,Lombardia,1116.1,1502
2024-02-12,Marche,204.9,191
2024-02-12,Molise,23.4,25
2024-02-12,Piemonte,386.7,289
2024-02-12,Puglia,394.3,385
2024-02-12,Sardegna,168.9,239
2024-02-12,Sicilia,408.4,372
2024-02-12,Toscana,342.4,323
2024-02-12,Trentino-Alto Adige,122.6,139
2024-02-12,Umbria,73.2,54
2024-02-12,Valle d'Aosta,6.3,6
2024-02-12,Veneto,503.4,498
2024-02-19,Abruzzo,122.7,167
2024-02-19,Basilicata,71.9,74
2024-02-19,Calabria,181.7,259
2024-02-19,Campania,555.4,530
2024-02-19,Emilia-Romagna,383.6,443
2024-02-19,Friuli-Venezia Giulia,107.5,106
2024-02-19,Lazio,852.1,1048
2024-02-19,Liguria,207.6,191
2024-02-19,Lombardia,1095.9,849
2024-02-19,Marche,210.2,225
2024-02-19,Molise,26.5,23
2024-02-19,Piemonte,394.9,352
2024-02-19,Puglia,387.8,442
2024-02-19,Sardegna,182.3,142
2024-02-19,Sicilia,408.7,311
2024-02-19,Toscana,329.2,292
2024-02-19,Trentino-Alto Adige,122.1,156
2024-02-19,Umbria,86.8,73
2024-02-19,Valle d'Aosta,8.0,13
2024-02-19,Veneto,518.6,514
2024-02-26,Abruzzo,147.3,115
2024-02-26,Basilicata,62.5,52
2024-02-26,Calabria,182.7,176
2024-02-26,Campania,544.6,545
2024-02-26,Emilia-Romagna,390.8,373
2024-02-26,Friuli-Venezia Giulia,111.7,77
2024-02-26,Lazio,849.9,1150
2024-02-26,Liguria,160.3,153
2024-02-26,Lombardia,1057.5,966
2024-02-26,Marche,219.7,328
2024-02-26,Molise,22.7,26
2024-02-26,Piemonte,406.0,350
2024-02-26,Puglia,394.0,476
2024-02-26,Sardegna,185.0,222
2024-02-26,Sicilia,395.9,395
2024-02-26,Toscana,345.9,345
2024-02-26,Trentino-Alto Adige,128.6,151
2024-02-26,Umbria,85.2,74
2024-02-26,Valle d'Aosta,6.8,9
2024-02-26,Veneto,471.3,529
2024-03-04,Abruzzo,126.6,113
2024-03-04,Basilicata,75.3,91
2024-03-04,Calabria,183.0,209
2024-03-04,Campania,534.1,651
2024-03-04,Emilia-Romagna,394.4,218
2024-03-04,Friuli-Venezia Giulia,117.7,145
2024-03-04,Lazio,854.4,1114
2024-03-04,Liguria,189.5,193
2024-03-04,Lombardia,1054.2,1696
2024-03-04,Marche,209.1,158
2024-03-04,Molise,29.9,20
2024-03-04,Piemonte,382.0,316
2024-03-04,Puglia,361.2,334
2024-03-04,Sardegna,177.5,216
2024-03-04,Sicilia,390.2,536
2024-03-04,Toscana,347.7,297
2024-03-04,Trentino-Alto Adige,102.1,153
2024-03-04,Umbria,74.4,67
2024-03-04,Valle d'Aosta,7.1,9
2024-03-04,Veneto,478.6,680
2024-03-11,Abruzzo,135.1,120
2024-03-11,Basilicata,65.8,54
2024-03-11,Calabria,163.6,140
2024-03-11,Campania,532.3,506
2024-03-11,Emilia-Romagna,399.9,346
2024-03-11,Friuli-Venezia Giulia,97.2,102
2024-03-11,Lazio,838.2,618
2024-03-11,Liguria,192.3,304
2024-03-11,Lombardia,1053.1,839
2024-03-11,Marche,195.8,171
2024-03-11,Molise,29.0,29
2024-03-11,Piemonte,375.3,396
2024-03-11,Puglia,402.3,486
2024-03-11,Sardegna,201.5,145
2024-03-11,Sicilia,446.1,575
2024-03-11,Toscana,313.8,329
2024-03-11,Trentino-Alto Adige,118.5,166
2024-03-11,Umbria,79.4,65
2024-03-11,Valle d'Aosta,11.4,11
2024-03-11,Veneto,493.3,542
2024-03-18,Abruzzo,138.9,265
2024-03-18,Basilicata,61.9,67
2024-03-18,Calabria,189.4,295
2024-03-18,Campania,531.7,530
2024-03-18,Emilia-Romagna,380.7,541
2024-03-18,Friuli-Venezia Giulia,107.3,107
2024-03-18,Lazio,824.6,700
2024-03-18,Liguria,190.9,173
2024-03-18,Lombardia,1070.1,1062
2024-03-18,Marche,198.7,168
2024-03-18,Molise,26.1,29
2024-03-18,Piemonte,402.9,355
2024-03-18,Puglia,361.5,305
2024-03-18,Sardegna,172.9,182
2024-03-18,Sicilia,428.8,410
2024-03-18,Toscana,340.9,302
2024-03-18,Trentino-Alto Adige,96.0,96
2024-03-18,Umbria,93.8,89
2024-03-18,Valle d'Aosta,7.2,7
2024-03-18,Veneto,487.4,640
2024-03-25,Abruzzo,144.3,193
2024-03-25,Basilicata,65.6,62
2024-03-25,Calabria,180.4,188
2024-03-25,Campania,548.2,451
2024-03-25,Emilia-Romagna,379.1,439
2024-03-25,Friuli-Venezia Giulia,119.3,95
2024-03-25,Lazio,867.7,760
2024-03-25,Liguria,189.6,180
2024-03-25,Lombardia,1076.5,839
2024-03-25,Marche,213.2,221
2024-03-25,Molise,25.8,25
2024-03-25,Piemonte,422.0,352
2024-03-25,Puglia,405.4,471
2024-03-25,Sardegna,182.5,194
2024-03-25,Sicilia,434.1,456
2024-03-25,Toscana,331.6,346
2024-03-25,Trentino-Alto Adige,117.2,86
2024-03-25,Umbria,89.0,117
2024-03-25,Valle d'Aosta,9.7,6
2024-03-25,Veneto,483.9,595
2024-04-01,Abruzzo,136.4,156
2024-04-01,Basilicata,66.8,71
2024-04-01,Calabria,183.6,158
2024-04-01,Campania,538.9,552
2024-04-01,Emilia-Romagna,391.1,391
2024-04-01,Friuli-Venezia Giulia,116.7,166
2024-04-01,Lazio,860.3,1248
2024-04-01,Liguria,204.6,216
2024-04-01,Lombardia,1065.5,795
2024-04-01,Marche,202.1,243
2024-04-01,Molise,27.9,42
2024-04-01,Piemonte,394.5,499
2024-04-01,Puglia,397.6,484
2024-04-01,Sardegna,178.2,170
2024-04-01,Sicilia,434.6,382
2024-04-01,Toscana,302.0,294
2024-04-01,Trentino-Alto Adige,119.4,120
2024-04-01,Umbria,95.0,98
2024-04-01,Valle d'Aosta,3.5,3
2024-04-01,Veneto,518.3,411
2024-04-08,Abruzzo,132.8,136
2024-04-08,Basilicata,57.5,46
2024-04-08,Calabria,182.4,156
2024-04-08,Campania,556.1,547
2024-04-08,Emilia-Romagna,403.3,560
2024-04-08,Friuli-Venezia Giulia,115.7,139
2024-04-08,Lazio,825.6,913
2024-04-08,Liguria,202.4,258
2024-04-08,Lombardia,1064.3,993
2024-04-08,Marche,219.9,245
2024-04-08,Molise,28.3,37
2024-04-08,Piemonte,411.4,449
2024-04-08,Puglia,377.8,303
2024-04-08,Sardegna,178.9,218
2024-04-08,Sicilia,395.1,378
2024-04-08,Toscana,343.9,359
2024-04-08,Trentino-Alto Adige,112.7,87
2024-04-08,Umbria,92.2,122
2024-04-08,Valle d'Aosta,10.6,10
2024-04-08,Veneto,504.8,483
2024-04-15,Abruzzo,148.3,110
2024-04-15,Basilicata,81.6,79
2024-04-15,Calabria,204.1,188
2024-04-15,Campania,569.1,498
2024-04-15,Emilia-Romagna,375.2,541
2024-04-15,Friuli-Venezia Giulia,123.4,164
2024-04-15,Lazio,859.3,721
2024-04-15,Liguria,196.7,273
2024-04-15,Lombardia,1053.1,923
2024-04-15,Marche,213.2,156
2024-04-15,Molise,28.9,25
2024-04-15,Piemonte,412.9,487
2024-04-15,Puglia,398.9,456
2024-04-15,Sardegna,165.9,133
2024-04-15,Sicilia,440.5,413
2024-04-15,Toscana,353.9,405
2024-04-15,Trentino-Alto Adige,117.8,85
2024-04-15,Umbria,88.7,88
2024-04-15,Valle d'Aosta,9.4,9
2024-04-15,Veneto,504.8,539
2024-04-22,Abruzzo,153.7,173
2024-04-22,Basilicata,68.1,65
2024-04-22,Calabria,187.2,162
2024-04-22,Campania,533.2,695
2024-04-22,Emilia-Romagna,402.5,250
2024-04-22,Friuli-Venezia Giulia,122.0,127
2024-04-22,Lazio,888.8,1053
2024-04-22,Liguria,198.6,253
2024-04-22,Lombardia,1115.6,1157
2024-04-22,Marche,216.5,319
2024-04-22,Molise,30.8,23
2024-04-22,Piemonte,410.4,557
2024-04-22,Puglia,410.6,387
2024-04-22,Sardegna,207.2,287
2024-04-22,Sicilia,444.6,381
2024-04-22,Toscana,323.0,262
2024-04-22,Trentino-Alto Adige,121.2,114
2024-04-22,Umbria,97.3,120
2024-04-22,Valle d'Aosta,11.6,9
2024-04-22,Veneto,508.9,480
2024-04-29,Abruzzo,143.9,132
2024-04-29,Basilicata,81.6,117
2024-04-29,Calabria,180.5,133
2024-04-29,Campania,576.3,505
2024-04-29,Emilia-Romagna,402.6,355
2024-04-29,Friuli-Venezia Giulia,118.7,144
2024-04-29,Lazio,901.7,925
2024-04-29,Liguria,219.2,239
2024-04-29,Lombardia,1075.2,1088
2024-04-29,Marche,205.0,210
2024-04-29,Molise,26.3,32
2024-04-29,Piemonte,422.6,355
2024-04-29,Puglia,402.1,407
2024-04-29,Sardegna,183.5,221
2024-04-29,Sicilia,454.0,382
2024-04-29,Toscana,352.7,271
2024-04-29,Trentino-Alto Adige,129.0,160
2024-04-29,Umbria,91.9,69
2024-04-29,Valle d'Aosta,9.3,11
2024-04-29,Veneto,517.7,525
2024-05-06,Abruzzo,147.3,98
2024-05-06,Basilicata,80.8,96
2024-05-06,Calabria,183.4,241
2024-05-06,Campania,576.1,672
2024-05-06,Emilia-Romagna,426.2,357
2024-05-06,Friuli-Venezia Giulia,138.7,100
2024-05-06,Lazio,902.7,643
2024-05-06,Liguria,220.3,213
2024-05-06,Lombardia,1102.4,1209
2024-05-06,Marche,210.3,245
2024-05-06,Molise,24.9,22
2024-05-06,Piemonte,405.1,541
2024-05-06,Puglia,404.5,326
2024-05-06,Sardegna,198.4,268
2024-05-06,Sicilia,482.5,342
2024-05-06,Toscana,385.1,475
2024-05-06,Trentino-Alto Adige,120.7,106
2024-05-06,Umbria,82.3,86
2024-05-06,Valle d'Aosta,10.8,13
2024-05-06,Veneto,539.0,604
2024-05-13,Abruzzo,164.1,133
2024-05-13,Basilicata,77.8,65
2024-05-13,Calabria,189.2,217
2024-05-13,Campania,570.2,452
2024-05-13,Emilia-Romagna,450.2,416
2024-05-13,Friuli-Venezia Giulia,119.6,167
2024-05-13,Lazio,932.7,977
2024-05-13,Liguria,189.8,216
2024-05-13,Lombardia,1140.0,1320
2024-05-13,Marche,218.8,226
2024-05-13,Molise,23.9,22
2024-05-13,Piemonte,423.6,435
2024-05-13,Puglia,434.0,479
2024-05-13,Sardegna,221.5,194
2024-05-13,Sicilia,456.8,433
2024-05-13,Toscana,351.5,355
2024-05-13,Trentino-Alto Adige,132.2,136
2024-05-13,Umbria,102.2,73
2024-05-13,Valle d'Aosta,4.0,4
2024-05-13,Veneto,520.8,544
2024-05-20,Abruzzo,159.4,173
2024-05-20,Basilicata,82.7,74
2024-05-20,Calabria,224.5,232
2024-05-20,Campania,620.5,708
2024-05-20,Emilia-Romagna,409.9,534
2024-05-20,Friuli-Venezia Giulia,111.1,140
2024-05-20,Lazio,945.3,943
2024-05-20,Liguria,198.2,168
2024-05-20,Lombardia,1150.4,1476
2024-05-20,Marche,240.9,217
2024-05-20,Molise,37.8,35
2024-05-20,Piemonte,439.0,506
2024-05-20,Puglia,475.9,474
2024-05-20,Sardegna,218.3,217
2024-05-20,Sicilia,494.8,566
2024-05-20,Toscana,376.3,456
2024-05-20,Trentino-Alto Adige,147.1,122
2024-05-20,Umbria,89.6,93
2024-05-20,Valle d'Aosta,11.6,10
2024-05-20,Veneto,563.8,545
2024-05-27,Abruzzo,171.9,248
2024-05-27,Basilicata,78.0,81
2024-05-27,Calabria,232.6,247
2024-05-27,Campania,621.3,448
2024-05-27,Emilia-Romagna,475.5,615
2024-05-27,Friuli-Venezia Giulia,129.4,102
2024-05-27,Lazio,939.6,1492
2024-05-27,Liguria,214.2,216
2024-05-27,Lombardia,1182.2,1299
2024-05-27,Marche,235.1,281
2024-05-27,Molise,24.0,24
2024-05-27,Piemonte,424.5,380
2024-05-27,Puglia,486.9,533
2024-05-27,Sardegna,202.5,191
2024-05-27,Sicilia,518.3,436
2024-05-27,Toscana,415.5,411
2024-05-27,Trentino-Alto Adige,132.0,157
2024-05-27,Umbria,90.5,98
2024-05-27,Valle d'Aosta,8.7,11
2024-05-27,Veneto,567.1,627
2024-06-03,Abruzzo,165.8,181
2024-06-03,Basilicata,87.4,77
2024-06-03,Calabria,220.1,246
2024-06-03,Campania,645.5,799
2024-06-03,Emilia-Romagna,473.2,569
2024-06-03,Friuli-Venezia Giulia,122.0,105
2024-06-03,Lazio,985.8,1013
2024-06-03,Liguria,219.0,206
2024-06-03,Lombardia,1136.2,1218
2024-06-03,Marche,234.1,267
2024-06-03,Molise,32.5,33
2024-06-03,Piemonte,457.8,594
2024-06-03,Puglia,486.8,447
2024-06-03,Sardegna,235.5,237
2024-06-03,Sicilia,518.8,530
2024-06-03,Toscana,363.9,446
2024-06-03,Trentino-Alto Adige,145.6,196
2024-06-03,Umbria,112.7,121
2024-06-03,Valle d'Aosta,11.8,11
2024-06-03,Veneto,579.2,391
2024-06-10,Abruzzo,168.3,222
2024-06-10,Basilicata,81.6,61
2024-06-10,Calabria,234.1,241
2024-06-10,Campania,701.8,738
2024-06-10,Emilia-Romagna,496.9,582
2024-06-10,Friuli-Venezia Giulia,127.1,112
2024-06-10,Lazio,999.6,810
2024-06-10,Liguria,246.7,241
2024-06-10,Lombardia,1179.5,1506
2024-06-10,Marche,241.1,227
2024-06-10,Molise,27.5,36
2024-06-10,Piemonte,427.4,553
2024-06-10,Puglia,476.9,396
2024-06-10,Sardegna,237.8,204
2024-06-10,Sicilia,533.7,515
2024-06-10,Toscana,418.1,451
2024-06-10,Trentino-Alto Adige,157.6,173
2024-06-10,Umbria,108.1,120
2024-06-10,Valle d'Aosta,6.5,6
2024-06-10,Veneto,568.5,592
2024-06-17,Abruzzo,155.9,119
2024-06-17,Basilicata,86.7,116
2024-06-17,Calabria,244.2,243
2024-06-17,Campania,710.3,675
2024-06-17,Emilia-Romagna,466.4,439
2024-06-17,Friuli-Venezia Giulia,149.4,127
2024-06-17,Lazio,994.5,1365
2024-06-17,Liguria,243.5,275
2024-06-17,Lombardia,1171.5,1503
2024-06-17,Marche,242.3,245
2024-06-17,Molise,33.7,39
2024-06-17,Piemonte,416.0,330
2024-06-17,Puglia,518.9,463
2024-06-17,Sardegna,229.3,219
2024-06-17,Sicilia,561.8,491
2024-06-17,Toscana,399.1,353
2024-06-17,Trentino-Alto Adige,143.0,143
2024-06-17,Umbria,102.8,107
2024-06-17,Valle d'Aosta,8.7,8
2024-06-17,Veneto,603.1,521
2024-06-24,Abruzzo,156.0,177
2024-06-24,Basilicata,78.6,54
2024-06-24,Calabria,234.6,216
2024-06-24,Campania,670.0,893
2024-06-24,Emilia-Romagna,526.7,425
2024-06-24,Friuli-Venezia Giulia,129.9,198
2024-06-24,Lazio,1037.3,977
2024-06-24,Liguria,249.9,341
2024-06-24,Lombardia,1207.8,1152
2024-06-24,Marche,253.2,198
2024-06-24,Molise,29.3,34
2024-06-24,Piemonte,444.4,540
2024-06-24,Puglia,541.6,561
2024-06-24,Sardegna,247.4,325
2024-06-24,Sicilia,592.8,770
2024-06-24,Toscana,418.6,403
2024-06-24,Trentino-Alto Adige,160.4,198
2024-06-24,Umbria,97.1,115
2024-06-24,Valle d'Aosta,11.7,14
2024-06-24,Veneto,617.3,680
2024-07-01,Abruzzo,173.9,177
2024-07-01,Basilicata,75.3,69
2024-07-01,Calabria,249.6,300
2024-07-01,Campania,676.0,800
2024-07-01,Emilia-Romagna,484.4,654
2024-07-01,Friuli-Venezia Giulia,132.8,131
2024-07-01,Lazio,1012.4,1289
2024-07-01,Liguria,236.3,219
2024-07-01,Lombardia,1168.9,1034
2024-07-01,Marche,248.0,192
2024-07-01,Molise,38.1,44
2024-07-01,Piemonte,443.6,561
2024-07-01,Puglia,524.9,443
2024-07-01,Sardegna,240.9,208
2024-07-01,Sicilia,564.3,471
2024-07-01,Toscana,421.1,442
2024-07-01,Trentino-Alto Adige,146.8,103
2024-07-01,Umbria,110.9,140
2024-07-01,Valle d'Aosta,10.2,8
2024-07-01,Veneto,607.3,561
2024-07-08,Abruzzo,157.2,128
2024-07-08,Basilicata,86.6,92
2024-07-08,Calabria,252.8,311
2024-07-08,Campania,683.5,833
2024-07-08,Emilia-Romagna,514.8,554
2024-07-08,Friuli-Venezia Giulia,141.7,161
2024-07-08,Lazio,1005.5,1079
2024-07-08,Liguria,244.5,278
2024-07-08,Lombardia,1184.8,1383
2024-07-08,Marche,253.9,193
2024-07-08,Molise,35.9,42
2024-07-08,Piemonte,416.6,365
2024-07-08,Puglia,518.9,536
2024-07-08,Sardegna,250.0,286
2024-07-08,Sicilia,543.7,514
2024-07-08,Toscana,392.4,448
2024-07-08,Trentino-Alto Adige,141.6,144
2024-07-08,Umbria,102.0,78
2024-07-08,Valle d'Aosta,8.5,8
2024-07-08,Veneto,574.0,553
2024-07-15,Abruzzo,155.6,141
2024-07-15,Basilicata,83.7,96
2024-07-15,Calabria,232.9,193
2024-07-15,Campania,697.3,607
2024-07-15,Emilia-Romagna,480.9,509
2024-07-15,Friuli-Venezia Giulia,130.1,150
2024-07-15,Lazio,985.3,1270
2024-07-15,Liguria,221.0,202
2024-07-15,Lombardia,1083.7,730
2024-07-15,Marche,246.5,328
2024-07-15,Molise,34.4,33
2024-07-15,Piemonte,413.3,525
2024-07-15,Puglia,494.7,604
2024-07-15,Sardegna,249.3,214
2024-07-15,Sicilia,569.7,486
2024-07-15,Toscana,415.1,397
2024-07-15,Trentino-Alto Adige,158.4,140
2024-07-15,Umbria,96.3,140
2024-07-15,Valle d'Aosta,10.0,9
2024-07-15,Veneto,586.1,862
2024-07-22,Abruzzo,145.9,127
2024-07-22,Basilicata,68.9,50
2024-07-22,Calabria,219.1,159
2024-07-22,Campania,639.9,579
2024-07-22,Emilia-Romagna,457.2,327
2024-07-22,Friuli-Venezia Giulia,126.7,88
2024-07-22,Lazio,904.9,696
2024-07-22,Liguria,223.8,285
2024-07-22,Lombardia,1029.9,927
2024-07-22,Marche,238.7,275
2024-07-22,Molise,26.4,20
2024-07-22,Piemonte,397.6,490
2024-07-22,Puglia,464.6,395
2024-07-22,Sardegna,234.7,222
2024-07-22,Sicilia,546.3,555
2024-07-22,Toscana,385.8,386
2024-07-22,Trentino-Alto Adige,144.1,149
2024-07-22,Umbria,78.3,92
2024-07-22,Valle d'Aosta,11.8,10
2024-07-22,Veneto,541.8,466
2024-07-29,Abruzzo,148.5,150
2024-07-29,Basilicata,73.0,71
2024-07-29,Calabria,218.9,171
2024-07-29,Campania,583.3,819
2024-07-29,Emilia-Romagna,424.0,291
2024-07-29,Friuli-Venezia Giulia,118.8,132
2024-07-29,Lazio,886.5,872
2024-07-29,Liguria,206.3,184
2024-07-29,Lombardia,951.4,795
2024-07-29,Marche,221.9,262
2024-07-29,Molise,28.5,45
2024-07-29,Piemonte,351.2,385
2024-07-29,Puglia,433.8,532
2024-07-29,Sardegna,217.8,150
2024-07-29,Sicilia,506.7,490
2024-07-29,Toscana,347.9,398
2024-07-29,Trentino-Alto Adige,138.5,142
2024-07-29,Umbria,102.0,127
2024-07-29,Valle d'Aosta,5.7,7
2024-07-29,Veneto,509.4,565
2024-08-05,Abruzzo,142.5,129
2024-08-05,Basilicata,59.4,53
2024-08-05,Calabria,208.2,146
2024-08-05,Campania,548.4,576
2024-08-05,Emilia-Romagna,365.9,405
2024-08-05,Friuli-Venezia Giulia,101.6,116
2024-08-05,Lazio,816.8,1055
2024-08-05,Liguria,204.2,223
2024-08-05,Lombardia,915.3,703
2024-08-05,Marche,197.7,261
2024-08-05,Molise,25.6,22
2024-08-05,Piemonte,356.2,237
2024-08-05,Puglia,425.7,501
2024-08-05,Sardegna,195.0,183
2024-08-05,Sicilia,408.3,416
2024-08-05,Toscana,357.5,410
2024-08-05,Trentino-Alto Adige,123.5,176
2024-08-05,Umbria,92.4,65
2024-08-05,Valle d'Aosta,7.4,7
2024-08-05,Veneto,466.8,493
2024-08-12,Abruzzo,138.0,100
2024-08-12,Basilicata,57.0,71
2024-08-12,Calabria,189.8,234
2024-08-12,Campania,530.0,755
2024-08-12,Emilia-Romagna,350.0,308
2024-08-12,Friuli-Venezia Giulia,112.0,88
2024-08-12,Lazio,765.6,688
2024-08-12,Liguria,167.6,158
2024-08-12,Lombardia,941.4,1236
2024-08-12,Marche,198.6,235
2024-08-12,Molise,28.1,23
2024-08-12,Piemonte,323.2,447
2024-08-12,Puglia,390.0,380
2024-08-12,Sardegna,171.1,142
2024-08-12,Sicilia,402.2,370
2024-08-12,Toscana,330.7,358
2024-08-12,Trentino-Alto Adige,113.5,106
2024-08-12,Umbria,75.6,57
2024-08-12,Valle d'Aosta,11.2,16
2024-08-12,Veneto,478.2,474
2024-08-19,Abruzzo,135.7,119
2024-08-19,Basilicata,54.4,56
2024-08-19,Calabria,163.4,181
2024-08-19,Campania,546.6,442
2024-08-19,Emilia-Romagna,343.3,257
2024-08-19,Friuli-Venezia Giulia,116.0,82
2024-08-19,Lazio,793.1,939
2024-08-19,Liguria,180.8,195
2024-08-19,Lombardia,910.1,1149
2024-08-19,Marche,199.5,214
2024-08-19,Molise,19.5,27
2024-08-19,Piemonte,339.5,391
2024-08-19,Puglia,359.4,347
2024-08-19,Sardegna,181.7,129
2024-08-19,Sicilia,414.4,373
2024-08-19,Toscana,262.0,232
2024-08-19,Trentino-Alto Adige,121.1,97
2024-08-19,Umbria,87.2,112
2024-08-19,Valle d'Aosta,7.0,7
2024-08-19,Veneto,465.1,468
2024-08-26,Abruzzo,142.3,144
2024-08-26,Basilicata,71.5,59
2024-08-26,Calabria,198.8,227
2024-08-26,Campania,542.9,440
2024-08-26,Emilia-Romagna,366.5,377
2024-08-26,Friuli-Venezia Giulia,102.2,112
2024-08-26,Lazio,880.6,759
2024-08-26,Liguria,174.9,127
2024-08-26,Lombardia,1041.7,865
2024-08-26,Marche,215.2,192
2024-08-26,Molise,28.7,25
2024-08-26,Piemonte,395.8,299
2024-08-26,Puglia,371.6,292
2024-08-26,Sardegna,197.0,312
2024-08-26,Sicilia,428.7,553
2024-08-26,Toscana,338.9,423
2024-08-26,Trentino-Alto Adige,113.7,110
2024-08-26,Umbria,100.4,119
2024-08-26,Valle d'Aosta,11.1,10
2024-08-26,Veneto,480.8,598
2024-09-02,Abruzzo,129.1,104
2024-09-02,Basilicata,74.3,85
2024-09-02,Calabria,184.5,211
2024-09-02,Campania,553.8,591
2024-09-02,Emilia-Romagna,402.9,378
2024-09-02,Friuli-Venezia Giulia,127.5,145
2024-09-02,Lazio,862.9,878
2024-09-02,Liguria,185.5,402
2024-09-02,Lombardia,1129.0,867
2024-09-02,Marche,211.1,267
2024-09-02,Molise,24.8,35
2024-09-02,Piemonte,415.4,502
2024-09-02,Puglia,417.5,475
2024-09-02,Sardegna,184.0,228
2024-09-02,Sicilia,419.1,500
2024-09-02,Toscana,367.4,357
2024-09-02,Trentino-Alto Adige,116.7,103
2024-09-02,Umbria,87.0,86
2024-09-02,Valle d'Aosta,7.5,6
2024-09-02,Veneto,538.9,689
2024-09-09,Abruzzo,148.4,151
2024-09-09,Basilicata,78.3,80
2024-09-09,Calabria,171.0,226
2024-09-09,Campania,625.4,607
2024-09-09,Emilia-Romagna,404.7,442
2024-09-09,Friuli-Venezia Giulia,122.9,180
2024-09-09,Lazio,875.8,1177
2024-09-09,Liguria,192.4,235
2024-09-09,Lombardia,1123.0,928
2024-09-09,Marche,245.4,291
2024-09-09,Molise,31.1,23
2024-09-09,Piemonte,411.6,414
2024-09-09,Puglia,415.5,508
2024-09-09,Sardegna,202.9,230
2024-09-09,Sicilia,421.6,386
2024-09-09,Toscana,372.0,360
2024-09-09,Trentino-Alto Adige,125.5,121
2024-09-09,Umbria,79.5,79
2024-09-09,Valle d'Aosta,11.0,8
2024-09-09,Veneto,527.1,461
2024-09-16,Abruzzo,151.6,105
2024-09-16,Basilicata,72.2,78
2024-09-16,Calabria,193.1,182
2024-09-16,Campania,565.3,714
2024-09-16,Emilia-Romagna,428.6,524
2024-09-16,Friuli-Venezia Giulia,121.0,129
2024-09-16,Lazio,898.1,1451
2024-09-16,Liguria,205.6,178
2024-09-16,Lombardia,1222.0,1242
2024-09-16,Marche,226.3,368
2024-09-16,Molise,24.6,20
2024-09-16,Piemonte,437.4,468
2024-09-16,Puglia,404.1,379
2024-09-16,Sardegna,190.2,233
2024-09-16,Sicilia,472.4,489
2024-09-16,Toscana,333.0,249
2024-09-16,Trentino-Alto Adige,109.6,125
2024-09-16,Umbria,96.1,81
2024-09-16,Valle d'Aosta,9.5,9
2024-09-16,Veneto,550.4,542
2024-09-23,Abruzzo,142.9,193
2024-09-23,Basilicata,83.7,75
2024-09-23,Calabria,168.3,138
2024-09-23,Campania,616.2,542
2024-09-23,Emilia-Romagna,425.0,639
2024-09-23,Friuli-Venezia Giulia,129.3,162
2024-09-23,Lazio,929.3,798
2024-09-23,Liguria,211.5,193
2024-09-23,Lombardia,1223.1,1048
2024-09-23,Marche,223.3,240
2024-09-23,Molise,35.6,31
2024-09-23,Piemonte,487.0,441
2024-09-23,Puglia,383.2,461
2024-09-23,Sardegna,194.6,262
2024-09-23,Sicilia,428.7,476
2024-09-23,Toscana,371.7,229
2024-09-23,Trentino-Alto Adige,128.0,146
2024-09-23,Umbria,97.0,81
2024-09-23,Valle d'Aosta,11.4,15
2024-09-23,Veneto,552.2,794
2024-09-30,Abruzzo,155.5,181
2024-09-30,Basilicata,90.4,95
2024-09-30,Calabria,203.1,243
2024-09-30,Campania,583.5,685
2024-09-30,Emilia-Romagna,428.2,597
2024-09-30,Friuli-Venezia Giulia,114.0,125
2024-09-30,Lazio,974.8,1087
2024-09-30,Liguria,212.4,198
2024-09-30,Lombardia,1235.6,1414
2024-09-30,Marche,223.1,195
2024-09-30,Molise,38.3,29
2024-09-30,Piemonte,478.0,489
2024-09-30,Puglia,419.4,370
2024-09-30,Sardegna,192.2,177
2024-09-30,Sicilia,458.7,344
2024-09-30,Toscana,344.6,341
2024-09-30,Trentino-Alto Adige,139.3,158
2024-09-30,Umbria,101.4,71
2024-09-30,Valle d'Aosta,11.8,11
2024-09-30,Veneto,584.4,666
2024-10-07,Abruzzo,160.6,187
2024-10-07,Basilicata,73.7,79
2024-10-07,Calabria,211.2,177
2024-10-07,Campania,587.6,630
2024-10-07,Emilia-Romagna,448.0,357
2024-10-07,Friuli-Venezia Giulia,133.9,128
2024-10-07,Lazio,972.7,1062
2024-10-07,Liguria,205.8,160
2024-10-07,Lombardia,1274.1,1550
2024-10-07,Marche,238.2,213
2024-10-07,Molise,29.8,20
2024-10-07,Piemonte,484.4,330
2024-10-07,Puglia,433.1,406
2024-10-07,Sardegna,182.7,225
2024-10-07,Sicilia,450.0,413
2024-10-07,Toscana,401.9,390
2024-10-07,Trentino-Alto Adige,134.1,126
2024-10-07,Umbria,101.1,108
2024-10-07,Valle d'Aosta,10.0,11
2024-10-07,Veneto,593.7,610
2024-10-14,Abruzzo,168.0,162
2024-10-14,Basilicata,75.0,73
2024-10-14,Calabria,196.9,257
2024-10-14,Campania,616.2,600
2024-10-14,Emilia-Romagna,462.6,418
2024-10-14,Friuli-Venezia Giulia,149.3,146
2024-10-14,Lazio,1017.5,864
2024-10-14,Liguria,223.9,185
2024-10-14,Lombardia,1409.9,2075
2024-10-14,Marche,260.1,314
2024-10-14,Molise,28.9,30
2024-10-14,Piemonte,510.6,701
2024-10-14,Puglia,441.9,525
2024-10-14,Sardegna,185.3,229
2024-10-14,Sicilia,440.8,417
2024-10-14,Toscana,406.6,406
2024-10-14,Trentino-Alto Adige,120.1,116
2024-10-14,Umbria,92.8,86
2024-10-14,Valle d'Aosta,6.0,7
2024-10-14,Veneto,615.6,550
2024-10-21,Abruzzo,171.4,294
2024-10-21,Basilicata,81.1,63
2024-10-21,Calabria,201.0,265
2024-10-21,Campania,639.0,539
2024-10-21,Emilia-Romagna,458.2,530
2024-10-21,Friuli-Venezia Giulia,154.8,141
2024-10-21,Lazio,1075.7,1045
2024-10-21,Liguria,218.1,214
2024-10-21,Lombardia,1448.0,1575
2024-10-21,Marche,244.4,222
2024-10-21,Molise,28.1,27
2024-10-21,Piemonte,514.9,487
2024-10-21,Puglia,438.2,470
2024-10-21,Sardegna,190.2,172
2024-10-21,Sicilia,444.9,629
2024-10-21,Toscana,382.9,368
2024-10-21,Trentino-Alto Adige,124.9,145
2024-10-21,Umbria,96.7,83
2024-10-21,Valle d'Aosta,8.6,8
2024-10-21,Veneto,612.2,542
2024-10-28,Abruzzo,164.4,138
2024-10-28,Basilicata,83.4,65
2024-10-28,Calabria,199.4,194
2024-10-28,Campania,689.8,552
2024-10-28,Emilia-Romagna,482.1,421
2024-10-28,Friuli-Venezia Giulia,147.1,121
2024-10-28,Lazio,1057.6,1340
2024-10-28,Liguria,243.9,260
2024-10-28,Lombardia,1483.7,1667
2024-10-28,Marche,248.1,198
2024-10-28,Molise,28.3,30
2024-10-28,Piemonte,528.7,578
2024-10-28,Puglia,407.2,353
2024-10-28,Sardegna,180.6,210
2024-10-28,Sicilia,447.5,536
2024-10-28,Toscana,359.8,413
2024-10-28,Trentino-Alto Adige,132.6,135
2024-10-28,Umbria,100.7,79
2024-10-28,Valle d'Aosta,11.9,11
2024-10-28,Veneto,650.7,570
2024-11-04,Abruzzo,184.2,260
2024-11-04,Basilicata,70.9,61
2024-11-04,Calabria,197.7,250
2024-11-04,Campania,689.8,743
2024-11-04,Emilia-Romagna,528.9,411
2024-11-04,Friuli-Venezia Giulia,151.5,186
2024-11-04,Lazio,1070.0,786
2024-11-04,Liguria,212.3,146
2024-11-04,Lombardia,1458.2,1432
2024-11-04,Marche,244.5,267
2024-11-04,Molise,40.0,39
2024-11-04,Piemonte,523.2,591
2024-11-04,Puglia,431.0,441
2024-11-04,Sardegna,199.9,181
2024-11-04,Sicilia,478.1,471
2024-11-04,Toscana,408.0,437
2024-11-04,Trentino-Alto Adige,132.4,111
2024-11-04,Umbria,121.8,103
2024-11-04,Valle d'Aosta,10.4,9
2024-11-04,Veneto,637.0,804
2024-11-11,Abruzzo,158.2,142
2024-11-11,Basilicata,72.8,112
2024-11-11,Calabria,199.4,195
2024-11-11,Campania,645.3,719
2024-11-11,Emilia-Romagna,482.5,606
2024-11-11,Friuli-Venezia Giulia,156.5,243
2024-11-11,Lazio,1074.5,1008
2024-11-11,Liguria,200.4,194
2024-11-11,Lombardia,1470.5,1758
2024-11-11,Marche,267.8,378
2024-11-11,Molise,28.4,26
2024-11-11,Piemonte,502.2,605
2024-11-11,Puglia,439.2,359
2024-11-11,Sardegna,190.3,171
2024-11-11,Sicilia,450.8,429
2024-11-11,Toscana,408.3,404
2024-11-11,Trentino-Alto Adige,141.4,101
2024-11-11,Umbria,110.3,158
2024-11-11,Valle d'Aosta,5.3,4
2024-11-11,Veneto,599.4,561
2024-11-18,Abruzzo,165.5,159
2024-11-18,Basilicata,76.4,79
2024-11-18,Calabria,179.6,204
2024-11-18,Campania,624.5,642
2024-11-18,Emilia-Romagna,484.2,556
2024-11-18,Friuli-Venezia Giulia,147.6,119
2024-11-18,Lazio,1029.4,1110
2024-11-18,Liguria,217.4,215
2024-11-18,Lombardia,1467.2,1771
2024-11-18,Marche,243.9,233
2024-11-18,Molise,39.9,39
2024-11-18,Piemonte,509.0,621
2024-11-18,Puglia,411.4,341
2024-11-18,Sardegna,210.5,261
2024-11-18,Sicilia,457.2,600
2024-11-18,Toscana,406.3,417
2024-11-18,Trentino-Alto Adige,129.0,110
2024-11-18,Umbria,95.4,78
2024-11-18,Valle d'Aosta,5.8,6
2024-11-18,Veneto,606.5,516
2024-11-25,Abruzzo,172.9,160
2024-11-25,Basilicata,79.3,79
2024-11-25,Calabria,218.1,252
2024-11-25,Campania,611.7,859
2024-11-25,Emilia-Romagna,483.6,451
2024-11-25,Friuli-Venezia Giulia,141.7,126
2024-11-25,Lazio,976.5,1284
2024-11-25,Liguria,198.7,181
2024-11-25,Lombardia,1389.3,1237
2024-11-25,Marche,251.5,170
2024-11-25,Molise,22.9,28
2024-11-25,Piemonte,524.5,393
2024-11-25,Puglia,389.7,348
2024-11-25,Sardegna,192.6,132
2024-11-25,Sicilia,456.8,276
2024-11-25,Toscana,379.0,392
2024-11-25,Trentino-Alto Adige,121.8,114
2024-11-25,Umbria,97.8,89
2024-11-25,Valle d'Aosta,4.0,3
2024-11-25,Veneto,577.3,640
2024-12-02,Abruzzo,157.0,163
2024-12-02,Basilicata,69.2,69
2024-12-02,Calabria,193.6,201
2024-12-02,Campania,570.9,507
2024-12-02,Emilia-Romagna,449.8,435
2024-12-02,Friuli-Venezia Giulia,143.2,139
2024-12-02,Lazio,942.2,1075
2024-12-02,Liguria,208.6,222
2024-12-02,Lombardia,1259.4,1078
2024-12-02,Marche,223.8,276
2024-12-02,Molise,34.0,40
2024-12-02,Piemonte,494.0,344
2024-12-02,Puglia,389.8,376
2024-12-02,Sardegna,168.8,181
2024-12-02,Sicilia,412.1,324
2024-12-02,Toscana,346.1,315
2024-12-02,Trentino-Alto Adige,121.9,146
2024-12-02,Umbria,91.5,102
2024-12-02,Valle d'Aosta,10.3,12
2024-12-02,Veneto,571.9,504
2024-12-09,Abruzzo,113.8,110
2024-12-09,Basilicata,71.4,64
2024-12-09,Calabria,129.3,154
2024-12-09,Campania,479.2,450
2024-12-09,Emilia-Romagna,335.5,279
2024-12-09,Friuli-Venezia Giulia,106.3,84
2024-12-09,Lazio,833.5,1068
2024-12-09,Liguria,166.4,201
2024-12-09,Lombardia,1064.1,981
2024-12-09,Marche,172.2,142
2024-12-09,Molise,23.4,19
2024-12-09,Piemonte,397.0,306
2024-12-09,Puglia,307.8,256
2024-12-09,Sardegna,173.2,209
2024-12-09,Sicilia,327.3,274
2024-12-09,Toscana,291.9,347
2024-12-09,Trentino-Alto Adige,111.3,107
2024-12-09,Umbria,74.6,109
2024-12-09,Valle d'Aosta,7.2,9
2024-12-09,Veneto,467.2,550
2024-12-16,Abruzzo,86.9,66
2024-12-16,Basilicata,50.3,69
2024-12-16,Calabria,102.3,87
2024-12-16,Campania,387.5,392
2024-12-16,Emilia-Romagna,278.0,222
2024-12-16,Friuli-Venezia Giulia,80.7,61
2024-12-16,Lazio,647.6,672
2024-12-16,Liguria,130.0,158
2024-12-16,Lombardia,844.2,895
2024-12-16,Marche,135.2,95
2024-12-16,Molise,19.4,24
2024-12-16,Piemonte,327.8,206
2024-12-16,Puglia,283.6,234
2024-12-16,Sardegna,133.1,140
2024-12-16,Sicilia,313.8,444
2024-12-16,Toscana,241.1,233
2024-12-16,Trentino-Alto Adige,82.6,100
2024-12-16,Umbria,60.8,45
2024-12-16,Valle d'Aosta,10.7,16
2024-12-16,Veneto,369.9,409
2024-12-23,Abruzzo,124.0,143
2024-12-23,Basilicata,53.0,40
2024-12-23,Calabria,113.8,101
2024-12-23,Campania,359.6,315
2024-12-23,Emilia-Romagna,259.8,239
2024-12-23,Friuli-Venezia Giulia,67.6,64
2024-12-23,Lazio,613.6,578
2024-12-23,Liguria,148.3,208
2024-12-23,Lombardia,778.9,608
2024-12-23,Marche,141.8,144
2024-12-23,Molise,16.2,16
2024-12-23,Piemonte,295.5,289
2024-12-23,Puglia,252.0,338
2024-12-23,Sardegna,122.0,130
2024-12-23,Sicilia,280.2,346
2024-12-23,Toscana,242.5,290
2024-12-23,Trentino-Alto Adige,80.5,71
2024-12-23,Umbria,65.2,60
2024-12-23,Valle d'Aosta,9.9,11
2024-12-23,Veneto,325.2,291
2024-12-30,Abruzzo,121.4,136
2024-12-30,Basilicata,54.6,78
2024-12-30,Calabria,142.5,112
2024-12-30,Campania,464.7,257
2024-12-30,Emilia-Romagna,330.7,325
2024-12-30,Friuli-Venezia Giulia,95.6,86
2024-12-30,Lazio,729.4,604
2024-12-30,Liguria,148.7,117
2024-12-30,Lombardia,950.2,1058
2024-12-30,Marche,168.3,145
2024-12-30,Molise,25.1,33
2024-12-30,Piemonte,343.5,262
2024-12-30,Puglia,312.8,337
2024-12-30,Sardegna,157.2,131
2024-12-30,Sicilia,357.4,370
2024-12-30,Toscana,265.0,296
2024-12-30,Trentino-Alto Adige,101.5,97
2024-12-30,Umbria,73.9,69
2024-12-30,Valle d'Aosta,8.7,11
2024-12-30,Veneto,438.9,431
2025-01-06,Abruzzo,149.2,200
2025-01-06,Basilicata,67.8,55
2025-01-06,Calabria,170.7,188
2025-01-06,Campania,515.9,454
2025-01-06,Emilia-Romagna,396.7,295
2025-01-06,Friuli-Venezia Giulia,100.0,122
2025-01-06,Lazio,837.6,850
2025-01-06,Liguria,181.9,292
2025-01-06,Lombardia,1098.9,1477
2025-01-06,Marche,213.8,350
2025-01-06,Molise,21.5,16
2025-01-06,Piemonte,391.2,264
2025-01-06,Puglia,398.0,566
2025-01-06,Sardegna,175.0,167
2025-01-06,Sicilia,388.6,409
2025-01-06,Toscana,316.4,342
2025-01-06,Trentino-Alto Adige,120.6,120
2025-01-06,Umbria,88.8,74
2025-01-06,Valle d'Aosta,7.6,8
2025-01-06,Veneto,498.1,408
2025-01-13,Abruzzo,144.7,131
2025-01-13,Basilicata,70.4,84
2025-01-13,Calabria,188.9,172
2025-01-13,Campania,561.3,597
2025-01-13,Emilia-Romagna,385.1,353
2025-01-13,Friuli-Venezia Giulia,123.9,101
2025-01-13,Lazio,869.7,940
2025-01-13,Liguria,207.8,213
2025-01-13,Lombardia,1116.9,1222
2025-01-13,Marche,215.3,209
2025-01-13,Molise,27.2,23
2025-01-13,Piemonte,426.3,508
2025-01-13,Puglia,370.4,275
2025-01-13,Sardegna,183.4,225
2025-01-13,Sicilia,438.3,410
2025-01-13,Toscana,362.4,410
2025-01-13,Trentino-Alto Adige,126.8,127
2025-01-13,Umbria,97.0,107
2025-01-13,Valle d'Aosta,9.3,12
2025-01-13,Veneto,496.2,413
2025-01-20,Abruzzo,134.5,145
2025-01-20,Basilicata,72.8,75
2025-01-20,Calabria,199.2,276
2025-01-20,Campania,542.1,607
2025-01-20,Emilia-Romagna,404.9,524
2025-01-20,Friuli-Venezia Giulia,102.5,92
2025-01-20,Lazio,866.2,661
2025-01-20,Liguria,182.3,151
2025-01-20,Lombardia,1114.5,1018
2025-01-20,Marche,189.6,208
2025-01-20,Molise,23.1,28
2025-01-20,Piemonte,419.0,345
2025-01-20,Puglia,397.6,470
2025-01-20,Sardegna,189.3,154
2025-01-20,Sicilia,446.1,640
2025-01-20,Toscana,368.1,379
2025-01-20,Trentino-Alto Adige,117.7,103
2025-01-20,Umbria,86.3,64
2025-01-20,Valle d'Aosta,12.7,11
2025-01-20,Veneto,490.4,528
2025-01-27,Abruzzo,157.9,189
2025-01-27,Basilicata,75.0,73
2025-01-27,Calabria,190.8,165
2025-01-27,Campania,581.0,690
2025-01-27,Emilia-Romagna,401.6,409
2025-01-27,Friuli-Venezia Giulia,119.2,109
2025-01-27,Lazio,876.4,807
2025-01-27,Liguria,202.2,255
2025-01-27,Lombardia,1128.9,1099
2025-01-27,Marche,196.7,193
2025-01-27,Molise,30.3,31
2025-01-27,Piemonte,430.5,444
2025-01-27,Puglia,380.4,449
2025-01-27,Sardegna,190.3,154
2025-01-27,Sicilia,440.9,625
2025-01-27,Toscana,345.1,391
2025-01-27,Trentino-Alto Adige,113.4,147
2025-01-27,Umbria,93.6,91
2025-01-27,Valle d'Aosta,10.5,12
2025-01-27,Veneto,516.8,657
2025-02-03,Abruzzo,144.4,135
2025-02-03,Basilicata,78.3,83
2025-02-03,Calabria,201.9,233
2025-02-03,Campania,562.5,527
2025-02-03,Emilia-Romagna,416.0,494
2025-02-03,Friuli-Venezia Giulia,123.8,101
2025-02-03,Lazio,868.7,676
2025-02-03,Liguria,187.4,236
2025-02-03,Lombardia,1170.9,999
2025-02-03,Marche,210.8,213
2025-02-03,Molise,32.7,29
2025-02-03,Piemonte,401.8,449
2025-02-03,Puglia,396.7,291
2025-02-03,Sardegna,175.6,138
2025-02-03,Sicilia,414.8,307
2025-02-03,Toscana,328.6,426
2025-02-03,Trentino-Alto Adige,120.5,117
2025-02-03,Umbria,78.4,99
2025-02-03,Valle d'Aosta,6.8,6
2025-02-03,Veneto,541.2,476
2025-02-10,Abruzzo,130.3,164
2025-02-10,Basilicata,68.5,54
2025-02-10,Calabria,183.5,230
2025-02-10,Campania,561.0,625
2025-02-10,Emilia-Romagna,403.5,540
2025-02-10,Friuli-Venezia Giulia,120.6,109
2025-02-10,Lazio,923.2,947
2025-02-10,Liguria,200.4,206
2025-02-10,Lombardia,1068.1,1366
2025-02-10,Marche,213.5,194
2025-02-10,Molise,24.7,21
2025-02-10,Piemonte,418.4,363
2025-02-10,Puglia,381.6,321
2025-02-10,Sardegna,188.9,200
2025-02-10,Sicilia,447.1,596
2025-02-10,Toscana,346.5,409
2025-02-10,Trentino-Alto Adige,122.4,115
2025-02-10,Umbria,86.4,121
2025-02-10,Valle d'Aosta,8.4,13
2025-02-10,Veneto,503.4,399
2025-02-17,Abruzzo,144.6,146
2025-02-17,Basilicata,64.9,65
2025-02-17,Calabria,188.5,210
2025-02-17,Campania,580.8,772
2025-02-17,Emilia-Romagna,403.7,575
2025-02-17,Friuli-Venezia Giulia,111.1,82
2025-02-17,Lazio,872.9,550
2025-02-17,Liguria,190.4,250
2025-02-17,Lombardia,1109.1,877
2025-02-17,Marche,210.8,211
2025-02-17,Molise,23.0,21
2025-02-17,Piemonte,420.7,489
2025-02-17,Puglia,378.3,422
2025-02-17,Sardegna,183.1,131
2025-02-17,Sicilia,437.7,467
2025-02-17,Toscana,349.6,381
2025-02-17,Trentino-Alto Adige,124.6,152
2025-02-17,Umbria,83.8,117
2025-02-17,Valle d'Aosta,10.5,12
2025-02-17,Veneto,523.1,518
2025-02-24,Abruzzo,140.9,73
2025-02-24,Basilicata,82.9,91
2025-02-24,Calabria,182.5,170
2025-02-24,Campania,566.2,651
2025-02-24,Emilia-Romagna,412.0,365
2025-02-24,Friuli-Venezia Giulia,130.6,128
2025-02-24,Lazio,887.0,1094
2025-02-24,Liguria,198.6,163
2025-02-24,Lombardia,1125.0,2108
2025-02-24,Marche,208.5,238
2025-02-24,Molise,33.4,31
2025-02-24,Piemonte,421.6,294
2025-02-24,Puglia,392.8,352
2025-02-24,Sardegna,188.9,165
2025-02-24,Sicilia,433.0,392
2025-02-24,Toscana,368.3,455
2025-02-24,Trentino-Alto Adige,115.1,113
2025-02-24,Umbria,94.5,112
2025-02-24,Valle d'Aosta,10.6,12
2025-02-24,Veneto,515.0,727
2025-03-03,Abruzzo,164.6,179
2025-03-03,Basilicata,76.5,57
2025-03-03,Calabria,160.6,113
2025-03-03,Campania,539.1,655
2025-03-03,Emilia-Romagna,398.7,553
2025-03-03,Friuli-Venezia Giulia,122.8,89
2025-03-03,Lazio,907.2,1312
2025-03-03,Liguria,193.5,173
2025-03-03,Lombardia,1136.9,1008
2025-03-03,Marche,205.8,156
2025-03-03,Molise,34.1,30
2025-03-03,Piemonte,415.3,325
2025-03-03,Puglia,396.0,485
2025-03-03,Sardegna,182.8,127
2025-03-03,Sicilia,438.6,362
2025-03-03,Toscana,331.1,313
2025-03-03,Trentino-Alto Adige,121.0,150
2025-03-03,Umbria,85.6,88
2025-03-03,Valle d'Aosta,9.8,8
2025-03-03,Veneto,505.0,498
2025-03-10,Abruzzo,138.0,134
2025-03-10,Basilicata,68.5,64
2025-03-10,Calabria,187.1,322
2025-03-10,Campania,525.6,545
2025-03-10,Emilia-Romagna,426.5,495
2025-03-10,Friuli-Venezia Giulia,118.3,122
2025-03-10,Lazio,893.0,1104
2025-03-10,Liguria,196.3,163
2025-03-10,Lombardia,1080.7,1051
2025-03-10,Marche,226.5,240
2025-03-10,Molise,37.4,34
2025-03-10,Piemonte,459.9,447
2025-03-10,Puglia,412.1,370
2025-03-10,Sardegna,192.6,174
2025-03-10,Sicilia,431.1,496
2025-03-10,Toscana,336.9,391
2025-03-10,Trentino-Alto Adige,101.3,81
2025-03-10,Umbria,78.8,77
2025-03-10,Valle d'Aosta,4.0,3
2025-03-10,Veneto,516.9,430
2025-03-17,Abruzzo,142.1,147
2025-03-17,Basilicata,68.2,93
2025-03-17,Calabria,184.3,180
2025-03-17,Campania,559.5,688
2025-03-17,Emilia-Romagna,413.4,430
2025-03-17,Friuli-Venezia Giulia,106.9,127
2025-03-17,Lazio,883.0,679
2025-03-17,Liguria,204.9,198
2025-03-17,Lombardia,1134.3,1191
2025-03-17,Marche,238.5,204
2025-03-17,Molise,28.5,22
2025-03-17,Piemonte,436.7,518
2025-03-17,Puglia,373.7,363
2025-03-17,Sardegna,184.2,212
2025-03-17,Sicilia,432.3,353
2025-03-17,Toscana,359.8,294
2025-03-17,Trentino-Alto Adige,120.9,137
2025-03-17,Umbria,78.4,85
2025-03-17,Valle d'Aosta,8.6,7
2025-03-17,Veneto,511.0,803
2025-03-24,Abruzzo,150.1,99
2025-03-24,Basilicata,71.9,94
2025-03-24,Calabria,177.4,265
2025-03-24,Campania,545.2,675
2025-03-24,Emilia-Romagna,404.1,671
2025-03-24,Friuli-Venezia Giulia,116.8,138
2025-03-24,Lazio,860.6,1028
2025-03-24,Liguria,200.2,188
2025-03-24,Lombardia,1097.8,1400
2025-03-24,Marche,210.0,226
2025-03-24,Molise,28.3,29
2025-03-24,Piemonte,407.6,349
2025-03-24,Puglia,377.3,547
2025-03-24,Sardegna,220.7,321
2025-03-24,Sicilia,446.3,425
2025-03-24,Toscana,327.0,288
2025-03-24,Trentino-Alto Adige,112.7,114
2025-03-24,Umbria,88.8,81
2025-03-24,Valle d'Aosta,6.1,7
2025-03-24,Veneto,530.6,583
2025-03-31,Abruzzo,154.9,115
2025-03-31,Basilicata,65.3,58
2025-03-31,Calabria,195.0,159
2025-03-31,Campania,602.4,535
2025-03-31,Emilia-Romagna,411.0,479
2025-03-31,Friuli-Venezia Giulia,120.8,108
2025-03-31,Lazio,896.1,768
2025-03-31,Liguria,209.4,220
2025-03-31,Lombardia,1154.5,959
2025-03-31,Marche,208.8,232
2025-03-31,Molise,32.9,33
2025-03-31,Piemonte,415.1,367
2025-03-31,Puglia,414.8,376
2025-03-31,Sardegna,211.5,281
2025-03-31,Sicilia,429.9,463
2025-03-31,Toscana,338.5,231
2025-03-31,Trentino-Alto Adige,125.1,105
2025-03-31,Umbria,92.0,70
2025-03-31,Valle d'Aosta,10.3,11
2025-03-31,Veneto,521.0,453
2025-04-07,Abruzzo,122.1,123
2025-04-07,Basilicata,77.5,81
2025-04-07,Calabria,197.6,272
2025-04-07,Campania,534.3,476
2025-04-07,Emilia-Romagna,417.1,413
2025-04-07,Friuli-Venezia Giulia,122.9,123
2025-04-07,Lazio,903.1,724
2025-04-07,Liguria,195.4,225
2025-04-07,Lombardia,1100.1,1043
2025-04-07,Marche,216.7,231
2025-04-07,Molise,29.1,26
2025-04-07,Piemonte,413.3,467
2025-04-07,Puglia,367.8,387
2025-04-07,Sardegna,178.7,146
2025-04-07,Sicilia,440.0,437
2025-04-07,Toscana,372.5,373
2025-04-07,Trentino-Alto Adige,115.9,129
2025-04-07,Umbria,82.6,78
2025-04-07,Valle d'Aosta,10.1,7
2025-04-07,Veneto,498.6,397
2025-04-14,Abruzzo,147.1,105
2025-04-14,Basilicata,76.0,76
2025-04-14,Calabria,189.5,144
2025-04-14,Campania,603.9,787
2025-04-14,Emilia-Romagna,406.6,378
2025-04-14,Friuli-Venezia Giulia,122.2,92
2025-04-14,Lazio,889.4,716
2025-04-14,Liguria,180.6,159
2025-04-14,Lombardia,1122.6,1319
2025-04-14,Marche,222.8,180
2025-04-14,Molise,21.4,17
2025-04-14,Piemonte,387.7,568
2025-04-14,Puglia,463.9,439
2025-04-14,Sardegna,190.4,176
2025-04-14,Sicilia,457.7,398
2025-04-14,Toscana,332.8,356
2025-04-14,Trentino-Alto Adige,114.8,128
2025-04-14,Umbria,84.7,85
2025-04-14,Valle d'Aosta,6.7,7
2025-04-14,Veneto,525.8,334
2025-04-21,Abruzzo,170.1,211
2025-04-21,Basilicata,74.6,94
2025-04-21,Calabria,191.9,157
2025-04-21,Campania,601.3,545
2025-04-21,Emilia-Romagna,412.1,400
2025-04-21,Friuli-Venezia Giulia,119.1,87
2025-04-21,Lazio,878.2,927
2025-04-21,Liguria,203.5,222
2025-04-21,Lombardia,1197.2,1078
2025-04-21,Marche,224.3,139
2025-04-21,Molise,28.1,34
2025-04-21,Piemonte,416.4,317
2025-04-21,Puglia,419.1,281
2025-04-21,Sardegna,202.8,241
2025-04-21,Sicilia,445.0,406
2025-04-21,Toscana,348.0,349
2025-04-21,Trentino-Alto Adige,124.6,155
2025-04-21,Umbria,90.7,87
2025-04-21,Valle d'Aosta,8.4,8
2025-04-21,Veneto,485.0,636
2025-04-28,Abruzzo,145.3,101
2025-04-28,Basilicata,73.1,72
2025-04-28,Calabria,189.8,176
2025-04-28,Campania,607.2,545
2025-04-28,Emilia-Romagna,416.2,338
2025-04-28,Friuli-Venezia Giulia,109.3,113
2025-04-28,Lazio,917.4,866
2025-04-28,Liguria,227.8,282
2025-04-28,Lombardia,1155.8,1320
2025-04-28,Marche,227.2,264
2025-04-28,Molise,23.3,27
2025-04-28,Piemonte,451.9,452
2025-04-28,Puglia,400.7,372
2025-04-28,Sardegna,191.5,181
2025-04-28,Sicilia,462.1,509
2025-04-28,Toscana,349.1,302
2025-04-28,Trentino-Alto Adige,123.4,116
2025-04-28,Umbria,96.3,80
2025-04-28,Valle d'Aosta,7.4,7
2025-04-28,Veneto,536.9,481
2025-05-05,Abruzzo,165.2,146
2025-05-05,Basilicata,70.9,89
2025-05-05,Calabria,206.0,187
2025-05-05,Campania,589.1,601
2025-05-05,Emilia-Romagna,409.9,318
2025-05-05,Friuli-Venezia Giulia,120.7,132
2025-05-05,Lazio,944.3,783
2025-05-05,Liguria,198.5,189
2025-05-05,Lombardia,1186.6,1229
2025-05-05,Marche,216.3,233
2025-05-05,Molise,28.2,25
2025-05-05,Piemonte,404.6,344
2025-05-05,Puglia,432.5,413
2025-05-05,Sardegna,215.0,276
2025-05-05,Sicilia,490.8,451
2025-05-05,Toscana,352.5,551
2025-05-05,Trentino-Alto Adige,116.6,110
2025-05-05,Umbria,79.6,83
2025-05-05,Valle d'Aosta,8.5,7
2025-05-05,Veneto,553.0,534
2025-05-12,Abruzzo,161.7,104
2025-05-12,Basilicata,79.0,106
2025-05-12,Calabria,223.6,299
2025-05-12,Campania,593.7,483
2025-05-12,Emilia-Romagna,443.1,374
2025-05-12,Friuli-Venezia Giulia,124.2,118
2025-05-12,Lazio,972.6,889
2025-05-12,Liguria,210.0,264
2025-05-12,Lombardia,1155.0,1191
2025-05-12,Marche,231.1,235
2025-05-12,Molise,29.5,25
2025-05-12,Piemonte,450.9,343
2025-05-12,Puglia,447.3,771
2025-05-12,Sardegna,216.7,210
2025-05-12,Sicilia,476.5,539
2025-05-12,Toscana,407.4,527
2025-05-12,Trentino-Alto Adige,140.3,85
2025-05-12,Umbria,99.4,66
2025-05-12,Valle d'Aosta,7.2,7
2025-05-12,Veneto,532.7,579
2025-05-19,Abruzzo,150.4,137
2025-05-19,Basilicata,79.9,59
2025-05-19,Calabria,202.0,189
2025-05-19,Campania,651.7,742
2025-05-19,Emilia-Romagna,473.8,531
2025-05-19,Friuli-Venezia Giulia,129.6,89
2025-05-19,Lazio,951.1,751
2025-05-19,Liguria,222.2,243
2025-05-19,Lombardia,1189.2,1599
2025-05-19,Marche,223.4,222
2025-05-19,Molise,30.7,29
2025-05-19,Piemonte,418.6,315
2025-05-19,Puglia,465.9,595
2025-05-19,Sardegna,235.0,273
2025-05-19,Sicilia,492.3,388
2025-05-19,Toscana,392.9,432
2025-05-19,Trentino-Alto Adige,144.0,156
2025-05-19,Umbria,96.7,80
2025-05-19,Valle d'Aosta,11.0,13
2025-05-19,Veneto,567.6,429
2025-05-26,Abruzzo,167.0,223
2025-05-26,Basilicata,79.2,82
2025-05-26,Calabria,224.0,194
2025-05-26,Campania,632.1,636
2025-05-26,Emilia-Romagna,442.5,291
2025-05-26,Friuli-Venezia Giulia,134.1,145
2025-05-26,Lazio,1003.6,1102
2025-05-26,Liguria,236.7,248
2025-05-26,Lombardia,1197.5,1602
2025-05-26,Marche,238.3,240
2025-05-26,Molise,30.2,28
2025-05-26,Piemonte,435.9,602
2025-05-26,Puglia,459.2,542
2025-05-26,Sardegna,232.5,244
2025-05-26,Sicilia,558.7,453
2025-05-26,Toscana,391.5,382
2025-05-26,Trentino-Alto Adige,146.4,146
2025-05-26,Umbria,106.6,72
2025-05-26,Valle d'Aosta,10.4,11
2025-05-26,Veneto,602.7,878
2025-06-02,Abruzzo,166.2,276
2025-06-02,Basilicata,87.2,55
2025-06-02,Calabria,256.8,268
2025-06-02,Campania,680.2,627
2025-06-02,Emilia-Romagna,459.4,538
2025-06-02,Friuli-Venezia Giulia,137.9,157
2025-06-02,Lazio,1017.8,1158
2025-06-02,Liguria,222.5,259
2025-06-02,Lombardia,1211.7,1371
2025-06-02,Marche,239.8,253
2025-06-02,Molise,31.9,32
2025-06-02,Piemonte,454.7,666
2025-06-02,Puglia,477.0,386
2025-06-02,Sardegna,240.8,266
2025-06-02,Sicilia,554.4,493
2025-06-02,Toscana,401.2,449
2025-06-02,Trentino-Alto Adige,145.5,136
2025-06-02,Umbria,95.4,96
2025-06-02,Valle d'Aosta,9.3,8
2025-06-02,Veneto,572.9,440
2025-06-09,Abruzzo,181.2,201
2025-06-09,Basilicata,78.4,77
2025-06-09,Calabria,241.5,332
2025-06-09,Campania,707.8,819
2025-06-09,Emilia-Romagna,481.4,460
2025-06-09,Friuli-Venezia Giulia,132.4,170
2025-06-09,Lazio,1047.6,870
2025-06-09,Liguria,245.7,258
2025-06-09,Lombardia,1226.5,915
2025-06-09,Marche,237.0,204
2025-06-09,Molise,35.9,47
2025-06-09,Piemonte,462.9,740
2025-06-09,Puglia,503.6,597
2025-06-09,Sardegna,253.7,262
2025-06-09,Sicilia,567.4,588
2025-06-09,Toscana,439.4,459
2025-06-09,Trentino-Alto Adige,143.0,128
2025-06-09,Umbria,104.3,127
2025-06-09,Valle d'Aosta,11.2,13
2025-06-09,Veneto,577.5,627
2025-06-16,Abruzzo,168.4,158
2025-06-16,Basilicata,86.4,76
2025-06-16,Calabria,275.2,176
2025-06-16,Campania,701.7,574
2025-06-16,Emilia-Romagna,494.5,472
2025-06-16,Friuli-Venezia Giulia,140.3,231
2025-06-16,Lazio,1056.0,903
2025-06-16,Liguria,244.6,266
2025-06-16,Lombardia,1219.1,1045
2025-06-16,Marche,262.1,323
2025-06-16,Molise,35.4,45
2025-06-16,Piemonte,440.8,607
2025-06-16,Puglia,526.0,575
2025-06-16,Sardegna,250.2,328
2025-06-16,Sicilia,598.9,620
2025-06-16,Toscana,413.2,364
2025-06-16,Trentino-Alto Adige,146.5,97
2025-06-16,Umbria,106.7,99
2025-06-16,Valle d'Aosta,10.8,13
2025-06-16,Veneto,624.2,556
2025-06-23,Abruzzo,185.1,217
2025-06-23,Basilicata,87.3,67
2025-06-23,Calabria,248.5,240
2025-06-23,Campania,684.8,723
2025-06-23,Emilia-Romagna,494.5,545
2025-06-23,Friuli-Venezia Giulia,150.0,106
2025-06-23,Lazio,1028.4,1059
2025-06-23,Liguria,241.0,211
2025-06-23,Lombardia,1247.0,1161
2025-06-23,Marche,268.5,178
2025-06-23,Molise,38.6,45
2025-06-23,Piemonte,421.5,418
2025-06-23,Puglia,525.7,683
2025-06-23,Sardegna,243.3,243
2025-06-23,Sicilia,610.5,574
2025-06-23,Toscana,437.0,525
2025-06-23,Trentino-Alto Adige,152.7,159
2025-06-23,Umbria,98.0,90
2025-06-23,Valle d'Aosta,7.2,7
2025-06-23,Veneto,615.0,497
2025-06-30,Abruzzo,182.2,190
2025-06-30,Basilicata,84.6,81
2025-06-30,Calabria,259.1,259
2025-06-30,Campania,727.4,1139
2025-06-30,Emilia-Romagna,513.9,469
2025-06-30,Friuli-Venezia Giulia,147.4,131
2025-06-30,Lazio,1062.5,795
2025-06-30,Liguria,259.3,258
2025-06-30,Lombardia,1208.7,1146
2025-06-30,Marche,267.1,227
2025-06-30,Molise,40.4,31
2025-06-30,Piemonte,485.8,429
2025-06-30,Puglia,551.5,560
2025-06-30,Sardegna,255.9,280
2025-06-30,Sicilia,601.0,489
2025-06-30,Toscana,441.7,467
2025-06-30,Trentino-Alto Adige,163.6,255
2025-06-30,Umbria,105.2,95
2025-06-30,Valle d'Aosta,12.7,17
2025-06-30,Veneto,622.1,578
2025-07-07,Abruzzo,175.5,216
2025-07-07,Basilicata,79.0,108
2025-07-07,Calabria,248.7,222
2025-07-07,Campania,723.9,854
2025-07-07,Emilia-Romagna,461.7,399
2025-07-07,Friuli-Venezia Giulia,138.3,141
2025-07-07,Lazio,1094.2,1463
2025-07-07,Liguria,252.3,387
2025-07-07,Lombardia,1227.6,1232
2025-07-07,Marche,261.2,256
2025-07-07,Molise,34.8,50
2025-07-07,Piemonte,439.0,456
2025-07-07,Puglia,522.0,416
2025-07-07,Sardegna,237.7,218
2025-07-07,Sicilia,563.4,582
2025-07-07,Toscana,402.4,374
2025-07-07,Trentino-Alto Adige,165.9,119
2025-07-07,Umbria,102.5,97
2025-07-07,Valle d'Aosta,10.5,7
2025-07-07,Veneto,603.9,402
2025-07-14,Abruzzo,174.5,142
2025-07-14,Basilicata,84.7,89
2025-07-14,Calabria,247.2,252
2025-07-14,Campania,726.4,815
2025-07-14,Emilia-Romagna,465.0,486
2025-07-14,Friuli-Venezia Giulia,153.8,196
2025-07-14,Lazio,1039.3,925
2025-07-14,Liguria,229.8,159
2025-07-14,Lombardia,1176.2,1505
2025-07-14,Marche,254.1,241
2025-07-14,Molise,26.3,25
2025-07-14,Piemonte,397.0,442
2025-07-14,Puglia,496.7,545
2025-07-14,Sardegna,265.9,391
2025-07-14,Sicilia,567.3,596
2025-07-14,Toscana,428.2,369
2025-07-14,Trentino-Alto Adige,155.3,172
2025-07-14,Umbria,117.4,136
2025-07-14,Valle d'Aosta,15.1,11
2025-07-14,Veneto,590.3,603
2025-07-21,Abruzzo,169.7,116
2025-07-21,Basilicata,85.8,74
2025-07-21,Calabria,226.8,174
2025-07-21,Campania,639.6,664
2025-07-21,Emilia-Romagna,451.0,381
2025-07-21,Friuli-Venezia Giulia,115.0,98
2025-07-21,Lazio,941.9,1118
2025-07-21,Liguria,214.1,247
2025-07-21,Lombardia,1074.6,1314
2025-07-21,Marche,226.8,208
2025-07-21,Molise,32.1,32
2025-07-21,Piemonte,403.6,411
2025-07-21,Puglia,504.0,593
2025-07-21,Sardegna,250.5,257
2025-07-21,Sicilia,522.4,684
2025-07-21,Toscana,394.0,472
2025-07-21,Trentino-Alto Adige,161.6,126
2025-07-21,Umbria,85.5,81
2025-07-21,Valle d'Aosta,11.3,11
2025-07-21,Veneto,570.6,697
2025-07-28,Abruzzo,157.1,215
2025-07-28,Basilicata,64.3,81
2025-07-28,Calabria,232.0,226
2025-07-28,Campania,585.5,654
2025-07-28,Emilia-Romagna,442.3,384
2025-07-28,Friuli-Venezia Giulia,115.5,134
2025-07-28,Lazio,923.4,879
2025-07-28,Liguria,212.9,192
2025-07-28,Lombardia,1024.9,1009
2025-07-28,Marche,221.8,272
2025-07-28,Molise,27.0,33
2025-07-28,Piemonte,367.0,372
2025-07-28,Puglia,457.2,566
2025-07-28,Sardegna,228.2,228
2025-07-28,Sicilia,499.9,666
2025-07-28,Toscana,356.3,493
2025-07-28,Trentino-Alto Adige,143.0,156
2025-07-28,Umbria,92.2,116
2025-07-28,Valle d'Aosta,8.6,8
2025-07-28,Veneto,534.0,682
2025-08-04,Abruzzo,136.8,159
2025-08-04,Basilicata,70.2,60
2025-08-04,Calabria,206.8,246
2025-08-04,Campania,599.4,563
2025-08-04,Emilia-Romagna,397.2,420
2025-08-04,Friuli-Venezia Giulia,106.2,100
2025-08-04,Lazio,812.8,716
2025-08-04,Liguria,179.2,248
2025-08-04,Lombardia,967.4,607
2025-08-04,Marche,194.1,117
2025-08-04,Molise,32.6,28
2025-08-04,Piemonte,331.4,340
2025-08-04,Puglia,443.2,434
2025-08-04,Sardegna,211.7,184
2025-08-04,Sicilia,475.8,539
2025-08-04,Toscana,352.9,369
2025-08-04,Trentino-Alto Adige,119.9,117
2025-08-04,Umbria,88.9,153
2025-08-04,Valle d'Aosta,10.6,11
2025-08-04,Veneto,517.8,444
2025-08-11,Abruzzo,129.7,132
2025-08-11,Basilicata,59.2,61
2025-08-11,Calabria,189.3,232
2025-08-11,Campania,526.0,645
2025-08-11,Emilia-Romagna,369.2,309
2025-08-11,Friuli-Venezia Giulia,103.7,90
2025-08-11,Lazio,842.5,762
2025-08-11,Liguria,185.4,229
2025-08-11,Lombardia,976.1,710
2025-08-11,Marche,209.5,160
2025-08-11,Molise,33.8,40
2025-08-11,Piemonte,374.6,394
2025-08-11,Puglia,374.9,418
2025-08-11,Sardegna,194.2,190
2025-08-11,Sicilia,432.4,392
2025-08-11,Toscana,304.8,233
2025-08-11,Trentino-Alto Adige,107.1,103
2025-08-11,Umbria,85.6,69
2025-08-11,Valle d'Aosta,11.8,10
2025-08-11,Veneto,460.4,544
2025-08-18,Abruzzo,140.2,196
2025-08-18,Basilicata,59.2,85
2025-08-18,Calabria,198.4,135
2025-08-18,Campania,521.1,555
2025-08-18,Emilia-Romagna,423.4,360
2025-08-18,Friuli-Venezia Giulia,117.8,110
2025-08-18,Lazio,828.9,701
2025-08-18,Liguria,193.0,216
2025-08-18,Lombardia,979.4,993
2025-08-18,Marche,218.0,183
2025-08-18,Molise,30.2,28
2025-08-18,Piemonte,361.8,486
2025-08-18,Puglia,385.6,308
2025-08-18,Sardegna,185.6,222
2025-08-18,Sicilia,423.2,593
2025-08-18,Toscana,296.4,386
2025-08-18,Trentino-Alto Adige,107.7,88
2025-08-18,Umbria,75.1,77
2025-08-18,Valle d'Aosta,8.4,8
2025-08-18,Veneto,504.3,449
2025-08-25,Abruzzo,134.5,201
2025-08-25,Basilicata,61.7,72
2025-08-25,Calabria,183.6,217
2025-08-25,Campania,556.4,437
2025-08-25,Emilia-Romagna,370.3,421
2025-08-25,Friuli-Venezia Giulia,118.7,108
2025-08-25,Lazio,885.3,760
2025-08-25,Liguria,203.0,255
2025-08-25,Lombardia,1102.2,704
2025-08-25,Marche,213.5,197
2025-08-25,Molise,27.0,19
2025-08-25,Piemonte,412.6,430
2025-08-25,Puglia,396.6,354
2025-08-25,Sardegna,183.2,166
2025-08-25,Sicilia,431.0,307
2025-08-25,Toscana,331.0,378
2025-08-25,Trentino-Alto Adige,115.6,95
2025-08-25,Umbria,94.4,98
2025-08-25,Valle d'Aosta,8.1,8
2025-08-25,Veneto,513.1,483
2025-09-01,Abruzzo,154.7,161
2025-09-01,Basilicata,75.7,101
2025-09-01,Calabria,199.7,187
2025-09-01,Campania,615.3,551
2025-09-01,Emilia-Romagna,383.2,503
2025-09-01,Friuli-Venezia Giulia,121.5,118
2025-09-01,Lazio,890.6,765
2025-09-01,Liguria,201.3,242
2025-09-01,Lombardia,1160.1,781
2025-09-01,Marche,224.9,217
2025-09-01,Molise,30.2,25
2025-09-01,Piemonte,460.8,440
2025-09-01,Puglia,424.5,346
2025-09-01,Sardegna,184.8,183
2025-09-01,Sicilia,443.4,543
2025-09-01,Toscana,346.3,346
2025-09-01,Trentino-Alto Adige,123.5,115
2025-09-01,Umbria,84.6,61
2025-09-01,Valle d'Aosta,14.4,12
2025-09-01,Veneto,527.5,781
2025-09-08,Abruzzo,151.4,142
2025-09-08,Basilicata,68.1,62
2025-09-08,Calabria,196.6,219
2025-09-08,Campania,557.5,569
2025-09-08,Emilia-Romagna,428.6,414
2025-09-08,Friuli-Venezia Giulia,126.3,174
2025-09-08,Lazio,960.0,836
2025-09-08,Liguria,198.2,165
2025-09-08,Lombardia,1230.3,1054
2025-09-08,Marche,214.8,207
2025-09-08,Molise,31.1,33
2025-09-08,Piemonte,439.0,356
2025-09-08,Puglia,430.2,676
2025-09-08,Sardegna,193.9,151
2025-09-08,Sicilia,450.6,487
2025-09-08,Toscana,356.9,238
2025-09-08,Trentino-Alto Adige,114.2,138
2025-09-08,Umbria,78.8,75
2025-09-08,Valle d'Aosta,14.6,19
2025-09-08,Veneto,556.5,778
2025-09-15,Abruzzo,156.7,143
2025-09-15,Basilicata,78.9,92
2025-09-15,Calabria,202.7,165
2025-09-15,Campania,603.4,810
2025-09-15,Emilia-Romagna,421.5,406
2025-09-15,Friuli-Venezia Giulia,135.4,162
2025-09-15,Lazio,975.2,793
2025-09-15,Liguria,202.3,213
2025-09-15,Lombardia,1258.4,1075
2025-09-15,Marche,232.8,306
2025-09-15,Molise,36.3,31
2025-09-15,Piemonte,429.4,270
2025-09-15,Puglia,433.9,311
2025-09-15,Sardegna,219.7,200
2025-09-15,Sicilia,461.0,460
2025-09-15,Toscana,372.7,266
2025-09-15,Trentino-Alto Adige,113.3,131
2025-09-15,Umbria,98.7,96
2025-09-15,Valle d'Aosta,6.1,5
2025-09-15,Veneto,529.5,565
2025-09-22,Abruzzo,162.5,285
2025-09-22,Basilicata,73.5,60
2025-09-22,Calabria,187.1,236
2025-09-22,Campania,608.3,570
2025-09-22,Emilia-Romagna,446.9,393
2025-09-22,Friuli-Venezia Giulia,132.7,107
2025-09-22,Lazio,987.0,1178
2025-09-22,Liguria,217.0,205
2025-09-22,Lombardia,1286.8,1166
2025-09-22,Marche,239.5,229
2025-09-22,Molise,21.9,27
2025-09-22,Piemonte,462.1,611
2025-09-22,Puglia,422.2,639
2025-09-22,Sardegna,187.5,212
2025-09-22,Sicilia,454.0,459
2025-09-22,Toscana,357.0,325
2025-09-22,Trentino-Alto Adige,132.0,183
2025-09-22,Umbria,99.2,98
2025-09-22,Valle d'Aosta,6.4,6
2025-09-22,Veneto,574.4,481
2025-09-29,Abruzzo,176.6,181
2025-09-29,Basilicata,92.7,95
2025-09-29,Calabria,197.1,175
2025-09-29,Campania,617.5,766
2025-09-29,Emilia-Romagna,461.3,701
2025-09-29,Friuli-Venezia Giulia,130.6,115
2025-09-29,Lazio,982.1,1156
2025-09-29,Liguria,214.6,218
2025-09-29,Lombardia,1359.8,1293
2025-09-29,Marche,245.8,158
2025-09-29,Molise,27.1,20
2025-09-29,Piemonte,474.5,459
2025-09-29,Puglia,417.4,640
2025-09-29,Sardegna,192.1,189
2025-09-29,Sicilia,463.4,552
2025-09-29,Toscana,418.9,354
2025-09-29,Trentino-Alto Adige,134.4,131
2025-09-29,Umbria,98.3,84
2025-09-29,Valle d'Aosta,10.9,14
2025-09-29,Veneto,561.5,485
2025-10-06,Abruzzo,161.3,134
2025-10-06,Basilicata,78.1,81
2025-10-06,Calabria,223.0,304
2025-10-06,Campania,643.6,736
2025-10-06,Emilia-Romagna,465.1,652
2025-10-06,Friuli-Venezia Giulia,140.3,149
2025-10-06,Lazio,1039.6,1315
2025-10-06,Liguria,222.6,224
2025-10-06,Lombardia,1369.1,1396
2025-10-06,Marche,256.3,406
2025-10-06,Molise,26.5,26
2025-10-06,Piemonte,504.2,393
2025-10-06,Puglia,424.4,435
2025-10-06,Sardegna,204.8,217
2025-10-06,Sicilia,466.0,513
2025-10-06,Toscana,361.0,409
2025-10-06,Trentino-Alto Adige,130.5,213
2025-10-06,Umbria,91.0,117
2025-10-06,Valle d'Aosta,10.9,7
2025-10-06,Veneto,619.2,897
2025-10-13,Abruzzo,163.2,124
2025-10-13,Basilicata,78.4,52
2025-10-13,Calabria,202.6,204
2025-10-13,Campania,670.8,872
2025-10-13,Emilia-Romagna,494.7,574
2025-10-13,Friuli-Venezia Giulia,152.1,135
2025-10-13,Lazio,1031.2,1031
2025-10-13,Liguria,223.8,228
2025-10-13,Lombardia,1464.7,1123
2025-10-13,Marche,244.3,298
2025-10-13,Molise,30.0,40
2025-10-13,Piemonte,506.5,455
2025-10-13,Puglia,438.5,395
2025-10-13,Sardegna,189.8,178
2025-10-13,Sicilia,467.6,551
2025-10-13,Toscana,388.1,305
2025-10-13,Trentino-Alto Adige,142.9,172
2025-10-13,Umbria,111.1,95
2025-10-13,Valle d'Aosta,6.0,5
2025-10-13,Veneto,626.4,725
2025-10-20,Abruzzo,179.9,213
2025-10-20,Basilicata,90.1,104
2025-10-20,Calabria,216.3,196
2025-10-20,Campania,648.8,532
2025-10-20,Emilia-Romagna,499.7,277
2025-10-20,Friuli-Venezia Giulia,158.0,187
2025-10-20,Lazio,1069.9,1301
2025-10-20,Liguria,203.7,167
2025-10-20,Lombardia,1499.5,1374
2025-10-20,Marche,239.0,212
2025-10-20,Molise,29.4,40
2025-10-20,Piemonte,545.1,464
2025-10-20,Puglia,437.7,374
2025-10-20,Sardegna,203.3,216
2025-10-20,Sicilia,502.4,502
2025-10-20,Toscana,388.3,469
2025-10-20,Trentino-Alto Adige,135.8,118
2025-10-20,Umbria,107.8,80
2025-10-20,Valle d'Aosta,6.8,8
2025-10-20,Veneto,666.5,482
2025-10-27,Abruzzo,165.4,118
2025-10-27,Basilicata,77.7,60
2025-10-27,Calabria,212.9,293
2025-10-27,Campania,667.4,794
2025-10-27,Emilia-Romagna,516.1,551
2025-10-27,Friuli-Venezia Giulia,147.1,104
2025-10-27,Lazio,1092.0,1023
2025-10-27,Liguria,219.5,183
2025-10-27,Lombardia,1543.6,1932
2025-10-27,Marche,264.7,213
2025-10-27,Molise,26.9,41
2025-10-27,Piemonte,540.0,565
2025-10-27,Puglia,438.6,466
2025-10-27,Sardegna,195.7,268
2025-10-27,Sicilia,495.4,609
2025-10-27,Toscana,416.0,405
2025-10-27,Trentino-Alto Adige,128.8,127
2025-10-27,Umbria,113.7,111
2025-10-27,Valle d'Aosta,7.3,7
2025-10-27,Veneto,624.8,785
2025-11-03,Abruzzo,180.6,127
2025-11-03,Basilicata,89.7,63
2025-11-03,Calabria,213.3,210
2025-11-03,Campania,668.6,611
2025-11-03,Emilia-Romagna,507.7,416
2025-11-03,Friuli-Venezia Giulia,149.0,141
2025-11-03,Lazio,1102.0,947
2025-11-03,Liguria,225.9,187
2025-11-03,Lombardia,1541.9,1463
2025-11-03,Marche,272.7,365
2025-11-03,Molise,34.3,25
2025-11-03,Piemonte,553.9,508
2025-11-03,Puglia,414.1,358
2025-11-03,Sardegna,216.6,200
2025-11-03,Sicilia,451.0,558
2025-11-03,Toscana,411.8,386
2025-11-03,Trentino-Alto Adige,133.2,151
2025-11-03,Umbria,98.1,106
2025-11-03,Valle d'Aosta,12.1,10
2025-11-03,Veneto,658.6,639
2025-11-10,Abruzzo,176.4,196
2025-11-10,Basilicata,80.7,94
2025-11-10,Calabria,207.7,364
2025-11-10,Campania,663.3,761
2025-11-10,Emilia-Romagna,487.8,598
2025-11-10,Friuli-Venezia Giulia,167.4,127
2025-11-10,Lazio,1100.1,2196
2025-11-10,Liguria,235.8,222
2025-11-10,Lombardia,1496.2,1897
2025-11-10,Marche,255.7,287
2025-11-10,Molise,38.1,37
2025-11-10,Piemonte,552.4,423
2025-11-10,Puglia,457.0,515
2025-11-10,Sardegna,217.6,224
2025-11-10,Sicilia,479.9,359
2025-11-10,Toscana,378.1,406
2025-11-10,Trentino-Alto Adige,133.1,129
2025-11-10,Umbria,107.6,167
2025-11-10,Valle d'Aosta,8.7,8
2025-11-10,Veneto,653.6,732
2025-11-17,Abruzzo,176.0,164
2025-11-17,Basilicata,93.9,90
2025-11-17,Calabria,213.4,176
2025-11-17,Campania,668.4,635
2025-11-17,Emilia-Romagna,489.2,511
2025-11-17,Friuli-Venezia Giulia,164.5,123
2025-11-17,Lazio,1080.4,1111
2025-11-17,Liguria,220.1,205
2025-11-17,Lombardia,1504.4,1485
2025-11-17,Marche,248.7,314
2025-11-17,Molise,28.3,25
2025-11-17,Piemonte,569.0,648
2025-11-17,Puglia,441.0,415
2025-11-17,Sardegna,197.8,261
2025-11-17,Sicilia,487.0,563
2025-11-17,Toscana,420.7,698
2025-11-17,Trentino-Alto Adige,130.7,96
2025-11-17,Umbria,94.7,76
2025-11-17,Valle d'Aosta,11.0,12
2025-11-17,Veneto,629.5,736
2025-11-24,Abruzzo,180.2,183
2025-11-24,Basilicata,95.7,94
2025-11-24,Calabria,185.8,183
2025-11-24,Campania,658.7,563
2025-11-24,Emilia-Romagna,475.3,304
2025-11-24,Friuli-Venezia Giulia,142.0,140
2025-11-24,Lazio,1009.8,1300
2025-11-24,Liguria,227.1,250
2025-11-24,Lombardia,1414.0,993
2025-11-24,Marche,255.7,158
2025-11-24,Molise,24.7,28
2025-11-24,Piemonte,526.1,731
2025-11-24,Puglia,420.1,409
2025-11-24,Sardegna,198.3,223
2025-11-24,Sicilia,500.2,643
2025-11-24,Toscana,376.8,335
2025-11-24,Trentino-Alto Adige,132.8,93
2025-11-24,Umbria,97.6,94
2025-11-24,Valle d'Aosta,8.3,8
2025-11-24,Veneto,598.6,728
2025-12-01,Abruzzo,152.1,206
2025-12-01,Basilicata,80.7,64
2025-12-01,Calabria,196.2,171
2025-12-01,Campania,591.1,705
2025-12-01,Emilia-Romagna,424.8,357
2025-12-01,Friuli-Venezia Giulia,132.4,153
2025-12-01,Lazio,995.2,649
2025-12-01,Liguria,204.9,216
2025-12-01,Lombardia,1319.0,1456
2025-12-01,Marche,250.5,202
2025-12-01,Molise,28.5,31
2025-12-01,Piemonte,482.5,567
2025-12-01,Puglia,398.6,315
2025-12-01,Sardegna,166.0,192
2025-12-01,Sicilia,441.5,396
2025-12-01,Toscana,386.2,304
2025-12-01,Trentino-Alto Adige,117.1,109
2025-12-01,Umbria,105.1,142
2025-12-01,Valle d'Aosta,7.6,8
2025-12-01,Veneto,552.4,541
2025-12-08,Abruzzo,147.3,195
2025-12-08,Basilicata,64.1,49
2025-12-08,Calabria,169.3,203
2025-12-08,Campania,525.4,534
2025-12-08,Emilia-Romagna,375.7,284
2025-12-08,Friuli-Venezia Giulia,121.1,78
2025-12-08,Lazio,825.6,835
2025-12-08,Liguria,176.1,178
2025-12-08,Lombardia,1159.7,990
2025-12-08,Marche,185.1,204
2025-12-08,Molise,18.2,20
2025-12-08,Piemonte,401.7,464
2025-12-08,Puglia,346.2,287
2025-12-08,Sardegna,151.6,136
2025-12-08,Sicilia,372.6,238
2025-12-08,Toscana,315.1,368
2025-12-08,Trentino-Alto Adige,97.5,114
2025-12-08,Umbria,89.1,108
2025-12-08,Valle d'Aosta,8.5,8
2025-12-08,Veneto,515.1,386
2025-12-15,Abruzzo,110.3,135
2025-12-15,Basilicata,44.9,45
2025-12-15,Calabria,117.3,120
2025-12-15,Campania,431.1,356
2025-12-15,Emilia-Romagna,333.6,368
2025-12-15,Friuli-Venezia Giulia,69.2,58
2025-12-15,Lazio,681.5,725
2025-12-15,Liguria,124.3,114
2025-12-15,Lombardia,856.2,855
2025-12-15,Marche,173.7,160
2025-12-15,Molise,21.3,20
2025-12-15,Piemonte,298.6,370
2025-12-15,Puglia,315.2,253
2025-12-15,Sardegna,146.5,155
2025-12-15,Sicilia,280.3,193
2025-12-15,Toscana,260.4,217
2025-12-15,Trentino-Alto Adige,80.6,100
2025-12-15,Umbria,65.3,58
2025-12-15,Valle d'Aosta,7.5,7
2025-12-15,Veneto,395.2,390
2025-12-22,Abruzzo,84.9,85
2025-12-22,Basilicata,54.8,59
2025-12-22,Calabria,125.1,124
2025-12-22,Campania,359.7,429
2025-12-22,Emilia-Romagna,304.2,313
2025-12-22,Friuli-Venezia Giulia,83.0,90
2025-12-22,Lazio,684.0,594
2025-12-22,Liguria,118.0,144
2025-12-22,Lombardia,824.9,807
2025-12-22,Marche,139.1,166
2025-12-22,Molise,19.6,18
2025-12-22,Piemonte,309.7,333
2025-12-22,Puglia,273.8,301
2025-12-22,Sardegna,113.9,117
2025-12-22,Sicilia,262.2,310
2025-12-22,Toscana,219.6,241
2025-12-22,Trentino-Alto Adige,65.8,51
2025-12-22,Umbria,58.6,84
2025-12-22,Valle d'Aosta,3.5,4
2025-12-22,Veneto,350.4,503
