n,codice,nome,disegno,seed_mondo,parametri_disegno,canali_trattati,dose_per_canale,regola,atteso,banda_min_pct,banda_max_pct,anomalia_min_pct,anomalia_max_pct,impronta_attesa,riduzione_attesa_pct,n_knots,keep,n_chains,adapt,burnin,seed_mcmc,revenue_per_kpi,prior_tipo,prior_sigma,prior_mu,decimali_stagionalita,osservativo_pit_atteso,osservativo_ci05_atteso,osservativo_ci95_atteso,csv
1,D0,D0_base_m0042,base,42,,,,identico_osservativo,2.2348,,,,,b3215553829a,,96,2000,4,500,500,42,40.0,riferimento,0.9,0.2,4,0.000125,1.6048,2.9857,griglia_D0_osservativo.csv
2,D0,D0_base_m0101,base,101,,,,identico_osservativo,2.4623,,,,,7eaa88ed1323,,96,2000,4,500,500,42,40.0,riferimento,0.9,0.2,4,0.0,1.8414,3.1728,griglia_D0_osservativo.csv
3,D0,D0_base_m0102,base,102,,,,identico_osservativo,2.2105,,,,,565abd654b6a,,96,2000,4,500,500,42,40.0,riferimento,0.9,0.2,4,0.000625,1.5996,2.8568,griglia_D0_osservativo.csv
4,D0,D0_base_m0103,base,103,,,,identico_osservativo,2.5835,,,,,29b7941e94a3,,96,2000,4,500,500,42,40.0,riferimento,0.9,0.2,4,0.0,2.046,3.1754,griglia_D0_osservativo.csv
5,D0,D0_base_m0104,base,104,,,,identico_osservativo,2.5481,,,,,96fa64a16f1f,,96,2000,4,500,500,42,40.0,riferimento,0.9,0.2,4,0.0,1.9694,3.1798,griglia_D0_osservativo.csv
6,D0,D0_base_m0105,base,105,,,,identico_osservativo,1.9811,,,,,c6262d1d1d30,,96,2000,4,500,500,42,40.0,riferimento,0.9,0.2,4,0.0005,1.4369,2.5887,griglia_D0_osservativo.csv
7,D0,D0_base_m0106,base,106,,,,identico_osservativo,2.0244,,,,,35c658e7d251,,96,2000,4,500,500,42,40.0,riferimento,0.9,0.2,4,0.001625,1.4222,2.7087,griglia_D0_osservativo.csv
8,D0,D0_base_m0107,base,107,,,,identico_osservativo,1.6106,,,,,cb44b26282bc,,96,2000,4,500,500,42,40.0,riferimento,0.9,0.2,4,0.047625,1.0081,2.3642,griglia_D0_osservativo.csv
9,D1,D1_geo_m0042,geo,42,,Google Ads;LinkedIn Ads,Google Ads=27.61;LinkedIn Ads=44.58,replica_4dec,1.79,-1.7,-1.0,-2.0,2.0,a7d6a9e15487,-100.0,96,2000,4,500,500,42,40.0,riferimento,0.9,0.2,4,,,,griglia_D1_geo.csv
10,D1,D1_geo_m0101,geo,101,,Google Ads;LinkedIn Ads,Google Ads=37.25;LinkedIn Ads=30.92,prima_misura,,,,,,,-100.0,96,2000,4,500,500,42,40.0,riferimento,0.9,0.2,4,,,,griglia_D1_geo.csv
11,D1,D1_geo_m0102,geo,102,,Google Ads;LinkedIn Ads,Google Ads=27.71;LinkedIn Ads=41.87,prima_misura,,,,,,,-100.0,96,2000,4,500,500,42,40.0,riferimento,0.9,0.2,4,,,,griglia_D1_geo.csv
12,D1,D1_geo_m0103,geo,103,,Google Ads;LinkedIn Ads,Google Ads=30.22;LinkedIn Ads=22.49,prima_misura,,,,,,,-100.0,96,2000,4,500,500,42,40.0,riferimento,0.9,0.2,4,,,,griglia_D1_geo.csv
13,D1,D1_geo_m0104,geo,104,,Google Ads;LinkedIn Ads,Google Ads=31.93;LinkedIn Ads=22.89,prima_misura,,,,,,,-100.0,96,2000,4,500,500,42,40.0,riferimento,0.9,0.2,4,,,,griglia_D1_geo.csv
14,D1,D1_geo_m0105,geo,105,,Google Ads;LinkedIn Ads,Google Ads=17.87;LinkedIn Ads=37.05,prima_misura,,,,,,,-100.0,96,2000,4,500,500,42,40.0,riferimento,0.9,0.2,4,,,,griglia_D1_geo.csv
15,D1,D1_geo_m0106,geo,106,,Google Ads;LinkedIn Ads,Google Ads=27.81;LinkedIn Ads=31.22,prima_misura,,,,,,,-100.0,96,2000,4,500,500,42,40.0,riferimento,0.9,0.2,4,,,,griglia_D1_geo.csv
16,D1,D1_geo_m0107,geo,107,,Google Ads;LinkedIn Ads,Google Ads=17.57;LinkedIn Ads=47.49,prima_misura,,,,,,,-100.0,96,2000,4,500,500,42,40.0,riferimento,0.9,0.2,4,,,,griglia_D1_geo.csv
17,D7,D7_geo_google3_m0042,geo,42,canali=Google Ads;regioni=3,Google Ads,Google Ads=8.94,prima_misura,,,,,,,-100.0,96,2000,4,500,500,42,40.0,riferimento,0.9,0.2,4,,,,griglia_D7_geo_google_3regioni.csv
18,D7,D7_geo_google3_m0101,geo,101,canali=Google Ads;regioni=3,Google Ads,Google Ads=15.06,prima_misura,,,,,,,-100.0,96,2000,4,500,500,42,40.0,riferimento,0.9,0.2,4,,,,griglia_D7_geo_google_3regioni.csv
19,D7,D7_geo_google3_m0102,geo,102,canali=Google Ads;regioni=3,Google Ads,Google Ads=14.66,prima_misura,,,,,,,-100.0,96,2000,4,500,500,42,40.0,riferimento,0.9,0.2,4,,,,griglia_D7_geo_google_3regioni.csv
20,D7,D7_geo_google3_m0103,geo,103,canali=Google Ads;regioni=3,Google Ads,Google Ads=17.97,prima_misura,,,,,,,-100.0,96,2000,4,500,500,42,40.0,riferimento,0.9,0.2,4,,,,griglia_D7_geo_google_3regioni.csv
21,D7,D7_geo_google3_m0104,geo,104,canali=Google Ads;regioni=3,Google Ads,Google Ads=7.33,prima_misura,,,,,,,-100.0,96,2000,4,500,500,42,40.0,riferimento,0.9,0.2,4,,,,griglia_D7_geo_google_3regioni.csv
22,D7,D7_geo_google3_m0105,geo,105,canali=Google Ads;regioni=3,Google Ads,Google Ads=10.24,prima_misura,,,,,,,-100.0,96,2000,4,500,500,42,40.0,riferimento,0.9,0.2,4,,,,griglia_D7_geo_google_3regioni.csv
23,D7,D7_geo_google3_m0106,geo,106,canali=Google Ads;regioni=3,Google Ads,Google Ads=10.74,prima_misura,,,,,,,-100.0,96,2000,4,500,500,42,40.0,riferimento,0.9,0.2,4,,,,griglia_D7_geo_google_3regioni.csv
24,D7,D7_geo_google3_m0107,geo,107,canali=Google Ads;regioni=3,Google Ads,Google Ads=13.15,prima_misura,,,,,,,-100.0,96,2000,4,500,500,42,40.0,riferimento,0.9,0.2,4,,,,griglia_D7_geo_google_3regioni.csv
25,D2,D2_cal_rot0_m0042,calendario,42,rotazione=0,Google Ads;Meta Ads;LinkedIn Ads;Indeed;Subito Lavoro;Jooble;Altre job board,Google Ads=21.08;Meta Ads=14.06;LinkedIn Ads=13.45;Indeed=11.85;Subito Lavoro=11.75;Jooble=13.96;Altre job board=13.86,prima_misura,,,,,,,-100.0,96,2000,4,500,500,42,40.0,riferimento,0.9,0.2,4,,,,griglia_D2_calendario.csv
26,D2,D2_cal_rot1_m0101,calendario,101,rotazione=1,Google Ads;Meta Ads;LinkedIn Ads;Indeed;Subito Lavoro;Jooble;Altre job board,Google Ads=14.06;Meta Ads=13.45;LinkedIn Ads=11.85;Indeed=11.75;Subito Lavoro=13.96;Jooble=13.86;Altre job board=21.08,prima_misura,,,,,,,-100.0,96,2000,4,500,500,42,40.0,riferimento,0.9,0.2,4,,,,griglia_D2_calendario.csv
27,D2,D2_cal_rot2_m0102,calendario,102,rotazione=2,Google Ads;Meta Ads;LinkedIn Ads;Indeed;Subito Lavoro;Jooble;Altre job board,Google Ads=13.45;Meta Ads=11.85;LinkedIn Ads=11.75;Indeed=13.96;Subito Lavoro=13.86;Jooble=21.08;Altre job board=14.06,prima_misura,,,,,,,-100.0,96,2000,4,500,500,42,40.0,riferimento,0.9,0.2,4,,,,griglia_D2_calendario.csv
28,D2,D2_cal_rot3_m0103,calendario,103,rotazione=3,Google Ads;Meta Ads;LinkedIn Ads;Indeed;Subito Lavoro;Jooble;Altre job board,Google Ads=11.85;Meta Ads=11.75;LinkedIn Ads=13.96;Indeed=13.86;Subito Lavoro=21.08;Jooble=14.06;Altre job board=13.45,prima_misura,,,,,,,-100.0,96,2000,4,500,500,42,40.0,riferimento,0.9,0.2,4,,,,griglia_D2_calendario.csv
29,D2,D2_cal_rot4_m0104,calendario,104,rotazione=4,Google Ads;Meta Ads;LinkedIn Ads;Indeed;Subito Lavoro;Jooble;Altre job board,Google Ads=11.75;Meta Ads=13.96;LinkedIn Ads=13.86;Indeed=21.08;Subito Lavoro=14.06;Jooble=13.45;Altre job board=11.85,prima_misura,,,,,,,-100.0,96,2000,4,500,500,42,40.0,riferimento,0.9,0.2,4,,,,griglia_D2_calendario.csv
30,D2,D2_cal_rot5_m0105,calendario,105,rotazione=5,Google Ads;Meta Ads;LinkedIn Ads;Indeed;Subito Lavoro;Jooble;Altre job board,Google Ads=13.96;Meta Ads=13.86;LinkedIn Ads=21.08;Indeed=14.06;Subito Lavoro=13.45;Jooble=11.85;Altre job board=11.75,prima_misura,,,,,,,-100.0,96,2000,4,500,500,42,40.0,riferimento,0.9,0.2,4,,,,griglia_D2_calendario.csv
31,D2,D2_cal_rot6_m0106,calendario,106,rotazione=6,Google Ads;Meta Ads;LinkedIn Ads;Indeed;Subito Lavoro;Jooble;Altre job board,Google Ads=13.86;Meta Ads=21.08;LinkedIn Ads=14.06;Indeed=13.45;Subito Lavoro=11.85;Jooble=11.75;Altre job board=13.96,prima_misura,,,,,,,-100.0,96,2000,4,500,500,42,40.0,riferimento,0.9,0.2,4,,,,griglia_D2_calendario.csv
32,D2,D2_cal_rot0_m0107,calendario,107,rotazione=0,Google Ads;Meta Ads;LinkedIn Ads;Indeed;Subito Lavoro;Jooble;Altre job board,Google Ads=21.08;Meta Ads=14.06;LinkedIn Ads=13.45;Indeed=11.85;Subito Lavoro=11.75;Jooble=13.96;Altre job board=13.86,prima_misura,,,,,,,-100.0,96,2000,4,500,500,42,40.0,riferimento,0.9,0.2,4,,,,griglia_D2_calendario.csv
33,D3,D3_geo_google_m0042,geo,42,canali=Google Ads,Google Ads,Google Ads=27.61,prima_misura,,,,,,,-100.0,96,2000,4,500,500,42,40.0,riferimento,0.9,0.2,4,,,,griglia_D3_geo_canale_singolo.csv
34,D3,D3_geo_meta_m0042,geo,42,canali=Meta Ads,Meta Ads,Meta Ads=27.61,prima_misura,,,,,,,-100.0,96,2000,4,500,500,42,40.0,riferimento,0.9,0.2,4,,,,griglia_D3_geo_canale_singolo.csv
35,D3,D3_geo_linkedin_m0042,geo,42,canali=LinkedIn Ads,LinkedIn Ads,LinkedIn Ads=27.61,prima_misura,,,,,,,-100.0,96,2000,4,500,500,42,40.0,riferimento,0.9,0.2,4,,,,griglia_D3_geo_canale_singolo.csv
36,D3,D3_geo_indeed_m0042,geo,42,canali=Indeed,Indeed,Indeed=27.61,prima_misura,,,,,,,-100.0,96,2000,4,500,500,42,40.0,riferimento,0.9,0.2,4,,,,griglia_D3_geo_canale_singolo.csv
37,D3,D3_geo_subito_m0042,geo,42,canali=Subito Lavoro,Subito Lavoro,Subito Lavoro=27.61,prima_misura,,,,,,,-100.0,96,2000,4,500,500,42,40.0,riferimento,0.9,0.2,4,,,,griglia_D3_geo_canale_singolo.csv
38,D3,D3_geo_jooble_m0042,geo,42,canali=Jooble,Jooble,Jooble=27.61,prima_misura,,,,,,,-100.0,96,2000,4,500,500,42,40.0,riferimento,0.9,0.2,4,,,,griglia_D3_geo_canale_singolo.csv
39,D3,D3_geo_altre_m0042,geo,42,canali=Altre job board,Altre job board,Altre job board=27.61,prima_misura,,,,,,,-100.0,96,2000,4,500,500,42,40.0,riferimento,0.9,0.2,4,,,,griglia_D3_geo_canale_singolo.csv
40,D3,D3_geo_google_m0101,geo,101,canali=Google Ads,Google Ads,Google Ads=37.25,prima_misura,,,,,,,-100.0,96,2000,4,500,500,42,40.0,riferimento,0.9,0.2,4,,,,griglia_D3_geo_canale_singolo.csv
41,D3,D3_geo_jooble_m0101,geo,101,canali=Jooble,Jooble,Jooble=37.25,prima_misura,,,,,,,-100.0,96,2000,4,500,500,42,40.0,riferimento,0.9,0.2,4,,,,griglia_D3_geo_canale_singolo.csv
42,D3,D3_geo_google_m0102,geo,102,canali=Google Ads,Google Ads,Google Ads=27.71,prima_misura,,,,,,,-100.0,96,2000,4,500,500,42,40.0,riferimento,0.9,0.2,4,,,,griglia_D3_geo_canale_singolo.csv
43,D3,D3_geo_jooble_m0102,geo,102,canali=Jooble,Jooble,Jooble=27.71,prima_misura,,,,,,,-100.0,96,2000,4,500,500,42,40.0,riferimento,0.9,0.2,4,,,,griglia_D3_geo_canale_singolo.csv
44,D3,D3_geo_google_m0103,geo,103,canali=Google Ads,Google Ads,Google Ads=30.22,prima_misura,,,,,,,-100.0,96,2000,4,500,500,42,40.0,riferimento,0.9,0.2,4,,,,griglia_D3_geo_canale_singolo.csv
45,D3,D3_geo_jooble_m0103,geo,103,canali=Jooble,Jooble,Jooble=30.22,prima_misura,,,,,,,-100.0,96,2000,4,500,500,42,40.0,riferimento,0.9,0.2,4,,,,griglia_D3_geo_canale_singolo.csv
46,D3,D3_geo_google_m0104,geo,104,canali=Google Ads,Google Ads,Google Ads=31.93,prima_misura,,,,,,,-100.0,96,2000,4,500,500,42,40.0,riferimento,0.9,0.2,4,,,,griglia_D3_geo_canale_singolo.csv
47,D3,D3_geo_jooble_m0104,geo,104,canali=Jooble,Jooble,Jooble=31.93,prima_misura,,,,,,,-100.0,96,2000,4,500,500,42,40.0,riferimento,0.9,0.2,4,,,,griglia_D3_geo_canale_singolo.csv
48,D3,D3_geo_google_m0105,geo,105,canali=Google Ads,Google Ads,Google Ads=17.87,prima_misura,,,,,,,-100.0,96,2000,4,500,500,42,40.0,riferimento,0.9,0.2,4,,,,griglia_D3_geo_canale_singolo.csv
49,D3,D3_geo_jooble_m0105,geo,105,canali=Jooble,Jooble,Jooble=17.87,prima_misura,,,,,,,-100.0,96,2000,4,500,500,42,40.0,riferimento,0.9,0.2,4,,,,griglia_D3_geo_canale_singolo.csv
50,D3,D3_geo_google_m0106,geo,106,canali=Google Ads,Google Ads,Google Ads=27.81,prima_misura,,,,,,,-100.0,96,2000,4,500,500,42,40.0,riferimento,0.9,0.2,4,,,,griglia_D3_geo_canale_singolo.csv
51,D3,D3_geo_jooble_m0106,geo,106,canali=Jooble,Jooble,Jooble=27.81,prima_misura,,,,,,,-100.0,96,2000,4,500,500,42,40.0,riferimento,0.9,0.2,4,,,,griglia_D3_geo_canale_singolo.csv
52,D3,D3_geo_google_m0107,geo,107,canali=Google Ads,Google Ads,Google Ads=17.57,prima_misura,,,,,,,-100.0,96,2000,4,500,500,42,40.0,riferimento,0.9,0.2,4,,,,griglia_D3_geo_canale_singolo.csv
53,D3,D3_geo_jooble_m0107,geo,107,canali=Jooble,Jooble,Jooble=17.57,prima_misura,,,,,,,-100.0,96,2000,4,500,500,42,40.0,riferimento,0.9,0.2,4,,,,griglia_D3_geo_canale_singolo.csv
54,D4,D4_pause2_m0042,pause2,42,,Google Ads;Indeed;Jooble,Google Ads=100.0;Indeed=100.0;Jooble=100.0,replica_4dec,2.17,-1.7,-1.0,-2.0,2.0,4714c42e463b,-100.0,96,2000,4,500,500,42,40.0,riferimento,0.9,0.2,4,,,,griglia_D4_pause2.csv
55,D4,D4_pause2_m0101,pause2,101,,Google Ads;Indeed;Jooble,Google Ads=100.0;Indeed=100.0;Jooble=100.0,prima_misura,,,,,,,-100.0,96,2000,4,500,500,42,40.0,riferimento,0.9,0.2,4,,,,griglia_D4_pause2.csv
56,D4,D4_pause2_m0102,pause2,102,,Google Ads;Indeed;Jooble,Google Ads=100.0;Indeed=100.0;Jooble=100.0,prima_misura,,,,,,,-100.0,96,2000,4,500,500,42,40.0,riferimento,0.9,0.2,4,,,,griglia_D4_pause2.csv
57,D4,D4_pause2_m0103,pause2,103,,Google Ads;Indeed;Jooble,Google Ads=100.0;Indeed=100.0;Jooble=100.0,prima_misura,,,,,,,-100.0,96,2000,4,500,500,42,40.0,riferimento,0.9,0.2,4,,,,griglia_D4_pause2.csv
58,D4,D4_pause2_m0104,pause2,104,,Google Ads;Indeed;Jooble,Google Ads=100.0;Indeed=100.0;Jooble=100.0,prima_misura,,,,,,,-100.0,96,2000,4,500,500,42,40.0,riferimento,0.9,0.2,4,,,,griglia_D4_pause2.csv
59,D4,D4_pause2_m0105,pause2,105,,Google Ads;Indeed;Jooble,Google Ads=100.0;Indeed=100.0;Jooble=100.0,prima_misura,,,,,,,-100.0,96,2000,4,500,500,42,40.0,riferimento,0.9,0.2,4,,,,griglia_D4_pause2.csv
60,D4,D4_pause2_m0106,pause2,106,,Google Ads;Indeed;Jooble,Google Ads=100.0;Indeed=100.0;Jooble=100.0,prima_misura,,,,,,,-100.0,96,2000,4,500,500,42,40.0,riferimento,0.9,0.2,4,,,,griglia_D4_pause2.csv
61,D4,D4_pause2_m0107,pause2,107,,Google Ads;Indeed;Jooble,Google Ads=100.0;Indeed=100.0;Jooble=100.0,prima_misura,,,,,,,-100.0,96,2000,4,500,500,42,40.0,riferimento,0.9,0.2,4,,,,griglia_D4_pause2.csv
62,D5,D5_casuale2_m0042,casuale2,42,,Altre job board;Google Ads;Indeed;Jooble;LinkedIn Ads;Meta Ads;Subito Lavoro,Google Ads=100.0;Meta Ads=100.0;LinkedIn Ads=100.0;Indeed=100.0;Subito Lavoro=100.0;Jooble=100.0;Altre job board=100.0,replica_4dec,1.99,-1.7,-1.0,-2.0,2.0,ba045e89147d,,96,2000,4,500,500,42,40.0,riferimento,0.9,0.2,4,,,,griglia_D5_casuale2.csv
63,D5,D5_casuale2_m0101,casuale2,101,,Altre job board;Google Ads;Indeed;Jooble;LinkedIn Ads;Meta Ads;Subito Lavoro,Google Ads=100.0;Meta Ads=100.0;LinkedIn Ads=100.0;Indeed=100.0;Subito Lavoro=100.0;Jooble=100.0;Altre job board=100.0,prima_misura,,,,,,,,96,2000,4,500,500,42,40.0,riferimento,0.9,0.2,4,,,,griglia_D5_casuale2.csv
64,D5,D5_casuale2_m0102,casuale2,102,,Altre job board;Google Ads;Indeed;Jooble;LinkedIn Ads;Meta Ads;Subito Lavoro,Google Ads=100.0;Meta Ads=100.0;LinkedIn Ads=100.0;Indeed=100.0;Subito Lavoro=100.0;Jooble=100.0;Altre job board=100.0,prima_misura,,,,,,,,96,2000,4,500,500,42,40.0,riferimento,0.9,0.2,4,,,,griglia_D5_casuale2.csv
65,D5,D5_casuale2_m0103,casuale2,103,,Altre job board;Google Ads;Indeed;Jooble;LinkedIn Ads;Meta Ads;Subito Lavoro,Google Ads=100.0;Meta Ads=100.0;LinkedIn Ads=100.0;Indeed=100.0;Subito Lavoro=100.0;Jooble=100.0;Altre job board=100.0,prima_misura,,,,,,,,96,2000,4,500,500,42,40.0,riferimento,0.9,0.2,4,,,,griglia_D5_casuale2.csv
66,D5,D5_casuale2_m0104,casuale2,104,,Altre job board;Google Ads;Indeed;Jooble;LinkedIn Ads;Meta Ads;Subito Lavoro,Google Ads=100.0;Meta Ads=100.0;LinkedIn Ads=100.0;Indeed=100.0;Subito Lavoro=100.0;Jooble=100.0;Altre job board=100.0,prima_misura,,,,,,,,96,2000,4,500,500,42,40.0,riferimento,0.9,0.2,4,,,,griglia_D5_casuale2.csv
67,D5,D5_casuale2_m0105,casuale2,105,,Altre job board;Google Ads;Indeed;Jooble;LinkedIn Ads;Meta Ads;Subito Lavoro,Google Ads=100.0;Meta Ads=100.0;LinkedIn Ads=100.0;Indeed=100.0;Subito Lavoro=100.0;Jooble=100.0;Altre job board=100.0,prima_misura,,,,,,,,96,2000,4,500,500,42,40.0,riferimento,0.9,0.2,4,,,,griglia_D5_casuale2.csv
68,D5,D5_casuale2_m0106,casuale2,106,,Altre job board;Google Ads;Indeed;Jooble;LinkedIn Ads;Meta Ads;Subito Lavoro,Google Ads=100.0;Meta Ads=100.0;LinkedIn Ads=100.0;Indeed=100.0;Subito Lavoro=100.0;Jooble=100.0;Altre job board=100.0,prima_misura,,,,,,,,96,2000,4,500,500,42,40.0,riferimento,0.9,0.2,4,,,,griglia_D5_casuale2.csv
69,D5,D5_casuale2_m0107,casuale2,107,,Altre job board;Google Ads;Indeed;Jooble;LinkedIn Ads;Meta Ads;Subito Lavoro,Google Ads=100.0;Meta Ads=100.0;LinkedIn Ads=100.0;Indeed=100.0;Subito Lavoro=100.0;Jooble=100.0;Altre job board=100.0,prima_misura,,,,,,,,96,2000,4,500,500,42,40.0,riferimento,0.9,0.2,4,,,,griglia_D5_casuale2.csv
70,D6,D6_geo_google_i05_m0042,geo,42,canali=Google Ads;intensita=0.5,Google Ads,Google Ads=27.61,prima_misura,,,,,,,,96,2000,4,500,500,42,40.0,riferimento,0.9,0.2,4,,,,griglia_D6_geo_intensita05.csv
71,D6,D6_geo_google_i05_m0101,geo,101,canali=Google Ads;intensita=0.5,Google Ads,Google Ads=37.25,prima_misura,,,,,,,,96,2000,4,500,500,42,40.0,riferimento,0.9,0.2,4,,,,griglia_D6_geo_intensita05.csv
72,D6,D6_geo_google_i05_m0102,geo,102,canali=Google Ads;intensita=0.5,Google Ads,Google Ads=27.71,prima_misura,,,,,,,,96,2000,4,500,500,42,40.0,riferimento,0.9,0.2,4,,,,griglia_D6_geo_intensita05.csv
73,D6,D6_geo_google_i05_m0103,geo,103,canali=Google Ads;intensita=0.5,Google Ads,Google Ads=30.22,prima_misura,,,,,,,,96,2000,4,500,500,42,40.0,riferimento,0.9,0.2,4,,,,griglia_D6_geo_intensita05.csv
74,D6,D6_geo_google_i05_m0104,geo,104,canali=Google Ads;intensita=0.5,Google Ads,Google Ads=31.93,prima_misura,,,,,,,,96,2000,4,500,500,42,40.0,riferimento,0.9,0.2,4,,,,griglia_D6_geo_intensita05.csv
75,D6,D6_geo_google_i05_m0105,geo,105,canali=Google Ads;intensita=0.5,Google Ads,Google Ads=17.87,prima_misura,,,,,,,,96,2000,4,500,500,42,40.0,riferimento,0.9,0.2,4,,,,griglia_D6_geo_intensita05.csv
76,D6,D6_geo_google_i05_m0106,geo,106,canali=Google Ads;intensita=0.5,Google Ads,Google Ads=27.81,prima_misura,,,,,,,,96,2000,4,500,500,42,40.0,riferimento,0.9,0.2,4,,,,griglia_D6_geo_intensita05.csv
77,D6,D6_geo_google_i05_m0107,geo,107,canali=Google Ads;intensita=0.5,Google Ads,Google Ads=17.57,prima_misura,,,,,,,,96,2000,4,500,500,42,40.0,riferimento,0.9,0.2,4,,,,griglia_D6_geo_intensita05.csv
78,D8,D8_geo_google_sfalsato_m0042,geo,42,canali=Google Ads;sfalsato=1,Google Ads,Google Ads=27.61,prima_misura,,,,,,,-100.0,96,2000,4,500,500,42,40.0,riferimento,0.9,0.2,4,,,,griglia_D8_geo_sfalsato.csv
79,D8,D8_geo_google_sfalsato_m0101,geo,101,canali=Google Ads;sfalsato=1,Google Ads,Google Ads=37.25,prima_misura,,,,,,,-100.0,96,2000,4,500,500,42,40.0,riferimento,0.9,0.2,4,,,,griglia_D8_geo_sfalsato.csv
80,D8,D8_geo_google_sfalsato_m0102,geo,102,canali=Google Ads;sfalsato=1,Google Ads,Google Ads=27.71,prima_misura,,,,,,,-100.0,96,2000,4,500,500,42,40.0,riferimento,0.9,0.2,4,,,,griglia_D8_geo_sfalsato.csv
81,D8,D8_geo_google_sfalsato_m0103,geo,103,canali=Google Ads;sfalsato=1,Google Ads,Google Ads=30.22,prima_misura,,,,,,,-100.0,96,2000,4,500,500,42,40.0,riferimento,0.9,0.2,4,,,,griglia_D8_geo_sfalsato.csv
82,D8,D8_geo_google_sfalsato_m0104,geo,104,canali=Google Ads;sfalsato=1,Google Ads,Google Ads=31.93,prima_misura,,,,,,,-100.0,96,2000,4,500,500,42,40.0,riferimento,0.9,0.2,4,,,,griglia_D8_geo_sfalsato.csv
83,D8,D8_geo_google_sfalsato_m0105,geo,105,canali=Google Ads;sfalsato=1,Google Ads,Google Ads=17.87,prima_misura,,,,,,,-100.0,96,2000,4,500,500,42,40.0,riferimento,0.9,0.2,4,,,,griglia_D8_geo_sfalsato.csv
84,D8,D8_geo_google_sfalsato_m0106,geo,106,canali=Google Ads;sfalsato=1,Google Ads,Google Ads=27.81,prima_misura,,,,,,,-100.0,96,2000,4,500,500,42,40.0,riferimento,0.9,0.2,4,,,,griglia_D8_geo_sfalsato.csv
85,D8,D8_geo_google_sfalsato_m0107,geo,107,canali=Google Ads;sfalsato=1,Google Ads,Google Ads=17.57,prima_misura,,,,,,,-100.0,96,2000,4,500,500,42,40.0,riferimento,0.9,0.2,4,,,,griglia_D8_geo_sfalsato.csv
86,D9,D9a_prior_ln_s150_m0042,base,42,,,,prima_misura,,,,,,b3215553829a,,96,2000,4,500,500,42,40.0,riferimento,1.5,0.2,4,,,,griglia_D9_prior.csv
87,D9,D9b_prior_ln_s050_m0042,base,42,,,,prima_misura,,,,,,b3215553829a,,96,2000,4,500,500,42,40.0,riferimento,0.5,0.2,4,,,,griglia_D9_prior.csv
88,D9,D9c_prior_benchmark_s090_m0042,base,42,,,,prima_misura,,,,,,b3215553829a,,96,2000,4,500,500,42,40.0,ancorato-benchmark,0.9,,4,,,,griglia_D9_prior.csv
