n,codice,nome,seed_mondo,regola,atteso,ottenuto,pit,scostamento_pct,esito_scostamento,ammissibile,divergenze_pct,problemi_config,esito,messaggio
1,D0,D0_base_m0042,42,identico_osservativo,2.2348,2.2348,0.000125,0.0,ok,si,0.613,,ok,IDENTICO allo studio osservativo (2.2348)
2,D0,D0_base_m0101,101,identico_osservativo,2.4623,2.4623,0.0,0.0,ok,si,0.1,,ok,IDENTICO allo studio osservativo (2.4623)
3,D0,D0_base_m0102,102,identico_osservativo,2.2105,2.2105,0.000625,0.0,ok,si,0.625,,ok,IDENTICO allo studio osservativo (2.2105)
4,D0,D0_base_m0103,103,identico_osservativo,2.5835,2.5835,0.0,0.0,ok,si,0.037,,ok,IDENTICO allo studio osservativo (2.5835)
5,D0,D0_base_m0104,104,identico_osservativo,2.5481,2.5481,0.0,0.0,ok,si,0.025,,ok,IDENTICO allo studio osservativo (2.5481)
6,D0,D0_base_m0105,105,identico_osservativo,1.9811,1.9811,0.0005,0.0,ok,si,0.25,,ok,IDENTICO allo studio osservativo (1.9811)
7,D0,D0_base_m0106,106,identico_osservativo,2.0244,2.0244,0.001625,0.0,ok,si,0.013,,ok,IDENTICO allo studio osservativo (2.0244)
8,D0,D0_base_m0107,107,identico_osservativo,1.6106,1.6106,0.047625,0.0,ok,si,0.075,,ok,IDENTICO allo studio osservativo (1.6106)
9,D1,D1_geo_m0042,42,replica_4dec,1.79,1.7934,0.0205,0.19,fuori_banda,si,0.05,,segnalato,scostamento +0.19% fuori dalla banda -1.70..-1.00% ma dentro le soglie: segnalato
10,D1,D1_geo_m0101,101,prima_misura,,2.0626,0.001125,,prima_misura,si,0.35,,ok,prima misura: nessun atteso sul numero (collaudo di sola configurazione)
11,D1,D1_geo_m0102,102,prima_misura,,1.3039,0.200875,,prima_misura,si,0.062,,ok,prima misura: nessun atteso sul numero (collaudo di sola configurazione)
12,D1,D1_geo_m0103,103,prima_misura,,2.1598,0.00075,,prima_misura,si,0.05,,ok,prima misura: nessun atteso sul numero (collaudo di sola configurazione)
13,D1,D1_geo_m0104,104,prima_misura,,2.4182,0.0,,prima_misura,si,0.025,,ok,prima misura: nessun atteso sul numero (collaudo di sola configurazione)
14,D1,D1_geo_m0105,105,prima_misura,,1.8568,0.001625,,prima_misura,si,0.025,,ok,prima misura: nessun atteso sul numero (collaudo di sola configurazione)
15,D1,D1_geo_m0106,106,prima_misura,,1.541,0.05275,,prima_misura,si,0.863,,ok,prima misura: nessun atteso sul numero (collaudo di sola configurazione)
16,D1,D1_geo_m0107,107,prima_misura,,1.8039,0.024125,,prima_misura,si,0.075,,ok,prima misura: nessun atteso sul numero (collaudo di sola configurazione)
17,D7,D7_geo_google3_m0042,42,prima_misura,,2.1611,0.003625,,prima_misura,si,0.037,,ok,prima misura: nessun atteso sul numero (collaudo di sola configurazione)
18,D7,D7_geo_google3_m0101,101,prima_misura,,2.0663,0.00075,,prima_misura,si,0.037,,ok,prima misura: nessun atteso sul numero (collaudo di sola configurazione)
19,D7,D7_geo_google3_m0102,102,prima_misura,,1.7824,0.017,,prima_misura,si,0.15,,ok,prima misura: nessun atteso sul numero (collaudo di sola configurazione)
20,D7,D7_geo_google3_m0103,103,prima_misura,,2.2588,0.000125,,prima_misura,si,0.125,,ok,prima misura: nessun atteso sul numero (collaudo di sola configurazione)
21,D7,D7_geo_google3_m0104,104,prima_misura,,2.6058,0.0,,prima_misura,si,0.025,,ok,prima misura: nessun atteso sul numero (collaudo di sola configurazione)
22,D7,D7_geo_google3_m0105,105,prima_misura,,2.0015,0.001,,prima_misura,si,3.763,,ok,prima misura: nessun atteso sul numero (collaudo di sola configurazione) ; divergenze 3.763% > 1%
23,D7,D7_geo_google3_m0106,106,prima_misura,,1.4753,0.068125,,prima_misura,si,0.037,,ok,prima misura: nessun atteso sul numero (collaudo di sola configurazione)
24,D7,D7_geo_google3_m0107,107,prima_misura,,1.8022,0.004375,,prima_misura,si,0.1,,ok,prima misura: nessun atteso sul numero (collaudo di sola configurazione)
25,D2,D2_cal_rot0_m0042,42,prima_misura,,1.6418,0.00325,,prima_misura,si,0.025,,ok,prima misura: nessun atteso sul numero (collaudo di sola configurazione)
26,D2,D2_cal_rot1_m0101,101,prima_misura,,1.4221,0.032625,,prima_misura,si,0.0,,ok,prima misura: nessun atteso sul numero (collaudo di sola configurazione)
27,D2,D2_cal_rot2_m0102,102,prima_misura,,1.3455,0.0505,,prima_misura,si,0.075,,ok,prima misura: nessun atteso sul numero (collaudo di sola configurazione)
28,D2,D2_cal_rot3_m0103,103,prima_misura,,1.588,0.00175,,prima_misura,si,0.013,,ok,prima misura: nessun atteso sul numero (collaudo di sola configurazione)
29,D2,D2_cal_rot4_m0104,104,prima_misura,,1.7054,0.001625,,prima_misura,si,0.0,,ok,prima misura: nessun atteso sul numero (collaudo di sola configurazione)
30,D2,D2_cal_rot5_m0105,105,prima_misura,,1.2925,0.095375,,prima_misura,si,0.125,,ok,prima misura: nessun atteso sul numero (collaudo di sola configurazione)
31,D2,D2_cal_rot6_m0106,106,prima_misura,,1.3111,0.109375,,prima_misura,si,1.238,,ok,prima misura: nessun atteso sul numero (collaudo di sola configurazione) ; divergenze 1.238% > 1%
32,D2,D2_cal_rot0_m0107,107,prima_misura,,1.177,0.2185,,prima_misura,si,0.475,,ok,prima misura: nessun atteso sul numero (collaudo di sola configurazione)
33,D3,D3_geo_google_m0042,42,prima_misura,,1.9313,0.003625,,prima_misura,si,0.013,,ok,prima misura: nessun atteso sul numero (collaudo di sola configurazione)
34,D3,D3_geo_meta_m0042,42,prima_misura,,2.0531,0.000125,,prima_misura,si,0.013,,ok,prima misura: nessun atteso sul numero (collaudo di sola configurazione)
35,D3,D3_geo_linkedin_m0042,42,prima_misura,,2.479,0.0,,prima_misura,si,0.037,,ok,prima misura: nessun atteso sul numero (collaudo di sola configurazione)
36,D3,D3_geo_indeed_m0042,42,prima_misura,,1.9874,0.00125,,prima_misura,si,8.363,,ok,prima misura: nessun atteso sul numero (collaudo di sola configurazione) ; divergenze 8.363% > 1%
37,D3,D3_geo_subito_m0042,42,prima_misura,,2.019,0.0005,,prima_misura,si,0.013,,ok,prima misura: nessun atteso sul numero (collaudo di sola configurazione)
38,D3,D3_geo_jooble_m0042,42,prima_misura,,2.2688,0.0005,,prima_misura,si,0.062,,ok,prima misura: nessun atteso sul numero (collaudo di sola configurazione)
39,D3,D3_geo_altre_m0042,42,prima_misura,,2.3305,0.000125,,prima_misura,si,0.05,,ok,prima misura: nessun atteso sul numero (collaudo di sola configurazione)
40,D3,D3_geo_google_m0101,101,prima_misura,,2.1195,0.00075,,prima_misura,si,0.087,,ok,prima misura: nessun atteso sul numero (collaudo di sola configurazione)
41,D3,D3_geo_jooble_m0101,101,prima_misura,,2.4819,0.0,,prima_misura,si,0.05,,ok,prima misura: nessun atteso sul numero (collaudo di sola configurazione)
42,D3,D3_geo_google_m0102,102,prima_misura,,1.6007,0.05375,,prima_misura,si,0.688,,ok,prima misura: nessun atteso sul numero (collaudo di sola configurazione)
43,D3,D3_geo_jooble_m0102,102,prima_misura,,1.9476,0.004625,,prima_misura,si,2.763,,ok,prima misura: nessun atteso sul numero (collaudo di sola configurazione) ; divergenze 2.763% > 1%
44,D3,D3_geo_google_m0103,103,prima_misura,,2.1814,0.000375,,prima_misura,si,0.013,,ok,prima misura: nessun atteso sul numero (collaudo di sola configurazione)
45,D3,D3_geo_jooble_m0103,103,prima_misura,,2.0635,0.001125,,prima_misura,si,0.025,,ok,prima misura: nessun atteso sul numero (collaudo di sola configurazione)
46,D3,D3_geo_google_m0104,104,prima_misura,,2.6281,0.0,,prima_misura,si,0.075,,ok,prima misura: nessun atteso sul numero (collaudo di sola configurazione)
47,D3,D3_geo_jooble_m0104,104,prima_misura,,2.7457,0.0,,prima_misura,si,0.013,,ok,prima misura: nessun atteso sul numero (collaudo di sola configurazione)
48,D3,D3_geo_google_m0105,105,prima_misura,,1.5121,0.047125,,prima_misura,si,0.087,,ok,prima misura: nessun atteso sul numero (collaudo di sola configurazione)
49,D3,D3_geo_jooble_m0105,105,prima_misura,,2.0836,0.0005,,prima_misura,si,0.287,,ok,prima misura: nessun atteso sul numero (collaudo di sola configurazione)
50,D3,D3_geo_google_m0106,106,prima_misura,,1.5936,0.029625,,prima_misura,si,0.675,,ok,prima misura: nessun atteso sul numero (collaudo di sola configurazione)
51,D3,D3_geo_jooble_m0106,106,prima_misura,,2.0131,0.0025,,prima_misura,si,0.013,,ok,prima misura: nessun atteso sul numero (collaudo di sola configurazione)
52,D3,D3_geo_google_m0107,107,prima_misura,,1.7911,0.01075,,prima_misura,si,0.163,,ok,prima misura: nessun atteso sul numero (collaudo di sola configurazione)
53,D3,D3_geo_jooble_m0107,107,prima_misura,,1.9981,0.003625,,prima_misura,si,0.325,,ok,prima misura: nessun atteso sul numero (collaudo di sola configurazione)
54,D4,D4_pause2_m0042,42,replica_4dec,2.17,2.1084,0.001375,-2.839,anomalia,si,0.0,,anomalia,scostamento -2.84% SOTTO la soglia -2.00% dal 2.17 del registro
55,D4,D4_pause2_m0101,101,prima_misura,,2.0238,0.0005,,prima_misura,si,0.037,,ok,prima misura: nessun atteso sul numero (collaudo di sola configurazione)
56,D4,D4_pause2_m0102,102,prima_misura,,2.0821,0.000625,,prima_misura,si,0.713,,ok,prima misura: nessun atteso sul numero (collaudo di sola configurazione)
57,D4,D4_pause2_m0103,103,prima_misura,,2.0476,0.0,,prima_misura,si,0.037,,ok,prima misura: nessun atteso sul numero (collaudo di sola configurazione)
58,D4,D4_pause2_m0104,104,prima_misura,,2.3381,0.0,,prima_misura,si,0.075,,ok,prima misura: nessun atteso sul numero (collaudo di sola configurazione)
59,D4,D4_pause2_m0105,105,prima_misura,,1.7191,0.00925,,prima_misura,si,0.625,,ok,prima misura: nessun atteso sul numero (collaudo di sola configurazione)
60,D4,D4_pause2_m0106,106,prima_misura,,2.1163,0.000125,,prima_misura,si,2.087,,ok,prima misura: nessun atteso sul numero (collaudo di sola configurazione) ; divergenze 2.087% > 1%
61,D4,D4_pause2_m0107,107,prima_misura,,1.5929,0.027,,prima_misura,si,0.812,,ok,prima misura: nessun atteso sul numero (collaudo di sola configurazione)
62,D5,D5_casuale2_m0042,42,replica_4dec,1.99,1.9654,0.00475,-1.236,ok,si,1.6,,ok,scostamento -1.24% nella banda attesa -1.70..-1.00% (dati a 4 decimali contro 3) ; divergenze 1.6% > 1%
63,D5,D5_casuale2_m0101,101,prima_misura,,2.6253,0.0,,prima_misura,si,0.037,,ok,prima misura: nessun atteso sul numero (collaudo di sola configurazione)
64,D5,D5_casuale2_m0102,102,prima_misura,,2.1456,0.000625,,prima_misura,si,6.787,,ok,prima misura: nessun atteso sul numero (collaudo di sola configurazione) ; divergenze 6.787% > 1%
65,D5,D5_casuale2_m0103,103,prima_misura,,2.3822,0.0,,prima_misura,si,0.613,,ok,prima misura: nessun atteso sul numero (collaudo di sola configurazione)
66,D5,D5_casuale2_m0104,104,prima_misura,,2.7231,0.0,,prima_misura,si,0.263,,ok,prima misura: nessun atteso sul numero (collaudo di sola configurazione)
67,D5,D5_casuale2_m0105,105,prima_misura,,2.2166,0.000875,,prima_misura,si,0.4,,ok,prima misura: nessun atteso sul numero (collaudo di sola configurazione)
68,D5,D5_casuale2_m0106,106,prima_misura,,1.9811,0.001375,,prima_misura,si,0.588,,ok,prima misura: nessun atteso sul numero (collaudo di sola configurazione)
69,D5,D5_casuale2_m0107,107,prima_misura,,1.7814,0.024625,,prima_misura,si,0.0,,ok,prima misura: nessun atteso sul numero (collaudo di sola configurazione)
70,D6,D6_geo_google_i05_m0042,42,prima_misura,,2.0889,0.001875,,prima_misura,si,0.113,,ok,prima misura: nessun atteso sul numero (collaudo di sola configurazione)
71,D6,D6_geo_google_i05_m0101,101,prima_misura,,2.3572,0.000125,,prima_misura,si,0.05,,ok,prima misura: nessun atteso sul numero (collaudo di sola configurazione)
72,D6,D6_geo_google_i05_m0102,102,prima_misura,,1.8277,0.013875,,prima_misura,si,2.513,,ok,prima misura: nessun atteso sul numero (collaudo di sola configurazione) ; divergenze 2.513% > 1%
73,D6,D6_geo_google_i05_m0103,103,prima_misura,,2.2444,0.0,,prima_misura,si,0.138,,ok,prima misura: nessun atteso sul numero (collaudo di sola configurazione)
74,D6,D6_geo_google_i05_m0104,104,prima_misura,,2.7967,0.0,,prima_misura,si,0.0,,ok,prima misura: nessun atteso sul numero (collaudo di sola configurazione)
75,D6,D6_geo_google_i05_m0105,105,prima_misura,,1.9287,0.001,,prima_misura,si,0.25,,ok,prima misura: nessun atteso sul numero (collaudo di sola configurazione)
76,D6,D6_geo_google_i05_m0106,106,prima_misura,,1.6519,0.010125,,prima_misura,si,0.025,,ok,prima misura: nessun atteso sul numero (collaudo di sola configurazione)
77,D6,D6_geo_google_i05_m0107,107,prima_misura,,1.9158,0.004,,prima_misura,si,0.25,,ok,prima misura: nessun atteso sul numero (collaudo di sola configurazione)
78,D8,D8_geo_google_sfalsato_m0042,42,prima_misura,,2.5878,0.0,,prima_misura,si,0.113,,ok,prima misura: nessun atteso sul numero (collaudo di sola configurazione)
79,D8,D8_geo_google_sfalsato_m0101,101,prima_misura,,2.3836,0.0,,prima_misura,si,0.062,,ok,prima misura: nessun atteso sul numero (collaudo di sola configurazione)
80,D8,D8_geo_google_sfalsato_m0102,102,prima_misura,,1.8607,0.0095,,prima_misura,si,1.288,,ok,prima misura: nessun atteso sul numero (collaudo di sola configurazione) ; divergenze 1.288% > 1%
81,D8,D8_geo_google_sfalsato_m0103,103,prima_misura,,2.1046,0.00075,,prima_misura,si,0.087,,ok,prima misura: nessun atteso sul numero (collaudo di sola configurazione)
82,D8,D8_geo_google_sfalsato_m0104,104,prima_misura,,2.7706,0.0,,prima_misura,si,0.0,,ok,prima misura: nessun atteso sul numero (collaudo di sola configurazione)
83,D8,D8_geo_google_sfalsato_m0105,105,prima_misura,,1.8102,0.006625,,prima_misura,si,2.95,,ok,prima misura: nessun atteso sul numero (collaudo di sola configurazione) ; divergenze 2.95% > 1%
84,D8,D8_geo_google_sfalsato_m0106,106,prima_misura,,1.6446,0.041625,,prima_misura,si,0.062,,ok,prima misura: nessun atteso sul numero (collaudo di sola configurazione)
85,D8,D8_geo_google_sfalsato_m0107,107,prima_misura,,1.9908,0.00275,,prima_misura,si,0.025,,ok,prima misura: nessun atteso sul numero (collaudo di sola configurazione)
86,D9,D9a_prior_ln_s150_m0042,42,prima_misura,,2.4593,0.000125,,prima_misura,si,0.225,,ok,prima misura: nessun atteso sul numero (collaudo di sola configurazione)
87,D9,D9b_prior_ln_s050_m0042,42,prima_misura,,1.6596,0.011,,prima_misura,si,1.35,,ok,prima misura: nessun atteso sul numero (collaudo di sola configurazione) ; divergenze 1.35% > 1%
88,D9,D9c_prior_benchmark_s090_m0042,42,prima_misura,,2.4788,0.0,,prima_misura,si,1.0,,ok,prima misura: nessun atteso sul numero (collaudo di sola configurazione)
