quando,n,codice,nome,seed_mondo,regola,atteso,ottenuto,pit,scostamento_pct,esito_scostamento,ammissibile,divergenze_pct,problemi_config,esito,messaggio
2026-09-16 16:32:53,33,D3,D3_geo_google_m0042,42,prima_misura,,1.9313,0.003625,,prima_misura,si,0.013,,ok,prima misura: nessun atteso sul numero (collaudo di sola configurazione)
2026-09-16 16:40:56,34,D3,D3_geo_meta_m0042,42,prima_misura,,2.0531,0.000125,,prima_misura,si,0.013,,ok,prima misura: nessun atteso sul numero (collaudo di sola configurazione)
2026-09-16 16:51:19,35,D3,D3_geo_linkedin_m0042,42,prima_misura,,2.479,0.0,,prima_misura,si,0.037,,ok,prima misura: nessun atteso sul numero (collaudo di sola configurazione)
2026-09-16 17:07:19,36,D3,D3_geo_indeed_m0042,42,prima_misura,,1.9874,0.00125,,prima_misura,si,8.363,,ok,prima misura: nessun atteso sul numero (collaudo di sola configurazione) ; divergenze 8.363% > 1%
2026-09-16 17:17:40,37,D3,D3_geo_subito_m0042,42,prima_misura,,2.019,0.0005,,prima_misura,si,0.013,,ok,prima misura: nessun atteso sul numero (collaudo di sola configurazione)
2026-09-16 17:27:59,38,D3,D3_geo_jooble_m0042,42,prima_misura,,2.2688,0.0005,,prima_misura,si,0.062,,ok,prima misura: nessun atteso sul numero (collaudo di sola configurazione)
2026-09-16 17:38:19,39,D3,D3_geo_altre_m0042,42,prima_misura,,2.3305,0.000125,,prima_misura,si,0.05,,ok,prima misura: nessun atteso sul numero (collaudo di sola configurazione)
2026-09-16 17:45:44,40,D3,D3_geo_google_m0101,101,prima_misura,,2.1195,0.00075,,prima_misura,si,0.087,,ok,prima misura: nessun atteso sul numero (collaudo di sola configurazione)
2026-09-16 17:53:16,41,D3,D3_geo_jooble_m0101,101,prima_misura,,2.4819,0.0,,prima_misura,si,0.05,,ok,prima misura: nessun atteso sul numero (collaudo di sola configurazione)
2026-09-16 18:03:24,42,D3,D3_geo_google_m0102,102,prima_misura,,1.6007,0.05375,,prima_misura,si,0.688,,ok,prima misura: nessun atteso sul numero (collaudo di sola configurazione)
2026-09-16 18:13:39,43,D3,D3_geo_jooble_m0102,102,prima_misura,,1.9476,0.004625,,prima_misura,si,2.763,,ok,prima misura: nessun atteso sul numero (collaudo di sola configurazione) ; divergenze 2.763% > 1%
2026-09-16 18:23:55,44,D3,D3_geo_google_m0103,103,prima_misura,,2.1814,0.000375,,prima_misura,si,0.013,,ok,prima misura: nessun atteso sul numero (collaudo di sola configurazione)
2026-09-16 18:34:14,45,D3,D3_geo_jooble_m0103,103,prima_misura,,2.0635,0.001125,,prima_misura,si,0.025,,ok,prima misura: nessun atteso sul numero (collaudo di sola configurazione)
2026-09-16 18:44:35,46,D3,D3_geo_google_m0104,104,prima_misura,,2.6281,0.0,,prima_misura,si,0.075,,ok,prima misura: nessun atteso sul numero (collaudo di sola configurazione)
2026-09-16 18:54:59,47,D3,D3_geo_jooble_m0104,104,prima_misura,,2.7457,0.0,,prima_misura,si,0.013,,ok,prima misura: nessun atteso sul numero (collaudo di sola configurazione)
2026-09-16 19:15:01,48,D3,D3_geo_google_m0105,105,prima_misura,,1.5121,0.047125,,prima_misura,si,0.087,,ok,prima misura: nessun atteso sul numero (collaudo di sola configurazione)
2026-09-16 19:25:24,49,D3,D3_geo_jooble_m0105,105,prima_misura,,2.0836,0.0005,,prima_misura,si,0.287,,ok,prima misura: nessun atteso sul numero (collaudo di sola configurazione)
2026-09-16 19:40:57,50,D3,D3_geo_google_m0106,106,prima_misura,,1.5936,0.029625,,prima_misura,si,0.675,,ok,prima misura: nessun atteso sul numero (collaudo di sola configurazione)
2026-09-16 19:51:26,51,D3,D3_geo_jooble_m0106,106,prima_misura,,2.0131,0.0025,,prima_misura,si,0.013,,ok,prima misura: nessun atteso sul numero (collaudo di sola configurazione)
2026-09-16 20:01:39,52,D3,D3_geo_google_m0107,107,prima_misura,,1.7911,0.01075,,prima_misura,si,0.163,,ok,prima misura: nessun atteso sul numero (collaudo di sola configurazione)
2026-09-16 20:12:10,53,D3,D3_geo_jooble_m0107,107,prima_misura,,1.9981,0.003625,,prima_misura,si,0.325,,ok,prima misura: nessun atteso sul numero (collaudo di sola configurazione)
