mondo,seed_mondo,canale,spesa,vero,mediana,ci05,ci95,larghezza_relativa,dentro,pit,roi_vero,roi_stimato,rho_spearman,trattato,dose_pct,riduzione_effettiva_pct,spesa_vs_base_pct,spesa_ridistribuita_eur
D9a_prior_ln_s150_m0042,42,Altre job board,139863.12,380685.3,152865.3,13588.0,1173729.1,7.5893,1,0.753,2.7218,1.093,-0.8214,,,,,
D9a_prior_ln_s150_m0042,42,Google Ads,1271280.34,1903428.8,6114989.0,1655857.1,10530223.7,1.4512,1,0.061375,1.4973,4.8101,-0.8214,,,,,
D9a_prior_ln_s150_m0042,42,Indeed,550109.09,1384311.6,692374.6,63628.0,3557031.0,5.0455,1,0.725375,2.5164,1.2586,-0.8214,,,,,
D9a_prior_ln_s150_m0042,42,Jooble,68577.96,173039.1,86961.6,7017.1,854115.5,9.7411,1,0.688125,2.5232,1.2681,-0.8214,,,,,
D9a_prior_ln_s150_m0042,42,LinkedIn Ads,511507.45,449901.7,762429.2,62260.1,4068566.2,5.2547,1,0.354,0.8796,1.4906,-0.8214,,,,,
D9a_prior_ln_s150_m0042,42,Meta Ads,958416.12,1557350.9,6360015.0,451382.9,12779491.3,1.9384,1,0.144625,1.6249,6.636,-0.8214,,,,,
D9a_prior_ln_s150_m0042,42,Subito Lavoro,168043.16,484509.2,175347.6,15536.3,1395204.3,7.8682,1,0.76875,2.8832,1.0435,-0.8214,,,,,
D9b_prior_ln_s050_m0042,42,Altre job board,139863.12,380685.3,175453.5,76504.3,392636.7,1.8018,1,0.9435,2.7218,1.2545,-0.7857,,,,,
D9b_prior_ln_s050_m0042,42,Google Ads,1271280.34,1903428.8,5762526.0,2714376.9,9070799.0,1.1031,0,0.016,1.4973,4.5329,-0.7857,,,,,
D9b_prior_ln_s050_m0042,42,Indeed,550109.09,1384311.6,773066.9,331623.8,1822282.1,1.9282,1,0.866375,2.5164,1.4053,-0.7857,,,,,
D9b_prior_ln_s050_m0042,42,Jooble,68577.96,173039.1,85337.6,36636.7,195076.6,1.8566,1,0.9225,2.5232,1.2444,-0.7857,,,,,
D9b_prior_ln_s050_m0042,42,LinkedIn Ads,511507.45,449901.7,730559.2,305752.2,1759139.8,1.9894,1,0.177375,0.8796,1.4282,-0.7857,,,,,
D9b_prior_ln_s050_m0042,42,Meta Ads,958416.12,1557350.9,1957305.8,698342.2,6493340.0,2.9607,1,0.3685,1.6249,2.0422,-0.7857,,,,,
D9b_prior_ln_s050_m0042,42,Subito Lavoro,168043.16,484509.2,210082.9,92281.8,481084.1,1.8507,0,0.95175,2.8832,1.2502,-0.7857,,,,,
D9c_prior_benchmark_s090_m0042,42,Altre job board,139863.12,380685.3,402497.7,94324.7,1529660.6,3.5661,1,0.47525,2.7218,2.8778,0.0,,,,,
D9c_prior_benchmark_s090_m0042,42,Google Ads,1271280.34,1903428.8,5386316.0,1896363.8,9296023.6,1.3738,1,0.050625,1.4973,4.2369,0.0,,,,,
D9c_prior_benchmark_s090_m0042,42,Indeed,550109.09,1384311.6,1304103.8,341132.8,4058946.6,2.8509,1,0.535375,2.5164,2.3706,0.0,,,,,
D9c_prior_benchmark_s090_m0042,42,Jooble,68577.96,173039.1,203632.7,47054.5,840945.6,3.8986,1,0.421,2.5232,2.9694,0.0,,,,,
D9c_prior_benchmark_s090_m0042,42,LinkedIn Ads,511507.45,449901.7,323069.7,67769.7,1487930.3,4.3958,1,0.636,0.8796,0.6316,0.0,,,,,
D9c_prior_benchmark_s090_m0042,42,Meta Ads,958416.12,1557350.9,6695459.0,1672814.8,12025487.8,1.5462,0,0.043125,1.6249,6.986,0.0,,,,,
D9c_prior_benchmark_s090_m0042,42,Subito Lavoro,168043.16,484509.2,469467.1,118398.6,1724351.3,3.4208,1,0.516,2.8832,2.7937,0.0,,,,,
