delta,disegno,mondo,g_pct,p_R1,euro_mossi,riparto_pct,soddisfa_il_criterio_livello
0.0,D1,101,-1.6963,0.93,541216.62,Google Ads=-30.0000;Meta Ads=+28.8826;LinkedIn Ads=-30.0000;Indeed=+30.0000;Subito Lavoro=+30.0000;Jooble=+30.0000;Altre job board=+30.0000,no
0.0,D1,103,-1.27394,1.0,565771.9,Google Ads=-29.2988;Meta Ads=+30.0000;LinkedIn Ads=-30.0000;Indeed=+30.0000;Subito Lavoro=+30.0000;Jooble=+30.0000;Altre job board=+30.0000,no
0.0,D1,105,-1.25654,0.895,556338.99,Google Ads=-29.3775;Meta Ads=+30.0000;LinkedIn Ads=-30.0000;Indeed=+30.0000;Subito Lavoro=+30.0000;Jooble=+30.0000;Altre job board=+30.0000,no
0.0,D1,107,-1.56878,0.885,558938.13,Google Ads=-30.0000;Meta Ads=+28.2649;LinkedIn Ads=-30.0000;Indeed=+30.0000;Subito Lavoro=+30.0000;Jooble=+30.0000;Altre job board=+30.0000,no
0.0,D2,102,-1.63753,0.71,524271.0,Google Ads=-30.0000;Meta Ads=+28.8208;LinkedIn Ads=-30.0000;Indeed=+30.0000;Subito Lavoro=+30.0000;Jooble=+30.0000;Altre job board=+30.0000,no
0.0,D2,103,-1.27394,1.0,565771.9,Google Ads=-29.2988;Meta Ads=+30.0000;LinkedIn Ads=-30.0000;Indeed=+30.0000;Subito Lavoro=+30.0000;Jooble=+30.0000;Altre job board=+30.0000,no
0.0,D10,42,-1.96412,0.955,534836.34,Google Ads=-30.0000;Meta Ads=+26.8003;LinkedIn Ads=-30.0000;Indeed=+30.0000;Subito Lavoro=+30.0000;Jooble=+30.0000;Altre job board=+30.0000,no
0.0,D10,103,-1.27394,1.0,565771.9,Google Ads=-29.2988;Meta Ads=+30.0000;LinkedIn Ads=-30.0000;Indeed=+30.0000;Subito Lavoro=+30.0000;Jooble=+30.0000;Altre job board=+30.0000,no
0.1,D1,101,1.11186,0.92,438852.21,Google Ads=+13.0021;Meta Ads=-30.0000;LinkedIn Ads=-30.0000;Indeed=+30.0000;Subito Lavoro=+30.0000;Jooble=+30.0000;Altre job board=+30.0000,si
0.1,D1,103,0.58521,0.965,438633.01,Google Ads=+11.0773;Meta Ads=-30.0000;LinkedIn Ads=-30.0000;Indeed=+30.0000;Subito Lavoro=+30.0000;Jooble=+30.0000;Altre job board=+30.0000,si
0.1,D1,105,1.22787,0.955,453285.27,Google Ads=+13.7554;Meta Ads=-30.0000;LinkedIn Ads=-30.0000;Indeed=+30.0000;Subito Lavoro=+30.0000;Jooble=+30.0000;Altre job board=+30.0000,si
0.1,D1,107,1.18093,0.955,454868.37,Google Ads=+12.8839;Meta Ads=-30.0000;LinkedIn Ads=-30.0000;Indeed=+30.0000;Subito Lavoro=+30.0000;Jooble=+30.0000;Altre job board=+30.0000,si
0.1,D2,102,1.33893,0.95,435493.78,Google Ads=+14.2076;Meta Ads=-30.0000;LinkedIn Ads=-30.0000;Indeed=+30.0000;Subito Lavoro=+30.0000;Jooble=+30.0000;Altre job board=+30.0000,si
0.1,D2,103,0.58521,0.965,438633.01,Google Ads=+11.0773;Meta Ads=-30.0000;LinkedIn Ads=-30.0000;Indeed=+30.0000;Subito Lavoro=+30.0000;Jooble=+30.0000;Altre job board=+30.0000,si
0.1,D10,42,0.99557,0.935,440977.07,Google Ads=+12.8216;Meta Ads=-30.0000;LinkedIn Ads=-30.0000;Indeed=+30.0000;Subito Lavoro=+30.0000;Jooble=+30.0000;Altre job board=+30.0000,si
0.1,D10,103,0.58521,0.965,438633.01,Google Ads=+11.0773;Meta Ads=-30.0000;LinkedIn Ads=-30.0000;Indeed=+30.0000;Subito Lavoro=+30.0000;Jooble=+30.0000;Altre job board=+30.0000,si
0.25,D1,101,1.11186,0.92,438852.21,Google Ads=+13.0021;Meta Ads=-30.0000;LinkedIn Ads=-30.0000;Indeed=+30.0000;Subito Lavoro=+30.0000;Jooble=+30.0000;Altre job board=+30.0000,si
0.25,D1,103,0.58521,0.965,438633.01,Google Ads=+11.0773;Meta Ads=-30.0000;LinkedIn Ads=-30.0000;Indeed=+30.0000;Subito Lavoro=+30.0000;Jooble=+30.0000;Altre job board=+30.0000,si
0.25,D1,105,1.22787,0.955,453285.27,Google Ads=+13.7554;Meta Ads=-30.0000;LinkedIn Ads=-30.0000;Indeed=+30.0000;Subito Lavoro=+30.0000;Jooble=+30.0000;Altre job board=+30.0000,si
0.25,D1,107,1.18093,0.955,454868.37,Google Ads=+12.8839;Meta Ads=-30.0000;LinkedIn Ads=-30.0000;Indeed=+30.0000;Subito Lavoro=+30.0000;Jooble=+30.0000;Altre job board=+30.0000,si
0.25,D2,102,1.33893,0.95,435493.78,Google Ads=+14.2076;Meta Ads=-30.0000;LinkedIn Ads=-30.0000;Indeed=+30.0000;Subito Lavoro=+30.0000;Jooble=+30.0000;Altre job board=+30.0000,si
0.25,D2,103,0.58521,0.965,438633.01,Google Ads=+11.0773;Meta Ads=-30.0000;LinkedIn Ads=-30.0000;Indeed=+30.0000;Subito Lavoro=+30.0000;Jooble=+30.0000;Altre job board=+30.0000,si
0.25,D10,42,0.99557,0.935,440977.07,Google Ads=+12.8216;Meta Ads=-30.0000;LinkedIn Ads=-30.0000;Indeed=+30.0000;Subito Lavoro=+30.0000;Jooble=+30.0000;Altre job board=+30.0000,si
0.25,D10,103,0.58521,0.965,438633.01,Google Ads=+11.0773;Meta Ads=-30.0000;LinkedIn Ads=-30.0000;Indeed=+30.0000;Subito Lavoro=+30.0000;Jooble=+30.0000;Altre job board=+30.0000,si
0.5,D1,101,1.11186,0.92,438852.21,Google Ads=+13.0021;Meta Ads=-30.0000;LinkedIn Ads=-30.0000;Indeed=+30.0000;Subito Lavoro=+30.0000;Jooble=+30.0000;Altre job board=+30.0000,si
0.5,D1,103,0.58521,0.965,438633.01,Google Ads=+11.0773;Meta Ads=-30.0000;LinkedIn Ads=-30.0000;Indeed=+30.0000;Subito Lavoro=+30.0000;Jooble=+30.0000;Altre job board=+30.0000,si
0.5,D1,105,1.22787,0.955,453285.27,Google Ads=+13.7554;Meta Ads=-30.0000;LinkedIn Ads=-30.0000;Indeed=+30.0000;Subito Lavoro=+30.0000;Jooble=+30.0000;Altre job board=+30.0000,si
0.5,D1,107,1.18093,0.955,454868.37,Google Ads=+12.8839;Meta Ads=-30.0000;LinkedIn Ads=-30.0000;Indeed=+30.0000;Subito Lavoro=+30.0000;Jooble=+30.0000;Altre job board=+30.0000,si
0.5,D2,102,1.33893,0.95,435493.78,Google Ads=+14.2076;Meta Ads=-30.0000;LinkedIn Ads=-30.0000;Indeed=+30.0000;Subito Lavoro=+30.0000;Jooble=+30.0000;Altre job board=+30.0000,si
0.5,D2,103,0.58521,0.965,438633.01,Google Ads=+11.0773;Meta Ads=-30.0000;LinkedIn Ads=-30.0000;Indeed=+30.0000;Subito Lavoro=+30.0000;Jooble=+30.0000;Altre job board=+30.0000,si
0.5,D10,42,0.99557,0.935,440977.07,Google Ads=+12.8216;Meta Ads=-30.0000;LinkedIn Ads=-30.0000;Indeed=+30.0000;Subito Lavoro=+30.0000;Jooble=+30.0000;Altre job board=+30.0000,si
0.5,D10,103,0.58521,0.965,438633.01,Google Ads=+11.0773;Meta Ads=-30.0000;LinkedIn Ads=-30.0000;Indeed=+30.0000;Subito Lavoro=+30.0000;Jooble=+30.0000;Altre job board=+30.0000,si
0.75,D1,101,1.11186,0.92,438852.21,Google Ads=+13.0021;Meta Ads=-30.0000;LinkedIn Ads=-30.0000;Indeed=+30.0000;Subito Lavoro=+30.0000;Jooble=+30.0000;Altre job board=+30.0000,si
0.75,D1,103,0.58521,0.965,438633.01,Google Ads=+11.0773;Meta Ads=-30.0000;LinkedIn Ads=-30.0000;Indeed=+30.0000;Subito Lavoro=+30.0000;Jooble=+30.0000;Altre job board=+30.0000,si
0.75,D1,105,1.22787,0.955,453285.27,Google Ads=+13.7554;Meta Ads=-30.0000;LinkedIn Ads=-30.0000;Indeed=+30.0000;Subito Lavoro=+30.0000;Jooble=+30.0000;Altre job board=+30.0000,si
0.75,D1,107,1.18093,0.955,454868.37,Google Ads=+12.8839;Meta Ads=-30.0000;LinkedIn Ads=-30.0000;Indeed=+30.0000;Subito Lavoro=+30.0000;Jooble=+30.0000;Altre job board=+30.0000,si
0.75,D2,102,1.33893,0.95,435493.78,Google Ads=+14.2076;Meta Ads=-30.0000;LinkedIn Ads=-30.0000;Indeed=+30.0000;Subito Lavoro=+30.0000;Jooble=+30.0000;Altre job board=+30.0000,si
0.75,D2,103,0.58521,0.965,438633.01,Google Ads=+11.0773;Meta Ads=-30.0000;LinkedIn Ads=-30.0000;Indeed=+30.0000;Subito Lavoro=+30.0000;Jooble=+30.0000;Altre job board=+30.0000,si
0.75,D10,42,0.99557,0.935,440977.07,Google Ads=+12.8216;Meta Ads=-30.0000;LinkedIn Ads=-30.0000;Indeed=+30.0000;Subito Lavoro=+30.0000;Jooble=+30.0000;Altre job board=+30.0000,si
0.75,D10,103,0.58521,0.965,438633.01,Google Ads=+11.0773;Meta Ads=-30.0000;LinkedIn Ads=-30.0000;Indeed=+30.0000;Subito Lavoro=+30.0000;Jooble=+30.0000;Altre job board=+30.0000,si
1.0,D1,101,1.11186,0.92,438852.21,Google Ads=+13.0021;Meta Ads=-30.0000;LinkedIn Ads=-30.0000;Indeed=+30.0000;Subito Lavoro=+30.0000;Jooble=+30.0000;Altre job board=+30.0000,si
1.0,D1,103,0.58521,0.965,438633.01,Google Ads=+11.0773;Meta Ads=-30.0000;LinkedIn Ads=-30.0000;Indeed=+30.0000;Subito Lavoro=+30.0000;Jooble=+30.0000;Altre job board=+30.0000,si
1.0,D1,105,1.22787,0.955,453285.27,Google Ads=+13.7554;Meta Ads=-30.0000;LinkedIn Ads=-30.0000;Indeed=+30.0000;Subito Lavoro=+30.0000;Jooble=+30.0000;Altre job board=+30.0000,si
1.0,D1,107,1.18093,0.955,454868.37,Google Ads=+12.8839;Meta Ads=-30.0000;LinkedIn Ads=-30.0000;Indeed=+30.0000;Subito Lavoro=+30.0000;Jooble=+30.0000;Altre job board=+30.0000,si
1.0,D2,102,1.33893,0.95,435493.78,Google Ads=+14.2076;Meta Ads=-30.0000;LinkedIn Ads=-30.0000;Indeed=+30.0000;Subito Lavoro=+30.0000;Jooble=+30.0000;Altre job board=+30.0000,si
1.0,D2,103,0.58521,0.965,438633.01,Google Ads=+11.0773;Meta Ads=-30.0000;LinkedIn Ads=-30.0000;Indeed=+30.0000;Subito Lavoro=+30.0000;Jooble=+30.0000;Altre job board=+30.0000,si
1.0,D10,42,0.99557,0.935,440977.07,Google Ads=+12.8216;Meta Ads=-30.0000;LinkedIn Ads=-30.0000;Indeed=+30.0000;Subito Lavoro=+30.0000;Jooble=+30.0000;Altre job board=+30.0000,si
1.0,D10,103,0.58521,0.965,438633.01,Google Ads=+11.0773;Meta Ads=-30.0000;LinkedIn Ads=-30.0000;Indeed=+30.0000;Subito Lavoro=+30.0000;Jooble=+30.0000;Altre job board=+30.0000,si
