caso,seme,strategia,g_abs,g_pct,eur_mossi,cand_per_eur,p,p_nullo_9010,f,P_ab,riparto
D1/101,101,S1 freno 0.70,-236.7,-0.1495,75590.33,-0.003131,0.565,0.565,-0.221,0.9982,Google Ads=-4.190;Indeed=+15.000;LinkedIn Ads=-4.190
D1/101,101,S1 freno 0.80,-236.7,-0.1495,75590.33,-0.003131,0.565,0.565,-0.221,0.9982,Google Ads=-4.190;Indeed=+15.000;LinkedIn Ads=-4.190
D1/101,101,S1 freno 0.90,-236.7,-0.1495,75590.33,-0.003131,0.565,0.565,-0.221,0.9982,Google Ads=-4.190;Indeed=+15.000;LinkedIn Ads=-4.190
D1/101,101,S2 taglia x certezza,-234.9,-0.1484,75325.77,-0.003118,0.565,0.565,-0.22,0.9982,Google Ads=-4.175;Indeed=+14.947;LinkedIn Ads=-4.175
D1/101,101,S3 passo 1/2,-586.9,-0.3707,61586.53,-0.009529,0.465,0.45,-0.617,0.9982,Altre job board=-15.000;Google Ads=+4.868;Jooble=-15.000;Subito Lavoro=-15.000
D1/101,101,S3 passo 1/4,-239.9,-0.1515,30793.27,-0.007791,0.435,0.565,-0.42,0.9982,Altre job board=-7.500;Google Ads=+2.434;Jooble=-7.500;Subito Lavoro=-7.500
D1/101,101,S4 dentro il draw,-361.8,-0.2285,73766.72,-0.004904,0.495,0.535,-0.342,0.9982,Altre job board=-7.534;Google Ads=-0.072;Indeed=+14.638;Jooble=-17.376;LinkedIn Ads=-5.546;Meta Ads=-0.638;Subito Lavoro=-7.473
D1/101,101,S5 quinto percentile,546.4,0.3451,75590.33,0.007229,0.84,0.84,0.509,0.9982,Indeed=+15.000;LinkedIn Ads=-14.027
D1/101,101,S6 tetto 5%,-148.5,-0.0938,20528.84,-0.007232,0.34,0.585,-0.368,0.9982,Altre job board=-5.000;Google Ads=+1.623;Jooble=-5.000;Subito Lavoro=-5.000
D1/101,101,S7 mossa diffusa,-630.1,-0.3979,75590.33,-0.008335,0.435,0.435,-0.587,0.9982,Altre job board=-16.009;Indeed=+15.000;LinkedIn Ads=-4.676;Subito Lavoro=-13.284
D1/101,101,-- 90/10 (D11),-236.7,-0.1495,75590.33,-0.003131,0.565,0.565,-0.221,0.9982,Google Ads=-4.190;Indeed=+15.000;LinkedIn Ads=-4.190
D1/101,101,-- allocatore (D11),-1635.8,-1.0332,123173.06,-0.01328,0.435,0.13,-0.974,0.9982,Altre job board=-30.000;Google Ads=+9.736;Jooble=-30.000;Subito Lavoro=-30.000
D1/103,103,S1 freno 0.70,-189.7,-0.1198,79300.71,-0.002392,0.5,0.5,-0.183,0.9774,Google Ads=-4.133;Indeed=+15.000;LinkedIn Ads=-4.133
D1/103,103,S1 freno 0.80,-189.7,-0.1198,79300.71,-0.002392,0.5,0.5,-0.183,0.9774,Google Ads=-4.133;Indeed=+15.000;LinkedIn Ads=-4.133
D1/103,103,S1 freno 0.90,-189.7,-0.1198,79300.71,-0.002392,0.5,0.5,-0.183,0.9774,Google Ads=-4.133;Indeed=+15.000;LinkedIn Ads=-4.133
D1/103,103,S2 taglia x certezza,-169.0,-0.1067,75712.35,-0.002232,0.5,0.53,-0.166,0.9774,Google Ads=-3.946;Indeed=+14.321;LinkedIn Ads=-3.946
D1/103,103,S3 passo 1/2,-768.6,-0.4854,62725.66,-0.012253,0.45,0.3,-0.837,0.9774,Altre job board=-15.000;Google Ads=+4.495;Jooble=-15.000;Subito Lavoro=-15.000
D1/103,103,S3 passo 1/4,-331.1,-0.2091,31362.83,-0.010557,0.335,0.465,-0.591,0.9774,Altre job board=-7.500;Google Ads=+2.247;Jooble=-7.500;Subito Lavoro=-7.500
D1/103,103,S4 dentro il draw,-539.4,-0.3407,69021.35,-0.007815,0.47,0.385,-0.556,0.9774,Altre job board=-10.655;Google Ads=-0.608;Indeed=+12.536;Jooble=-21.669;LinkedIn Ads=-3.868;Meta Ads=+0.292;Subito Lavoro=-4.319
D1/103,103,S5 quinto percentile,-438.4,-0.2769,79300.71,-0.005528,0.4,0.4,-0.422,0.9774,Google Ads=-5.683;Indeed=+15.000
D1/103,103,S6 tetto 5%,-209.3,-0.1322,20908.55,-0.01001,0.305,0.5,-0.526,0.9774,Altre job board=-5.000;Google Ads=+1.498;Jooble=-5.000;Subito Lavoro=-5.000
D1/103,103,S7 mossa diffusa,-490.1,-0.3096,79300.71,-0.006181,0.385,0.385,-0.472,0.9774,Altre job board=-16.912;Google Ads=-1.894;Indeed=+15.000;LinkedIn Ads=-5.054
D1/103,103,-- 90/10 (D11),-189.7,-0.1198,79300.71,-0.002392,0.5,0.5,-0.183,0.9774,Google Ads=-4.133;Indeed=+15.000;LinkedIn Ads=-4.133
D1/103,103,-- allocatore (D11),-1996.2,-1.2608,125451.33,-0.015912,0.29,0.12,-1.651,0.9774,Altre job board=-30.000;Google Ads=+8.990;Jooble=-30.000;Subito Lavoro=-30.000
D1/105,105,S1 freno 0.70,564.2,0.3564,77081.0,0.00732,0.89,0.89,0.437,0.9952,Indeed=+15.000;LinkedIn Ads=-13.703
D1/105,105,S1 freno 0.80,564.2,0.3564,77081.0,0.00732,0.89,0.89,0.437,0.9952,Indeed=+15.000;LinkedIn Ads=-13.703
D1/105,105,S1 freno 0.90,564.2,0.3564,77081.0,0.00732,0.89,0.89,0.437,0.9952,Indeed=+15.000;LinkedIn Ads=-13.703
D1/105,105,S2 taglia x certezza,561.6,0.3547,76348.73,0.007356,0.89,0.89,0.437,0.9952,Indeed=+14.857;LinkedIn Ads=-13.573
D1/105,105,S3 passo 1/2,-799.5,-0.505,58821.65,-0.013592,0.455,0.37,-0.728,0.9952,Altre job board=-15.000;Google Ads=+4.458;Jooble=-15.000;Subito Lavoro=-15.000
D1/105,105,S3 passo 1/4,-346.8,-0.2191,29410.82,-0.011793,0.375,0.52,-0.533,0.9952,Altre job board=-7.500;Google Ads=+2.229;Jooble=-7.500;Subito Lavoro=-7.500
D1/105,105,S4 dentro il draw,-447.5,-0.2826,64362.63,-0.006953,0.55,0.52,-0.385,0.9952,Altre job board=-8.832;Google Ads=+0.056;Indeed=+12.383;Jooble=-15.925;LinkedIn Ads=-4.221;Meta Ads=-0.387;Subito Lavoro=-7.546
D1/105,105,S5 quinto percentile,564.2,0.3564,77081.0,0.00732,0.89,0.89,0.437,0.9952,Indeed=+15.000;LinkedIn Ads=-13.703
D1/105,105,S6 tetto 5%,-219.9,-0.1389,19607.22,-0.011213,0.36,0.57,-0.48,0.9952,Altre job board=-5.000;Google Ads=+1.486;Jooble=-5.000;Subito Lavoro=-5.000
D1/105,105,S7 mossa diffusa,-850.7,-0.5373,77081.0,-0.011036,0.37,0.37,-0.658,0.9952,Altre job board=-17.721;Indeed=+15.000;LinkedIn Ads=-4.568;Subito Lavoro=-14.151
D1/105,105,-- 90/10 (D11),564.2,0.3564,77081.0,0.00732,0.89,0.89,0.437,0.9952,Indeed=+15.000;LinkedIn Ads=-13.703
D1/105,105,-- allocatore (D11),-2055.8,-1.2984,117643.3,-0.017475,0.355,0.145,-1.343,0.9952,Altre job board=-30.000;Google Ads=+8.917;Jooble=-30.000;Subito Lavoro=-30.000
D1/107,107,S1 freno 0.70,-1343.4,-0.8485,145078.76,-0.00926,0.47,0.47,-0.758,0.9353,Google Ads=-11.040;Meta Ads=+15.000
D1/107,107,S1 freno 0.80,-1343.4,-0.8485,145078.76,-0.00926,0.47,0.47,-0.758,0.9353,Google Ads=-11.040;Meta Ads=+15.000
D1/107,107,S1 freno 0.90,-1343.4,-0.8485,145078.76,-0.00926,0.47,0.47,-0.758,0.9353,Google Ads=-11.040;Meta Ads=+15.000
D1/107,107,S2 taglia x certezza,-1134.4,-0.7165,126291.06,-0.008983,0.405,0.555,-0.723,0.9353,Google Ads=-9.611;Meta Ads=+13.058
D1/107,107,S3 passo 1/2,-700.5,-0.4425,61536.94,-0.011384,0.425,0.61,-0.699,0.9353,Altre job board=-15.000;Google Ads=+4.683;Jooble=-15.000;Subito Lavoro=-15.000
D1/107,107,S3 passo 1/4,-296.5,-0.1872,30768.47,-0.009635,0.335,0.7,-0.494,0.9353,Altre job board=-7.500;Google Ads=+2.341;Jooble=-7.500;Subito Lavoro=-7.500
D1/107,107,S4 dentro il draw,-1389.6,-0.8777,98816.77,-0.014063,0.345,0.43,-1.089,0.9353,Altre job board=-15.020;Google Ads=-0.458;Indeed=-3.362;Jooble=-39.871;LinkedIn Ads=-2.002;Meta Ads=+10.217;Subito Lavoro=-7.201
D1/107,107,S5 quinto percentile,0.0,0.0,0,,,0.7,,0.9353,(nulla)
D1/107,107,S6 tetto 5%,-186.1,-0.1175,20512.31,-0.009072,0.29,0.7,-0.439,0.9353,Altre job board=-5.000;Google Ads=+1.561;Jooble=-5.000;Subito Lavoro=-5.000
D1/107,107,S7 mossa diffusa,-2263.7,-1.4297,145078.76,-0.015603,0.315,0.315,-1.277,0.9353,Google Ads=-3.680;Indeed=-8.929;Jooble=-71.839;Meta Ads=+15.000
D1/107,107,-- 90/10 (D11),-1343.4,-0.8485,145078.76,-0.00926,0.47,0.47,-0.758,0.9353,Google Ads=-11.040;Meta Ads=+15.000
D1/107,107,-- allocatore (D11),-1865.0,-1.1779,123073.88,-0.015154,0.345,0.385,-1.217,0.9353,Altre job board=-30.000;Google Ads=+9.366;Jooble=-30.000;Subito Lavoro=-30.000
D2/102,102,S1 freno 0.70,577.2,0.3645,74736.64,0.007723,0.835,0.835,0.463,0.9771,Indeed=+15.000;LinkedIn Ads=-13.432
D2/102,102,S1 freno 0.80,577.2,0.3645,74736.64,0.007723,0.835,0.835,0.463,0.9771,Indeed=+15.000;LinkedIn Ads=-13.432
D2/102,102,S1 freno 0.90,577.2,0.3645,74736.64,0.007723,0.835,0.835,0.463,0.9771,Indeed=+15.000;LinkedIn Ads=-13.432
D2/102,102,S2 taglia x certezza,563.4,0.3559,71317.43,0.0079,0.835,0.835,0.464,0.9771,Indeed=+14.314;LinkedIn Ads=-12.817
D2/102,102,S3 passo 1/2,-607.3,-0.3836,58393.86,-0.0104,0.55,0.59,-0.567,0.9771,Altre job board=-15.000;Google Ads=+4.902;Jooble=-15.000;Subito Lavoro=-15.000
D2/102,102,S3 passo 1/4,-249.8,-0.1577,29196.93,-0.008554,0.5,0.6,-0.395,0.9771,Altre job board=-7.500;Google Ads=+2.451;Jooble=-7.500;Subito Lavoro=-7.500
D2/102,102,S4 dentro il draw,178.3,0.1126,54212.09,0.003289,0.785,0.755,0.175,0.9771,Altre job board=-4.555;Google Ads=+0.528;Indeed=+7.800;Jooble=-18.474;LinkedIn Ads=-5.262;Meta Ads=-0.617;Subito Lavoro=+5.244
D2/102,102,S5 quinto percentile,577.2,0.3645,74736.64,0.007723,0.835,0.835,0.463,0.9771,Indeed=+15.000;LinkedIn Ads=-13.432
D2/102,102,S6 tetto 5%,-154.9,-0.0978,19464.62,-0.007959,0.48,0.625,-0.348,0.9771,Altre job board=-5.000;Google Ads=+1.634;Jooble=-5.000;Subito Lavoro=-5.000
D2/102,102,S7 mossa diffusa,-298.9,-0.1888,74736.64,-0.003999,0.6,0.6,-0.24,0.9771,Indeed=+15.000;Jooble=-36.304;LinkedIn Ads=-4.477;Meta Ads=-2.783
D2/102,102,-- 90/10 (D11),577.2,0.3645,74736.64,0.007723,0.835,0.835,0.463,0.9771,Indeed=+15.000;LinkedIn Ads=-13.432
D2/102,102,-- allocatore (D11),-1679.0,-1.0605,116787.72,-0.014377,0.435,0.225,-0.888,0.9771,Altre job board=-30.000;Google Ads=+9.805;Jooble=-30.000;Subito Lavoro=-30.000
D2/103,103,S1 freno 0.70,-130.2,-0.0823,79300.7,-0.001642,0.53,0.53,-0.125,0.9988,Indeed=+15.000;Meta Ads=-8.445
D2/103,103,S1 freno 0.80,-130.2,-0.0823,79300.7,-0.001642,0.53,0.53,-0.125,0.9988,Indeed=+15.000;Meta Ads=-8.445
D2/103,103,S1 freno 0.90,-130.2,-0.0823,79300.7,-0.001642,0.53,0.53,-0.125,0.9988,Indeed=+15.000;Meta Ads=-8.445
D2/103,103,S2 taglia x certezza,-129.1,-0.0815,79102.45,-0.001632,0.53,0.56,-0.124,0.9988,Indeed=+14.963;Meta Ads=-8.424
D2/103,103,S3 passo 1/2,-768.6,-0.4854,62725.64,-0.012253,0.45,0.3,-0.837,0.9988,Altre job board=-15.000;Google Ads=+4.495;Jooble=-15.000;Subito Lavoro=-15.000
D2/103,103,S3 passo 1/4,-331.1,-0.2091,31362.82,-0.010557,0.335,0.465,-0.591,0.9988,Altre job board=-7.500;Google Ads=+2.247;Jooble=-7.500;Subito Lavoro=-7.500
D2/103,103,S4 dentro il draw,-400.4,-0.2529,61438.22,-0.006517,0.49,0.425,-0.441,0.9988,Altre job board=-3.038;Google Ads=-0.097;Indeed=+8.764;Jooble=-8.124;LinkedIn Ads=+2.888;Meta Ads=-4.050;Subito Lavoro=-6.044
D2/103,103,S5 quinto percentile,-130.2,-0.0823,79300.7,-0.001642,0.53,0.53,-0.125,0.9988,Indeed=+15.000;Meta Ads=-8.445
D2/103,103,S6 tetto 5%,-209.3,-0.1322,20908.55,-0.01001,0.305,0.5,-0.526,0.9988,Altre job board=-5.000;Google Ads=+1.498;Jooble=-5.000;Subito Lavoro=-5.000
D2/103,103,S7 mossa diffusa,-610.7,-0.3857,79300.7,-0.0077,0.37,0.37,-0.588,0.9988,Google Ads=-1.894;Indeed=+15.000;Meta Ads=-2.815;Subito Lavoro=-13.859
D2/103,103,-- 90/10 (D11),-130.2,-0.0823,79300.7,-0.001642,0.53,0.53,-0.125,0.9988,Indeed=+15.000;Meta Ads=-8.445
D2/103,103,-- allocatore (D11),-1996.2,-1.2608,125451.29,-0.015912,0.29,0.12,-1.651,0.9988,Altre job board=-30.000;Google Ads=+8.990;Jooble=-30.000;Subito Lavoro=-30.000
D10/42,42,S1 freno 0.70,274.6,0.1734,76726.19,0.003579,0.665,0.665,0.227,0.9802,Indeed=+13.947;LinkedIn Ads=-15.000
D10/42,42,S1 freno 0.80,274.6,0.1734,76726.19,0.003579,0.665,0.665,0.227,0.9802,Indeed=+13.947;LinkedIn Ads=-15.000
D10/42,42,S1 freno 0.90,274.6,0.1734,76726.19,0.003579,0.665,0.665,0.227,0.9802,Indeed=+13.947;LinkedIn Ads=-15.000
D10/42,42,S2 taglia x certezza,273.7,0.1729,73695.51,0.003715,0.665,0.665,0.231,0.9802,Indeed=+13.397;LinkedIn Ads=-14.407
D10/42,42,S3 passo 1/2,-778.6,-0.4918,56472.55,-0.013787,0.425,0.375,-0.765,0.9802,Altre job board=-15.000;Google Ads=+4.442;Jooble=-15.000;Subito Lavoro=-15.000
D10/42,42,S3 passo 1/4,-336.6,-0.2126,28236.27,-0.01192,0.345,0.515,-0.552,0.9802,Altre job board=-7.500;Google Ads=+2.221;Jooble=-7.500;Subito Lavoro=-7.500
D10/42,42,S4 dentro il draw,-10.2,-0.0064,47551.06,-0.000214,0.595,0.575,-0.011,0.9802,Altre job board=-3.854;Google Ads=+0.309;Indeed=+7.073;Jooble=+6.881;LinkedIn Ads=-6.283;Meta Ads=-0.208;Subito Lavoro=-4.777
D10/42,42,S5 quinto percentile,274.6,0.1734,76726.19,0.003579,0.665,0.665,0.227,0.9802,Indeed=+13.947;LinkedIn Ads=-15.000
D10/42,42,S6 tetto 5%,-213.1,-0.1346,18824.18,-0.011319,0.33,0.545,-0.494,0.9802,Altre job board=-5.000;Google Ads=+1.481;Jooble=-5.000;Subito Lavoro=-5.000
D10/42,42,S7 mossa diffusa,-1170.8,-0.7395,76726.19,-0.01526,0.34,0.34,-0.969,0.9802,Altre job board=-18.286;Indeed=+13.947;LinkedIn Ads=-5.000;Subito Lavoro=-15.220
D10/42,42,-- 90/10 (D11),274.6,0.1734,76726.19,0.003579,0.665,0.665,0.227,0.9802,Indeed=+13.947;LinkedIn Ads=-15.000
D10/42,42,-- allocatore (D11),-2013.0,-1.2714,112945.1,-0.017823,0.34,0.225,-1.449,0.9802,Altre job board=-30.000;Google Ads=+8.884;Jooble=-30.000;Subito Lavoro=-30.000
D10/103,103,S1 freno 0.70,-130.2,-0.0823,79300.7,-0.001642,0.53,0.53,-0.125,0.9996,Indeed=+15.000;Meta Ads=-8.445
D10/103,103,S1 freno 0.80,-130.2,-0.0823,79300.7,-0.001642,0.53,0.53,-0.125,0.9996,Indeed=+15.000;Meta Ads=-8.445
D10/103,103,S1 freno 0.90,-130.2,-0.0823,79300.7,-0.001642,0.53,0.53,-0.125,0.9996,Indeed=+15.000;Meta Ads=-8.445
D10/103,103,S2 taglia x certezza,-129.9,-0.082,79241.22,-0.001639,0.53,0.56,-0.125,0.9996,Indeed=+14.989;Meta Ads=-8.438
D10/103,103,S3 passo 1/2,-768.6,-0.4854,62725.65,-0.012253,0.45,0.3,-0.837,0.9996,Altre job board=-15.000;Google Ads=+4.495;Jooble=-15.000;Subito Lavoro=-15.000
D10/103,103,S3 passo 1/4,-331.1,-0.2091,31362.82,-0.010557,0.335,0.465,-0.591,0.9996,Altre job board=-7.500;Google Ads=+2.247;Jooble=-7.500;Subito Lavoro=-7.500
D10/103,103,S4 dentro il draw,153.0,0.0966,59376.4,0.002577,0.71,0.655,0.172,0.9996,Altre job board=-2.936;Google Ads=-0.107;Indeed=+6.101;Jooble=-12.291;LinkedIn Ads=-1.338;Meta Ads=-4.000;Subito Lavoro=+14.219
D10/103,103,S5 quinto percentile,-130.2,-0.0823,79300.7,-0.001642,0.53,0.53,-0.125,0.9996,Indeed=+15.000;Meta Ads=-8.445
D10/103,103,S6 tetto 5%,-209.3,-0.1322,20908.55,-0.01001,0.305,0.5,-0.526,0.9996,Altre job board=-5.000;Google Ads=+1.498;Jooble=-5.000;Subito Lavoro=-5.000
D10/103,103,S7 mossa diffusa,-198.7,-0.1255,79300.69,-0.002505,0.5,0.5,-0.191,0.9996,Indeed=+10.000;Jooble=-37.160;Meta Ads=-5.630;Subito Lavoro=+13.859
D10/103,103,-- 90/10 (D11),-130.2,-0.0823,79300.7,-0.001642,0.53,0.53,-0.125,0.9996,Indeed=+15.000;Meta Ads=-8.445
D10/103,103,-- allocatore (D11),-1996.2,-1.2608,125451.3,-0.015912,0.29,0.12,-1.651,0.9996,Altre job board=-30.000;Google Ads=+8.990;Jooble=-30.000;Subito Lavoro=-30.000
