settimana,regione,candidature
2024-01-01,Abruzzo,125
2024-01-01,Basilicata,64
2024-01-01,Calabria,188
2024-01-01,Campania,556
2024-01-01,Emilia-Romagna,341
2024-01-01,Friuli-Venezia Giulia,113
2024-01-01,Lazio,800
2024-01-01,Liguria,99
2024-01-01,Lombardia,949
2024-01-01,Marche,193
2024-01-01,Molise,25
2024-01-01,Piemonte,387
2024-01-01,Puglia,353
2024-01-01,Sardegna,189
2024-01-01,Sicilia,357
2024-01-01,Toscana,337
2024-01-01,Trentino-Alto Adige,119
2024-01-01,Umbria,80
2024-01-01,Valle d'Aosta,5
2024-01-01,Veneto,488
2024-01-08,Abruzzo,212
2024-01-08,Basilicata,63
2024-01-08,Calabria,174
2024-01-08,Campania,547
2024-01-08,Emilia-Romagna,404
2024-01-08,Friuli-Venezia Giulia,169
2024-01-08,Lazio,872
2024-01-08,Liguria,230
2024-01-08,Lombardia,1269
2024-01-08,Marche,250
2024-01-08,Molise,19
2024-01-08,Piemonte,529
2024-01-08,Puglia,414
2024-01-08,Sardegna,173
2024-01-08,Sicilia,474
2024-01-08,Toscana,349
2024-01-08,Trentino-Alto Adige,101
2024-01-08,Umbria,72
2024-01-08,Valle d'Aosta,10
2024-01-08,Veneto,574
2024-01-15,Abruzzo,162
2024-01-15,Basilicata,83
2024-01-15,Calabria,221
2024-01-15,Campania,790
2024-01-15,Emilia-Romagna,379
2024-01-15,Friuli-Venezia Giulia,129
2024-01-15,Lazio,960
2024-01-15,Liguria,221
2024-01-15,Lombardia,1345
2024-01-15,Marche,227
2024-01-15,Molise,35
2024-01-15,Piemonte,506
2024-01-15,Puglia,418
2024-01-15,Sardegna,238
2024-01-15,Sicilia,407
2024-01-15,Toscana,401
2024-01-15,Trentino-Alto Adige,148
2024-01-15,Umbria,112
2024-01-15,Valle d'Aosta,20
2024-01-15,Veneto,623
2024-01-22,Abruzzo,154
2024-01-22,Basilicata,55
2024-01-22,Calabria,178
2024-01-22,Campania,712
2024-01-22,Emilia-Romagna,493
2024-01-22,Friuli-Venezia Giulia,133
2024-01-22,Lazio,1012
2024-01-22,Liguria,191
2024-01-22,Lombardia,1201
2024-01-22,Marche,195
2024-01-22,Molise,39
2024-01-22,Piemonte,534
2024-01-22,Puglia,411
2024-01-22,Sardegna,194
2024-01-22,Sicilia,531
2024-01-22,Toscana,361
2024-01-22,Trentino-Alto Adige,120
2024-01-22,Umbria,92
2024-01-22,Valle d'Aosta,11
2024-01-22,Veneto,607
2024-01-29,Abruzzo,130
2024-01-29,Basilicata,81
2024-01-29,Calabria,215
2024-01-29,Campania,694
2024-01-29,Emilia-Romagna,455
2024-01-29,Friuli-Venezia Giulia,131
2024-01-29,Lazio,1087
2024-01-29,Liguria,194
2024-01-29,Lombardia,1234
2024-01-29,Marche,237
2024-01-29,Molise,29
2024-01-29,Piemonte,542
2024-01-29,Puglia,430
2024-01-29,Sardegna,236
2024-01-29,Sicilia,558
2024-01-29,Toscana,373
2024-01-29,Trentino-Alto Adige,107
2024-01-29,Umbria,78
2024-01-29,Valle d'Aosta,4
2024-01-29,Veneto,508
2024-02-05,Abruzzo,163
2024-02-05,Basilicata,73
2024-02-05,Calabria,209
2024-02-05,Campania,660
2024-02-05,Emilia-Romagna,553
2024-02-05,Friuli-Venezia Giulia,134
2024-02-05,Lazio,865
2024-02-05,Liguria,202
2024-02-05,Lombardia,1409
2024-02-05,Marche,165
2024-02-05,Molise,39
2024-02-05,Piemonte,489
2024-02-05,Puglia,342
2024-02-05,Sardegna,237
2024-02-05,Sicilia,470
2024-02-05,Toscana,337
2024-02-05,Trentino-Alto Adige,129
2024-02-05,Umbria,99
2024-02-05,Valle d'Aosta,9
2024-02-05,Veneto,563
2024-02-12,Abruzzo,180
2024-02-12,Basilicata,71
2024-02-12,Calabria,263
2024-02-12,Campania,621
2024-02-12,Emilia-Romagna,518
2024-02-12,Friuli-Venezia Giulia,142
2024-02-12,Lazio,918
2024-02-12,Liguria,239
2024-02-12,Lombardia,1481
2024-02-12,Marche,222
2024-02-12,Molise,42
2024-02-12,Piemonte,535
2024-02-12,Puglia,566
2024-02-12,Sardegna,168
2024-02-12,Sicilia,490
2024-02-12,Toscana,401
2024-02-12,Trentino-Alto Adige,140
2024-02-12,Umbria,94
2024-02-12,Valle d'Aosta,11
2024-02-12,Veneto,618
2024-02-19,Abruzzo,150
2024-02-19,Basilicata,106
2024-02-19,Calabria,182
2024-02-19,Campania,810
2024-02-19,Emilia-Romagna,418
2024-02-19,Friuli-Venezia Giulia,129
2024-02-19,Lazio,870
2024-02-19,Liguria,264
2024-02-19,Lombardia,1177
2024-02-19,Marche,278
2024-02-19,Molise,41
2024-02-19,Piemonte,538
2024-02-19,Puglia,472
2024-02-19,Sardegna,238
2024-02-19,Sicilia,478
2024-02-19,Toscana,440
2024-02-19,Trentino-Alto Adige,149
2024-02-19,Umbria,113
2024-02-19,Valle d'Aosta,11
2024-02-19,Veneto,553
2024-02-26,Abruzzo,186
2024-02-26,Basilicata,79
2024-02-26,Calabria,221
2024-02-26,Campania,611
2024-02-26,Emilia-Romagna,488
2024-02-26,Friuli-Venezia Giulia,158
2024-02-26,Lazio,901
2024-02-26,Liguria,184
2024-02-26,Lombardia,1120
2024-02-26,Marche,233
2024-02-26,Molise,21
2024-02-26,Piemonte,537
2024-02-26,Puglia,476
2024-02-26,Sardegna,203
2024-02-26,Sicilia,555
2024-02-26,Toscana,487
2024-02-26,Trentino-Alto Adige,158
2024-02-26,Umbria,112
2024-02-26,Valle d'Aosta,8
2024-02-26,Veneto,608
2024-03-04,Abruzzo,159
2024-03-04,Basilicata,76
2024-03-04,Calabria,237
2024-03-04,Campania,705
2024-03-04,Emilia-Romagna,489
2024-03-04,Friuli-Venezia Giulia,152
2024-03-04,Lazio,1030
2024-03-04,Liguria,200
2024-03-04,Lombardia,1253
2024-03-04,Marche,266
2024-03-04,Molise,41
2024-03-04,Piemonte,446
2024-03-04,Puglia,359
2024-03-04,Sardegna,197
2024-03-04,Sicilia,485
2024-03-04,Toscana,450
2024-03-04,Trentino-Alto Adige,134
2024-03-04,Umbria,110
2024-03-04,Valle d'Aosta,9
2024-03-04,Veneto,650
2024-03-11,Abruzzo,153
2024-03-11,Basilicata,83
2024-03-11,Calabria,226
2024-03-11,Campania,656
2024-03-11,Emilia-Romagna,474
2024-03-11,Friuli-Venezia Giulia,142
2024-03-11,Lazio,1092
2024-03-11,Liguria,232
2024-03-11,Lombardia,1381
2024-03-11,Marche,213
2024-03-11,Molise,38
2024-03-11,Piemonte,378
2024-03-11,Puglia,543
2024-03-11,Sardegna,257
2024-03-11,Sicilia,479
2024-03-11,Toscana,359
2024-03-11,Trentino-Alto Adige,154
2024-03-11,Umbria,127
2024-03-11,Valle d'Aosta,14
2024-03-11,Veneto,667
2024-03-18,Abruzzo,167
2024-03-18,Basilicata,51
2024-03-18,Calabria,249
2024-03-18,Campania,764
2024-03-18,Emilia-Romagna,516
2024-03-18,Friuli-Venezia Giulia,132
2024-03-18,Lazio,961
2024-03-18,Liguria,242
2024-03-18,Lombardia,1281
2024-03-18,Marche,259
2024-03-18,Molise,30
2024-03-18,Piemonte,495
2024-03-18,Puglia,441
2024-03-18,Sardegna,203
2024-03-18,Sicilia,501
2024-03-18,Toscana,382
2024-03-18,Trentino-Alto Adige,128
2024-03-18,Umbria,132
2024-03-18,Valle d'Aosta,10
2024-03-18,Veneto,674
2024-03-25,Abruzzo,181
2024-03-25,Basilicata,79
2024-03-25,Calabria,230
2024-03-25,Campania,725
2024-03-25,Emilia-Romagna,475
2024-03-25,Friuli-Venezia Giulia,133
2024-03-25,Lazio,895
2024-03-25,Liguria,265
2024-03-25,Lombardia,1481
2024-03-25,Marche,245
2024-03-25,Molise,34
2024-03-25,Piemonte,550
2024-03-25,Puglia,552
2024-03-25,Sardegna,205
2024-03-25,Sicilia,535
2024-03-25,Toscana,449
2024-03-25,Trentino-Alto Adige,134
2024-03-25,Umbria,97
2024-03-25,Valle d'Aosta,17
2024-03-25,Veneto,675
2024-04-01,Abruzzo,142
2024-04-01,Basilicata,53
2024-04-01,Calabria,227
2024-04-01,Campania,596
2024-04-01,Emilia-Romagna,533
2024-04-01,Friuli-Venezia Giulia,130
2024-04-01,Lazio,1035
2024-04-01,Liguria,214
2024-04-01,Lombardia,1287
2024-04-01,Marche,277
2024-04-01,Molise,27
2024-04-01,Piemonte,471
2024-04-01,Puglia,524
2024-04-01,Sardegna,219
2024-04-01,Sicilia,505
2024-04-01,Toscana,388
2024-04-01,Trentino-Alto Adige,165
2024-04-01,Umbria,119
2024-04-01,Valle d'Aosta,12
2024-04-01,Veneto,546
2024-04-08,Abruzzo,135
2024-04-08,Basilicata,52
2024-04-08,Calabria,241
2024-04-08,Campania,680
2024-04-08,Emilia-Romagna,477
2024-04-08,Friuli-Venezia Giulia,182
2024-04-08,Lazio,1134
2024-04-08,Liguria,281
2024-04-08,Lombardia,1201
2024-04-08,Marche,267
2024-04-08,Molise,36
2024-04-08,Piemonte,545
2024-04-08,Puglia,435
2024-04-08,Sardegna,217
2024-04-08,Sicilia,552
2024-04-08,Toscana,440
2024-04-08,Trentino-Alto Adige,146
2024-04-08,Umbria,94
2024-04-08,Valle d'Aosta,17
2024-04-08,Veneto,747
2024-04-15,Abruzzo,161
2024-04-15,Basilicata,83
2024-04-15,Calabria,254
2024-04-15,Campania,652
2024-04-15,Emilia-Romagna,508
2024-04-15,Friuli-Venezia Giulia,188
2024-04-15,Lazio,1087
2024-04-15,Liguria,249
2024-04-15,Lombardia,1104
2024-04-15,Marche,203
2024-04-15,Molise,36
2024-04-15,Piemonte,586
2024-04-15,Puglia,461
2024-04-15,Sardegna,224
2024-04-15,Sicilia,543
2024-04-15,Toscana,363
2024-04-15,Trentino-Alto Adige,156
2024-04-15,Umbria,111
2024-04-15,Valle d'Aosta,12
2024-04-15,Veneto,591
2024-04-22,Abruzzo,173
2024-04-22,Basilicata,84
2024-04-22,Calabria,216
2024-04-22,Campania,841
2024-04-22,Emilia-Romagna,502
2024-04-22,Friuli-Venezia Giulia,183
2024-04-22,Lazio,1120
2024-04-22,Liguria,242
2024-04-22,Lombardia,1444
2024-04-22,Marche,270
2024-04-22,Molise,31
2024-04-22,Piemonte,504
2024-04-22,Puglia,475
2024-04-22,Sardegna,210
2024-04-22,Sicilia,512
2024-04-22,Toscana,475
2024-04-22,Trentino-Alto Adige,170
2024-04-22,Umbria,104
2024-04-22,Valle d'Aosta,20
2024-04-22,Veneto,516
2024-04-29,Abruzzo,150
2024-04-29,Basilicata,105
2024-04-29,Calabria,249
2024-04-29,Campania,682
2024-04-29,Emilia-Romagna,498
2024-04-29,Friuli-Venezia Giulia,172
2024-04-29,Lazio,961
2024-04-29,Liguria,288
2024-04-29,Lombardia,1267
2024-04-29,Marche,246
2024-04-29,Molise,38
2024-04-29,Piemonte,549
2024-04-29,Puglia,436
2024-04-29,Sardegna,210
2024-04-29,Sicilia,608
2024-04-29,Toscana,408
2024-04-29,Trentino-Alto Adige,134
2024-04-29,Umbria,130
2024-04-29,Valle d'Aosta,15
2024-04-29,Veneto,547
2024-05-06,Abruzzo,180
2024-05-06,Basilicata,87
2024-05-06,Calabria,237
2024-05-06,Campania,699
2024-05-06,Emilia-Romagna,567
2024-05-06,Friuli-Venezia Giulia,169
2024-05-06,Lazio,957
2024-05-06,Liguria,218
2024-05-06,Lombardia,1190
2024-05-06,Marche,222
2024-05-06,Molise,39
2024-05-06,Piemonte,563
2024-05-06,Puglia,505
2024-05-06,Sardegna,261
2024-05-06,Sicilia,580
2024-05-06,Toscana,477
2024-05-06,Trentino-Alto Adige,122
2024-05-06,Umbria,104
2024-05-06,Valle d'Aosta,17
2024-05-06,Veneto,648
2024-05-13,Abruzzo,167
2024-05-13,Basilicata,75
2024-05-13,Calabria,198
2024-05-13,Campania,646
2024-05-13,Emilia-Romagna,540
2024-05-13,Friuli-Venezia Giulia,140
2024-05-13,Lazio,971
2024-05-13,Liguria,250
2024-05-13,Lombardia,1269
2024-05-13,Marche,263
2024-05-13,Molise,20
2024-05-13,Piemonte,459
2024-05-13,Puglia,492
2024-05-13,Sardegna,261
2024-05-13,Sicilia,583
2024-05-13,Toscana,506
2024-05-13,Trentino-Alto Adige,179
2024-05-13,Umbria,127
2024-05-13,Valle d'Aosta,6
2024-05-13,Veneto,695
2024-05-20,Abruzzo,155
2024-05-20,Basilicata,81
2024-05-20,Calabria,271
2024-05-20,Campania,784
2024-05-20,Emilia-Romagna,551
2024-05-20,Friuli-Venezia Giulia,138
2024-05-20,Lazio,1107
2024-05-20,Liguria,234
2024-05-20,Lombardia,1365
2024-05-20,Marche,242
2024-05-20,Molise,50
2024-05-20,Piemonte,514
2024-05-20,Puglia,596
2024-05-20,Sardegna,302
2024-05-20,Sicilia,736
2024-05-20,Toscana,466
2024-05-20,Trentino-Alto Adige,162
2024-05-20,Umbria,111
2024-05-20,Valle d'Aosta,13
2024-05-20,Veneto,760
2024-05-27,Abruzzo,205
2024-05-27,Basilicata,79
2024-05-27,Calabria,384
2024-05-27,Campania,864
2024-05-27,Emilia-Romagna,560
2024-05-27,Friuli-Venezia Giulia,159
2024-05-27,Lazio,1175
2024-05-27,Liguria,184
2024-05-27,Lombardia,1436
2024-05-27,Marche,275
2024-05-27,Molise,25
2024-05-27,Piemonte,621
2024-05-27,Puglia,615
2024-05-27,Sardegna,253
2024-05-27,Sicilia,703
2024-05-27,Toscana,540
2024-05-27,Trentino-Alto Adige,174
2024-05-27,Umbria,110
2024-05-27,Valle d'Aosta,15
2024-05-27,Veneto,711
2024-06-03,Abruzzo,210
2024-06-03,Basilicata,85
2024-06-03,Calabria,265
2024-06-03,Campania,689
2024-06-03,Emilia-Romagna,638
2024-06-03,Friuli-Venezia Giulia,186
2024-06-03,Lazio,1140
2024-06-03,Liguria,208
2024-06-03,Lombardia,1487
2024-06-03,Marche,264
2024-06-03,Molise,49
2024-06-03,Piemonte,587
2024-06-03,Puglia,610
2024-06-03,Sardegna,300
2024-06-03,Sicilia,740
2024-06-03,Toscana,454
2024-06-03,Trentino-Alto Adige,208
2024-06-03,Umbria,133
2024-06-03,Valle d'Aosta,12
2024-06-03,Veneto,708
2024-06-10,Abruzzo,185
2024-06-10,Basilicata,93
2024-06-10,Calabria,320
2024-06-10,Campania,792
2024-06-10,Emilia-Romagna,582
2024-06-10,Friuli-Venezia Giulia,178
2024-06-10,Lazio,1153
2024-06-10,Liguria,297
2024-06-10,Lombardia,1476
2024-06-10,Marche,263
2024-06-10,Molise,37
2024-06-10,Piemonte,567
2024-06-10,Puglia,609
2024-06-10,Sardegna,358
2024-06-10,Sicilia,613
2024-06-10,Toscana,488
2024-06-10,Trentino-Alto Adige,207
2024-06-10,Umbria,119
2024-06-10,Valle d'Aosta,7
2024-06-10,Veneto,764
2024-06-17,Abruzzo,194
2024-06-17,Basilicata,88
2024-06-17,Calabria,315
2024-06-17,Campania,801
2024-06-17,Emilia-Romagna,715
2024-06-17,Friuli-Venezia Giulia,216
2024-06-17,Lazio,1276
2024-06-17,Liguria,296
2024-06-17,Lombardia,1475
2024-06-17,Marche,349
2024-06-17,Molise,58
2024-06-17,Piemonte,640
2024-06-17,Puglia,630
2024-06-17,Sardegna,235
2024-06-17,Sicilia,742
2024-06-17,Toscana,485
2024-06-17,Trentino-Alto Adige,166
2024-06-17,Umbria,100
2024-06-17,Valle d'Aosta,13
2024-06-17,Veneto,797
2024-06-24,Abruzzo,196
2024-06-24,Basilicata,109
2024-06-24,Calabria,262
2024-06-24,Campania,785
2024-06-24,Emilia-Romagna,709
2024-06-24,Friuli-Venezia Giulia,184
2024-06-24,Lazio,1100
2024-06-24,Liguria,281
2024-06-24,Lombardia,1360
2024-06-24,Marche,238
2024-06-24,Molise,44
2024-06-24,Piemonte,681
2024-06-24,Puglia,739
2024-06-24,Sardegna,237
2024-06-24,Sicilia,859
2024-06-24,Toscana,443
2024-06-24,Trentino-Alto Adige,221
2024-06-24,Umbria,104
2024-06-24,Valle d'Aosta,14
2024-06-24,Veneto,815
2024-07-01,Abruzzo,184
2024-07-01,Basilicata,84
2024-07-01,Calabria,285
2024-07-01,Campania,771
2024-07-01,Emilia-Romagna,600
2024-07-01,Friuli-Venezia Giulia,146
2024-07-01,Lazio,1085
2024-07-01,Liguria,229
2024-07-01,Lombardia,1333
2024-07-01,Marche,276
2024-07-01,Molise,42
2024-07-01,Piemonte,574
2024-07-01,Puglia,631
2024-07-01,Sardegna,294
2024-07-01,Sicilia,661
2024-07-01,Toscana,516
2024-07-01,Trentino-Alto Adige,163
2024-07-01,Umbria,121
2024-07-01,Valle d'Aosta,9
2024-07-01,Veneto,692
2024-07-08,Abruzzo,189
2024-07-08,Basilicata,97
2024-07-08,Calabria,275
2024-07-08,Campania,865
2024-07-08,Emilia-Romagna,639
2024-07-08,Friuli-Venezia Giulia,160
2024-07-08,Lazio,1242
2024-07-08,Liguria,324
2024-07-08,Lombardia,1596
2024-07-08,Marche,287
2024-07-08,Molise,46
2024-07-08,Piemonte,594
2024-07-08,Puglia,654
2024-07-08,Sardegna,302
2024-07-08,Sicilia,722
2024-07-08,Toscana,546
2024-07-08,Trentino-Alto Adige,176
2024-07-08,Umbria,107
2024-07-08,Valle d'Aosta,9
2024-07-08,Veneto,622
2024-07-15,Abruzzo,178
2024-07-15,Basilicata,88
2024-07-15,Calabria,260
2024-07-15,Campania,811
2024-07-15,Emilia-Romagna,700
2024-07-15,Friuli-Venezia Giulia,155
2024-07-15,Lazio,983
2024-07-15,Liguria,263
2024-07-15,Lombardia,1300
2024-07-15,Marche,295
2024-07-15,Molise,32
2024-07-15,Piemonte,525
2024-07-15,Puglia,698
2024-07-15,Sardegna,296
2024-07-15,Sicilia,800
2024-07-15,Toscana,514
2024-07-15,Trentino-Alto Adige,178
2024-07-15,Umbria,102
2024-07-15,Valle d'Aosta,12
2024-07-15,Veneto,637
2024-07-22,Abruzzo,188
2024-07-22,Basilicata,82
2024-07-22,Calabria,306
2024-07-22,Campania,715
2024-07-22,Emilia-Romagna,635
2024-07-22,Friuli-Venezia Giulia,160
2024-07-22,Lazio,1053
2024-07-22,Liguria,240
2024-07-22,Lombardia,1367
2024-07-22,Marche,254
2024-07-22,Molise,45
2024-07-22,Piemonte,561
2024-07-22,Puglia,571
2024-07-22,Sardegna,259
2024-07-22,Sicilia,786
2024-07-22,Toscana,500
2024-07-22,Trentino-Alto Adige,149
2024-07-22,Umbria,100
2024-07-22,Valle d'Aosta,15
2024-07-22,Veneto,703
2024-07-29,Abruzzo,187
2024-07-29,Basilicata,84
2024-07-29,Calabria,278
2024-07-29,Campania,747
2024-07-29,Emilia-Romagna,568
2024-07-29,Friuli-Venezia Giulia,143
2024-07-29,Lazio,1099
2024-07-29,Liguria,246
2024-07-29,Lombardia,1093
2024-07-29,Marche,205
2024-07-29,Molise,57
2024-07-29,Piemonte,463
2024-07-29,Puglia,503
2024-07-29,Sardegna,344
2024-07-29,Sicilia,657
2024-07-29,Toscana,471
2024-07-29,Trentino-Alto Adige,152
2024-07-29,Umbria,132
2024-07-29,Valle d'Aosta,10
2024-07-29,Veneto,679
2024-08-05,Abruzzo,129
2024-08-05,Basilicata,64
2024-08-05,Calabria,224
2024-08-05,Campania,610
2024-08-05,Emilia-Romagna,484
2024-08-05,Friuli-Venezia Giulia,124
2024-08-05,Lazio,1025
2024-08-05,Liguria,232
2024-08-05,Lombardia,1166
2024-08-05,Marche,169
2024-08-05,Molise,39
2024-08-05,Piemonte,453
2024-08-05,Puglia,536
2024-08-05,Sardegna,282
2024-08-05,Sicilia,521
2024-08-05,Toscana,530
2024-08-05,Trentino-Alto Adige,143
2024-08-05,Umbria,132
2024-08-05,Valle d'Aosta,4
2024-08-05,Veneto,531
2024-08-12,Abruzzo,165
2024-08-12,Basilicata,75
2024-08-12,Calabria,237
2024-08-12,Campania,730
2024-08-12,Emilia-Romagna,435
2024-08-12,Friuli-Venezia Giulia,121
2024-08-12,Lazio,993
2024-08-12,Liguria,191
2024-08-12,Lombardia,1103
2024-08-12,Marche,202
2024-08-12,Molise,37
2024-08-12,Piemonte,502
2024-08-12,Puglia,499
2024-08-12,Sardegna,171
2024-08-12,Sicilia,597
2024-08-12,Toscana,355
2024-08-12,Trentino-Alto Adige,148
2024-08-12,Umbria,81
2024-08-12,Valle d'Aosta,11
2024-08-12,Veneto,575
2024-08-19,Abruzzo,147
2024-08-19,Basilicata,54
2024-08-19,Calabria,209
2024-08-19,Campania,624
2024-08-19,Emilia-Romagna,421
2024-08-19,Friuli-Venezia Giulia,136
2024-08-19,Lazio,922
2024-08-19,Liguria,227
2024-08-19,Lombardia,1279
2024-08-19,Marche,232
2024-08-19,Molise,21
2024-08-19,Piemonte,471
2024-08-19,Puglia,476
2024-08-19,Sardegna,204
2024-08-19,Sicilia,536
2024-08-19,Toscana,374
2024-08-19,Trentino-Alto Adige,144
2024-08-19,Umbria,98
2024-08-19,Valle d'Aosta,8
2024-08-19,Veneto,538
2024-08-26,Abruzzo,186
2024-08-26,Basilicata,85
2024-08-26,Calabria,300
2024-08-26,Campania,688
2024-08-26,Emilia-Romagna,516
2024-08-26,Friuli-Venezia Giulia,140
2024-08-26,Lazio,1069
2024-08-26,Liguria,189
2024-08-26,Lombardia,1397
2024-08-26,Marche,249
2024-08-26,Molise,40
2024-08-26,Piemonte,511
2024-08-26,Puglia,473
2024-08-26,Sardegna,270
2024-08-26,Sicilia,546
2024-08-26,Toscana,472
2024-08-26,Trentino-Alto Adige,164
2024-08-26,Umbria,114
2024-08-26,Valle d'Aosta,21
2024-08-26,Veneto,698
2024-09-02,Abruzzo,191
2024-09-02,Basilicata,90
2024-09-02,Calabria,230
2024-09-02,Campania,693
2024-09-02,Emilia-Romagna,541
2024-09-02,Friuli-Venezia Giulia,183
2024-09-02,Lazio,1156
2024-09-02,Liguria,216
2024-09-02,Lombardia,1281
2024-09-02,Marche,301
2024-09-02,Molise,39
2024-09-02,Piemonte,543
2024-09-02,Puglia,470
2024-09-02,Sardegna,256
2024-09-02,Sicilia,591
2024-09-02,Toscana,484
2024-09-02,Trentino-Alto Adige,157
2024-09-02,Umbria,97
2024-09-02,Valle d'Aosta,14
2024-09-02,Veneto,724
2024-09-09,Abruzzo,160
2024-09-09,Basilicata,96
2024-09-09,Calabria,200
2024-09-09,Campania,706
2024-09-09,Emilia-Romagna,563
2024-09-09,Friuli-Venezia Giulia,145
2024-09-09,Lazio,989
2024-09-09,Liguria,249
2024-09-09,Lombardia,1301
2024-09-09,Marche,311
2024-09-09,Molise,33
2024-09-09,Piemonte,494
2024-09-09,Puglia,489
2024-09-09,Sardegna,244
2024-09-09,Sicilia,537
2024-09-09,Toscana,479
2024-09-09,Trentino-Alto Adige,144
2024-09-09,Umbria,89
2024-09-09,Valle d'Aosta,18
2024-09-09,Veneto,700
2024-09-16,Abruzzo,186
2024-09-16,Basilicata,94
2024-09-16,Calabria,212
2024-09-16,Campania,664
2024-09-16,Emilia-Romagna,528
2024-09-16,Friuli-Venezia Giulia,173
2024-09-16,Lazio,1012
2024-09-16,Liguria,193
2024-09-16,Lombardia,1551
2024-09-16,Marche,313
2024-09-16,Molise,32
2024-09-16,Piemonte,593
2024-09-16,Puglia,458
2024-09-16,Sardegna,236
2024-09-16,Sicilia,601
2024-09-16,Toscana,434
2024-09-16,Trentino-Alto Adige,137
2024-09-16,Umbria,110
2024-09-16,Valle d'Aosta,11
2024-09-16,Veneto,602
2024-09-23,Abruzzo,140
2024-09-23,Basilicata,87
2024-09-23,Calabria,201
2024-09-23,Campania,740
2024-09-23,Emilia-Romagna,510
2024-09-23,Friuli-Venezia Giulia,177
2024-09-23,Lazio,1161
2024-09-23,Liguria,201
2024-09-23,Lombardia,1408
2024-09-23,Marche,272
2024-09-23,Molise,39
2024-09-23,Piemonte,639
2024-09-23,Puglia,442
2024-09-23,Sardegna,216
2024-09-23,Sicilia,485
2024-09-23,Toscana,457
2024-09-23,Trentino-Alto Adige,152
2024-09-23,Umbria,118
2024-09-23,Valle d'Aosta,17
2024-09-23,Veneto,662
2024-09-30,Abruzzo,179
2024-09-30,Basilicata,113
2024-09-30,Calabria,264
2024-09-30,Campania,755
2024-09-30,Emilia-Romagna,666
2024-09-30,Friuli-Venezia Giulia,141
2024-09-30,Lazio,1094
2024-09-30,Liguria,279
2024-09-30,Lombardia,1491
2024-09-30,Marche,290
2024-09-30,Molise,42
2024-09-30,Piemonte,743
2024-09-30,Puglia,577
2024-09-30,Sardegna,230
2024-09-30,Sicilia,532
2024-09-30,Toscana,496
2024-09-30,Trentino-Alto Adige,138
2024-09-30,Umbria,131
2024-09-30,Valle d'Aosta,20
2024-09-30,Veneto,616
2024-10-07,Abruzzo,190
2024-10-07,Basilicata,81
2024-10-07,Calabria,257
2024-10-07,Campania,796
2024-10-07,Emilia-Romagna,629
2024-10-07,Friuli-Venezia Giulia,138
2024-10-07,Lazio,1093
2024-10-07,Liguria,241
2024-10-07,Lombardia,1484
2024-10-07,Marche,264
2024-10-07,Molise,37
2024-10-07,Piemonte,619
2024-10-07,Puglia,489
2024-10-07,Sardegna,263
2024-10-07,Sicilia,499
2024-10-07,Toscana,504
2024-10-07,Trentino-Alto Adige,192
2024-10-07,Umbria,126
2024-10-07,Valle d'Aosta,17
2024-10-07,Veneto,773
2024-10-14,Abruzzo,249
2024-10-14,Basilicata,89
2024-10-14,Calabria,235
2024-10-14,Campania,751
2024-10-14,Emilia-Romagna,531
2024-10-14,Friuli-Venezia Giulia,195
2024-10-14,Lazio,1299
2024-10-14,Liguria,316
2024-10-14,Lombardia,1715
2024-10-14,Marche,304
2024-10-14,Molise,42
2024-10-14,Piemonte,624
2024-10-14,Puglia,548
2024-10-14,Sardegna,252
2024-10-14,Sicilia,620
2024-10-14,Toscana,494
2024-10-14,Trentino-Alto Adige,178
2024-10-14,Umbria,114
2024-10-14,Valle d'Aosta,7
2024-10-14,Veneto,620
2024-10-21,Abruzzo,194
2024-10-21,Basilicata,83
2024-10-21,Calabria,223
2024-10-21,Campania,887
2024-10-21,Emilia-Romagna,566
2024-10-21,Friuli-Venezia Giulia,179
2024-10-21,Lazio,1323
2024-10-21,Liguria,234
2024-10-21,Lombardia,1801
2024-10-21,Marche,266
2024-10-21,Molise,46
2024-10-21,Piemonte,635
2024-10-21,Puglia,521
2024-10-21,Sardegna,221
2024-10-21,Sicilia,571
2024-10-21,Toscana,441
2024-10-21,Trentino-Alto Adige,164
2024-10-21,Umbria,131
2024-10-21,Valle d'Aosta,19
2024-10-21,Veneto,671
2024-10-28,Abruzzo,187
2024-10-28,Basilicata,112
2024-10-28,Calabria,249
2024-10-28,Campania,912
2024-10-28,Emilia-Romagna,764
2024-10-28,Friuli-Venezia Giulia,176
2024-10-28,Lazio,1194
2024-10-28,Liguria,231
2024-10-28,Lombardia,1638
2024-10-28,Marche,285
2024-10-28,Molise,45
2024-10-28,Piemonte,627
2024-10-28,Puglia,477
2024-10-28,Sardegna,232
2024-10-28,Sicilia,648
2024-10-28,Toscana,506
2024-10-28,Trentino-Alto Adige,168
2024-10-28,Umbria,141
2024-10-28,Valle d'Aosta,14
2024-10-28,Veneto,871
2024-11-04,Abruzzo,233
2024-11-04,Basilicata,87
2024-11-04,Calabria,260
2024-11-04,Campania,871
2024-11-04,Emilia-Romagna,682
2024-11-04,Friuli-Venezia Giulia,207
2024-11-04,Lazio,1294
2024-11-04,Liguria,287
2024-11-04,Lombardia,1563
2024-11-04,Marche,305
2024-11-04,Molise,73
2024-11-04,Piemonte,802
2024-11-04,Puglia,511
2024-11-04,Sardegna,211
2024-11-04,Sicilia,650
2024-11-04,Toscana,510
2024-11-04,Trentino-Alto Adige,189
2024-11-04,Umbria,165
2024-11-04,Valle d'Aosta,8
2024-11-04,Veneto,821
2024-11-11,Abruzzo,199
2024-11-11,Basilicata,82
2024-11-11,Calabria,209
2024-11-11,Campania,783
2024-11-11,Emilia-Romagna,755
2024-11-11,Friuli-Venezia Giulia,229
2024-11-11,Lazio,1255
2024-11-11,Liguria,234
2024-11-11,Lombardia,1752
2024-11-11,Marche,341
2024-11-11,Molise,36
2024-11-11,Piemonte,585
2024-11-11,Puglia,493
2024-11-11,Sardegna,237
2024-11-11,Sicilia,561
2024-11-11,Toscana,450
2024-11-11,Trentino-Alto Adige,129
2024-11-11,Umbria,160
2024-11-11,Valle d'Aosta,9
2024-11-11,Veneto,785
2024-11-18,Abruzzo,194
2024-11-18,Basilicata,85
2024-11-18,Calabria,201
2024-11-18,Campania,775
2024-11-18,Emilia-Romagna,679
2024-11-18,Friuli-Venezia Giulia,208
2024-11-18,Lazio,1223
2024-11-18,Liguria,280
2024-11-18,Lombardia,1911
2024-11-18,Marche,295
2024-11-18,Molise,59
2024-11-18,Piemonte,688
2024-11-18,Puglia,533
2024-11-18,Sardegna,245
2024-11-18,Sicilia,668
2024-11-18,Toscana,594
2024-11-18,Trentino-Alto Adige,159
2024-11-18,Umbria,111
2024-11-18,Valle d'Aosta,10
2024-11-18,Veneto,756
2024-11-25,Abruzzo,209
2024-11-25,Basilicata,94
2024-11-25,Calabria,315
2024-11-25,Campania,797
2024-11-25,Emilia-Romagna,534
2024-11-25,Friuli-Venezia Giulia,158
2024-11-25,Lazio,1038
2024-11-25,Liguria,255
2024-11-25,Lombardia,1955
2024-11-25,Marche,330
2024-11-25,Molise,31
2024-11-25,Piemonte,805
2024-11-25,Puglia,549
2024-11-25,Sardegna,199
2024-11-25,Sicilia,721
2024-11-25,Toscana,438
2024-11-25,Trentino-Alto Adige,183
2024-11-25,Umbria,124
2024-11-25,Valle d'Aosta,9
2024-11-25,Veneto,792
2024-12-02,Abruzzo,204
2024-12-02,Basilicata,70
2024-12-02,Calabria,236
2024-12-02,Campania,795
2024-12-02,Emilia-Romagna,487
2024-12-02,Friuli-Venezia Giulia,158
2024-12-02,Lazio,1148
2024-12-02,Liguria,280
2024-12-02,Lombardia,1459
2024-12-02,Marche,269
2024-12-02,Molise,33
2024-12-02,Piemonte,745
2024-12-02,Puglia,472
2024-12-02,Sardegna,212
2024-12-02,Sicilia,594
2024-12-02,Toscana,403
2024-12-02,Trentino-Alto Adige,163
2024-12-02,Umbria,123
2024-12-02,Valle d'Aosta,12
2024-12-02,Veneto,645
2024-12-09,Abruzzo,150
2024-12-09,Basilicata,93
2024-12-09,Calabria,184
2024-12-09,Campania,686
2024-12-09,Emilia-Romagna,463
2024-12-09,Friuli-Venezia Giulia,120
2024-12-09,Lazio,976
2024-12-09,Liguria,200
2024-12-09,Lombardia,1410
2024-12-09,Marche,199
2024-12-09,Molise,29
2024-12-09,Piemonte,488
2024-12-09,Puglia,409
2024-12-09,Sardegna,213
2024-12-09,Sicilia,416
2024-12-09,Toscana,373
2024-12-09,Trentino-Alto Adige,144
2024-12-09,Umbria,81
2024-12-09,Valle d'Aosta,10
2024-12-09,Veneto,582
2024-12-16,Abruzzo,85
2024-12-16,Basilicata,51
2024-12-16,Calabria,139
2024-12-16,Campania,494
2024-12-16,Emilia-Romagna,409
2024-12-16,Friuli-Venezia Giulia,81
2024-12-16,Lazio,752
2024-12-16,Liguria,157
2024-12-16,Lombardia,881
2024-12-16,Marche,173
2024-12-16,Molise,28
2024-12-16,Piemonte,366
2024-12-16,Puglia,292
2024-12-16,Sardegna,147
2024-12-16,Sicilia,439
2024-12-16,Toscana,358
2024-12-16,Trentino-Alto Adige,117
2024-12-16,Umbria,84
2024-12-16,Valle d'Aosta,15
2024-12-16,Veneto,377
2024-12-23,Abruzzo,130
2024-12-23,Basilicata,47
2024-12-23,Calabria,147
2024-12-23,Campania,452
2024-12-23,Emilia-Romagna,342
2024-12-23,Friuli-Venezia Giulia,100
2024-12-23,Lazio,694
2024-12-23,Liguria,156
2024-12-23,Lombardia,823
2024-12-23,Marche,186
2024-12-23,Molise,22
2024-12-23,Piemonte,335
2024-12-23,Puglia,279
2024-12-23,Sardegna,124
2024-12-23,Sicilia,392
2024-12-23,Toscana,276
2024-12-23,Trentino-Alto Adige,101
2024-12-23,Umbria,61
2024-12-23,Valle d'Aosta,10
2024-12-23,Veneto,332
2024-12-30,Abruzzo,145
2024-12-30,Basilicata,68
2024-12-30,Calabria,179
2024-12-30,Campania,566
2024-12-30,Emilia-Romagna,377
2024-12-30,Friuli-Venezia Giulia,118
2024-12-30,Lazio,747
2024-12-30,Liguria,149
2024-12-30,Lombardia,1127
2024-12-30,Marche,186
2024-12-30,Molise,29
2024-12-30,Piemonte,434
2024-12-30,Puglia,409
2024-12-30,Sardegna,172
2024-12-30,Sicilia,511
2024-12-30,Toscana,339
2024-12-30,Trentino-Alto Adige,108
2024-12-30,Umbria,102
2024-12-30,Valle d'Aosta,13
2024-12-30,Veneto,548
2025-01-06,Abruzzo,175
2025-01-06,Basilicata,79
2025-01-06,Calabria,220
2025-01-06,Campania,544
2025-01-06,Emilia-Romagna,500
2025-01-06,Friuli-Venezia Giulia,120
2025-01-06,Lazio,893
2025-01-06,Liguria,225
2025-01-06,Lombardia,1528
2025-01-06,Marche,235
2025-01-06,Molise,32
2025-01-06,Piemonte,517
2025-01-06,Puglia,520
2025-01-06,Sardegna,258
2025-01-06,Sicilia,461
2025-01-06,Toscana,413
2025-01-06,Trentino-Alto Adige,143
2025-01-06,Umbria,90
2025-01-06,Valle d'Aosta,11
2025-01-06,Veneto,550
2025-01-13,Abruzzo,153
2025-01-13,Basilicata,78
2025-01-13,Calabria,231
2025-01-13,Campania,608
2025-01-13,Emilia-Romagna,554
2025-01-13,Friuli-Venezia Giulia,167
2025-01-13,Lazio,1187
2025-01-13,Liguria,282
2025-01-13,Lombardia,1481
2025-01-13,Marche,262
2025-01-13,Molise,40
2025-01-13,Piemonte,475
2025-01-13,Puglia,377
2025-01-13,Sardegna,238
2025-01-13,Sicilia,637
2025-01-13,Toscana,460
2025-01-13,Trentino-Alto Adige,156
2025-01-13,Umbria,112
2025-01-13,Valle d'Aosta,20
2025-01-13,Veneto,629
2025-01-20,Abruzzo,171
2025-01-20,Basilicata,102
2025-01-20,Calabria,251
2025-01-20,Campania,641
2025-01-20,Emilia-Romagna,513
2025-01-20,Friuli-Venezia Giulia,108
2025-01-20,Lazio,943
2025-01-20,Liguria,210
2025-01-20,Lombardia,1231
2025-01-20,Marche,179
2025-01-20,Molise,19
2025-01-20,Piemonte,438
2025-01-20,Puglia,409
2025-01-20,Sardegna,183
2025-01-20,Sicilia,475
2025-01-20,Toscana,384
2025-01-20,Trentino-Alto Adige,123
2025-01-20,Umbria,119
2025-01-20,Valle d'Aosta,11
2025-01-20,Veneto,524
2025-01-27,Abruzzo,178
2025-01-27,Basilicata,74
2025-01-27,Calabria,264
2025-01-27,Campania,631
2025-01-27,Emilia-Romagna,484
2025-01-27,Friuli-Venezia Giulia,139
2025-01-27,Lazio,1127
2025-01-27,Liguria,230
2025-01-27,Lombardia,1490
2025-01-27,Marche,206
2025-01-27,Molise,41
2025-01-27,Piemonte,501
2025-01-27,Puglia,490
2025-01-27,Sardegna,220
2025-01-27,Sicilia,579
2025-01-27,Toscana,435
2025-01-27,Trentino-Alto Adige,141
2025-01-27,Umbria,121
2025-01-27,Valle d'Aosta,15
2025-01-27,Veneto,772
2025-02-03,Abruzzo,159
2025-02-03,Basilicata,76
2025-02-03,Calabria,236
2025-02-03,Campania,800
2025-02-03,Emilia-Romagna,416
2025-02-03,Friuli-Venezia Giulia,150
2025-02-03,Lazio,1113
2025-02-03,Liguria,233
2025-02-03,Lombardia,1422
2025-02-03,Marche,241
2025-02-03,Molise,42
2025-02-03,Piemonte,549
2025-02-03,Puglia,468
2025-02-03,Sardegna,223
2025-02-03,Sicilia,595
2025-02-03,Toscana,441
2025-02-03,Trentino-Alto Adige,151
2025-02-03,Umbria,102
2025-02-03,Valle d'Aosta,9
2025-02-03,Veneto,709
2025-02-10,Abruzzo,158
2025-02-10,Basilicata,86
2025-02-10,Calabria,276
2025-02-10,Campania,732
2025-02-10,Emilia-Romagna,467
2025-02-10,Friuli-Venezia Giulia,163
2025-02-10,Lazio,1051
2025-02-10,Liguria,211
2025-02-10,Lombardia,1304
2025-02-10,Marche,262
2025-02-10,Molise,26
2025-02-10,Piemonte,529
2025-02-10,Puglia,468
2025-02-10,Sardegna,200
2025-02-10,Sicilia,689
2025-02-10,Toscana,417
2025-02-10,Trentino-Alto Adige,185
2025-02-10,Umbria,101
2025-02-10,Valle d'Aosta,10
2025-02-10,Veneto,575
2025-02-17,Abruzzo,129
2025-02-17,Basilicata,60
2025-02-17,Calabria,212
2025-02-17,Campania,628
2025-02-17,Emilia-Romagna,492
2025-02-17,Friuli-Venezia Giulia,124
2025-02-17,Lazio,910
2025-02-17,Liguria,218
2025-02-17,Lombardia,1234
2025-02-17,Marche,226
2025-02-17,Molise,32
2025-02-17,Piemonte,557
2025-02-17,Puglia,425
2025-02-17,Sardegna,189
2025-02-17,Sicilia,592
2025-02-17,Toscana,361
2025-02-17,Trentino-Alto Adige,146
2025-02-17,Umbria,130
2025-02-17,Valle d'Aosta,11
2025-02-17,Veneto,678
2025-02-24,Abruzzo,213
2025-02-24,Basilicata,66
2025-02-24,Calabria,199
2025-02-24,Campania,589
2025-02-24,Emilia-Romagna,488
2025-02-24,Friuli-Venezia Giulia,162
2025-02-24,Lazio,1042
2025-02-24,Liguria,245
2025-02-24,Lombardia,1221
2025-02-24,Marche,242
2025-02-24,Molise,41
2025-02-24,Piemonte,496
2025-02-24,Puglia,453
2025-02-24,Sardegna,235
2025-02-24,Sicilia,549
2025-02-24,Toscana,498
2025-02-24,Trentino-Alto Adige,129
2025-02-24,Umbria,103
2025-02-24,Valle d'Aosta,8
2025-02-24,Veneto,505
2025-03-03,Abruzzo,194
2025-03-03,Basilicata,83
2025-03-03,Calabria,202
2025-03-03,Campania,652
2025-03-03,Emilia-Romagna,552
2025-03-03,Friuli-Venezia Giulia,139
2025-03-03,Lazio,899
2025-03-03,Liguria,225
2025-03-03,Lombardia,1277
2025-03-03,Marche,215
2025-03-03,Molise,37
2025-03-03,Piemonte,477
2025-03-03,Puglia,442
2025-03-03,Sardegna,225
2025-03-03,Sicilia,586
2025-03-03,Toscana,440
2025-03-03,Trentino-Alto Adige,124
2025-03-03,Umbria,113
2025-03-03,Valle d'Aosta,15
2025-03-03,Veneto,766
2025-03-10,Abruzzo,156
2025-03-10,Basilicata,86
2025-03-10,Calabria,200
2025-03-10,Campania,564
2025-03-10,Emilia-Romagna,483
2025-03-10,Friuli-Venezia Giulia,113
2025-03-10,Lazio,904
2025-03-10,Liguria,219
2025-03-10,Lombardia,1145
2025-03-10,Marche,208
2025-03-10,Molise,54
2025-03-10,Piemonte,487
2025-03-10,Puglia,505
2025-03-10,Sardegna,208
2025-03-10,Sicilia,513
2025-03-10,Toscana,459
2025-03-10,Trentino-Alto Adige,131
2025-03-10,Umbria,98
2025-03-10,Valle d'Aosta,4
2025-03-10,Veneto,536
2025-03-17,Abruzzo,136
2025-03-17,Basilicata,85
2025-03-17,Calabria,208
2025-03-17,Campania,728
2025-03-17,Emilia-Romagna,506
2025-03-17,Friuli-Venezia Giulia,151
2025-03-17,Lazio,1088
2025-03-17,Liguria,257
2025-03-17,Lombardia,1323
2025-03-17,Marche,307
2025-03-17,Molise,43
2025-03-17,Piemonte,535
2025-03-17,Puglia,530
2025-03-17,Sardegna,221
2025-03-17,Sicilia,572
2025-03-17,Toscana,548
2025-03-17,Trentino-Alto Adige,160
2025-03-17,Umbria,110
2025-03-17,Valle d'Aosta,10
2025-03-17,Veneto,632
2025-03-24,Abruzzo,194
2025-03-24,Basilicata,73
2025-03-24,Calabria,218
2025-03-24,Campania,637
2025-03-24,Emilia-Romagna,500
2025-03-24,Friuli-Venezia Giulia,144
2025-03-24,Lazio,1091
2025-03-24,Liguria,198
2025-03-24,Lombardia,1251
2025-03-24,Marche,245
2025-03-24,Molise,36
2025-03-24,Piemonte,526
2025-03-24,Puglia,462
2025-03-24,Sardegna,224
2025-03-24,Sicilia,638
2025-03-24,Toscana,396
2025-03-24,Trentino-Alto Adige,135
2025-03-24,Umbria,121
2025-03-24,Valle d'Aosta,13
2025-03-24,Veneto,603
2025-03-31,Abruzzo,193
2025-03-31,Basilicata,70
2025-03-31,Calabria,244
2025-03-31,Campania,817
2025-03-31,Emilia-Romagna,429
2025-03-31,Friuli-Venezia Giulia,130
2025-03-31,Lazio,1052
2025-03-31,Liguria,278
2025-03-31,Lombardia,1944
2025-03-31,Marche,204
2025-03-31,Molise,40
2025-03-31,Piemonte,550
2025-03-31,Puglia,483
2025-03-31,Sardegna,259
2025-03-31,Sicilia,683
2025-03-31,Toscana,451
2025-03-31,Trentino-Alto Adige,155
2025-03-31,Umbria,118
2025-03-31,Valle d'Aosta,12
2025-03-31,Veneto,629
2025-04-07,Abruzzo,147
2025-04-07,Basilicata,79
2025-04-07,Calabria,277
2025-04-07,Campania,668
2025-04-07,Emilia-Romagna,574
2025-04-07,Friuli-Venezia Giulia,185
2025-04-07,Lazio,1060
2025-04-07,Liguria,265
2025-04-07,Lombardia,1429
2025-04-07,Marche,226
2025-04-07,Molise,40
2025-04-07,Piemonte,511
2025-04-07,Puglia,477
2025-04-07,Sardegna,215
2025-04-07,Sicilia,615
2025-04-07,Toscana,453
2025-04-07,Trentino-Alto Adige,157
2025-04-07,Umbria,115
2025-04-07,Valle d'Aosta,15
2025-04-07,Veneto,635
2025-04-14,Abruzzo,218
2025-04-14,Basilicata,80
2025-04-14,Calabria,217
2025-04-14,Campania,751
2025-04-14,Emilia-Romagna,452
2025-04-14,Friuli-Venezia Giulia,170
2025-04-14,Lazio,1249
2025-04-14,Liguria,245
2025-04-14,Lombardia,1381
2025-04-14,Marche,240
2025-04-14,Molise,21
2025-04-14,Piemonte,469
2025-04-14,Puglia,553
2025-04-14,Sardegna,238
2025-04-14,Sicilia,510
2025-04-14,Toscana,495
2025-04-14,Trentino-Alto Adige,145
2025-04-14,Umbria,107
2025-04-14,Valle d'Aosta,6
2025-04-14,Veneto,680
2025-04-21,Abruzzo,200
2025-04-21,Basilicata,79
2025-04-21,Calabria,269
2025-04-21,Campania,737
2025-04-21,Emilia-Romagna,443
2025-04-21,Friuli-Venezia Giulia,157
2025-04-21,Lazio,1183
2025-04-21,Liguria,228
2025-04-21,Lombardia,1534
2025-04-21,Marche,309
2025-04-21,Molise,39
2025-04-21,Piemonte,656
2025-04-21,Puglia,513
2025-04-21,Sardegna,212
2025-04-21,Sicilia,602
2025-04-21,Toscana,481
2025-04-21,Trentino-Alto Adige,134
2025-04-21,Umbria,100
2025-04-21,Valle d'Aosta,14
2025-04-21,Veneto,593
2025-04-28,Abruzzo,209
2025-04-28,Basilicata,100
2025-04-28,Calabria,234
2025-04-28,Campania,568
2025-04-28,Emilia-Romagna,582
2025-04-28,Friuli-Venezia Giulia,138
2025-04-28,Lazio,999
2025-04-28,Liguria,225
2025-04-28,Lombardia,1290
2025-04-28,Marche,249
2025-04-28,Molise,39
2025-04-28,Piemonte,648
2025-04-28,Puglia,497
2025-04-28,Sardegna,200
2025-04-28,Sicilia,464
2025-04-28,Toscana,396
2025-04-28,Trentino-Alto Adige,115
2025-04-28,Umbria,123
2025-04-28,Valle d'Aosta,6
2025-04-28,Veneto,575
2025-05-05,Abruzzo,248
2025-05-05,Basilicata,75
2025-05-05,Calabria,237
2025-05-05,Campania,721
2025-05-05,Emilia-Romagna,481
2025-05-05,Friuli-Venezia Giulia,142
2025-05-05,Lazio,985
2025-05-05,Liguria,279
2025-05-05,Lombardia,1594
2025-05-05,Marche,306
2025-05-05,Molise,30
2025-05-05,Piemonte,479
2025-05-05,Puglia,492
2025-05-05,Sardegna,240
2025-05-05,Sicilia,547
2025-05-05,Toscana,502
2025-05-05,Trentino-Alto Adige,136
2025-05-05,Umbria,112
2025-05-05,Valle d'Aosta,8
2025-05-05,Veneto,667
2025-05-12,Abruzzo,177
2025-05-12,Basilicata,84
2025-05-12,Calabria,268
2025-05-12,Campania,611
2025-05-12,Emilia-Romagna,596
2025-05-12,Friuli-Venezia Giulia,162
2025-05-12,Lazio,1030
2025-05-12,Liguria,265
2025-05-12,Lombardia,1380
2025-05-12,Marche,258
2025-05-12,Molise,44
2025-05-12,Piemonte,504
2025-05-12,Puglia,579
2025-05-12,Sardegna,251
2025-05-12,Sicilia,598
2025-05-12,Toscana,506
2025-05-12,Trentino-Alto Adige,181
2025-05-12,Umbria,121
2025-05-12,Valle d'Aosta,8
2025-05-12,Veneto,629
2025-05-19,Abruzzo,226
2025-05-19,Basilicata,88
2025-05-19,Calabria,260
2025-05-19,Campania,848
2025-05-19,Emilia-Romagna,516
2025-05-19,Friuli-Venezia Giulia,158
2025-05-19,Lazio,1227
2025-05-19,Liguria,264
2025-05-19,Lombardia,1447
2025-05-19,Marche,268
2025-05-19,Molise,47
2025-05-19,Piemonte,489
2025-05-19,Puglia,544
2025-05-19,Sardegna,270
2025-05-19,Sicilia,627
2025-05-19,Toscana,460
2025-05-19,Trentino-Alto Adige,170
2025-05-19,Umbria,104
2025-05-19,Valle d'Aosta,24
2025-05-19,Veneto,617
2025-05-26,Abruzzo,204
2025-05-26,Basilicata,87
2025-05-26,Calabria,300
2025-05-26,Campania,877
2025-05-26,Emilia-Romagna,692
2025-05-26,Friuli-Venezia Giulia,178
2025-05-26,Lazio,1253
2025-05-26,Liguria,281
2025-05-26,Lombardia,1519
2025-05-26,Marche,340
2025-05-26,Molise,36
2025-05-26,Piemonte,539
2025-05-26,Puglia,509
2025-05-26,Sardegna,266
2025-05-26,Sicilia,710
2025-05-26,Toscana,462
2025-05-26,Trentino-Alto Adige,154
2025-05-26,Umbria,141
2025-05-26,Valle d'Aosta,24
2025-05-26,Veneto,759
2025-06-02,Abruzzo,193
2025-06-02,Basilicata,106
2025-06-02,Calabria,406
2025-06-02,Campania,860
2025-06-02,Emilia-Romagna,573
2025-06-02,Friuli-Venezia Giulia,160
2025-06-02,Lazio,1256
2025-06-02,Liguria,268
2025-06-02,Lombardia,1435
2025-06-02,Marche,303
2025-06-02,Molise,44
2025-06-02,Piemonte,704
2025-06-02,Puglia,625
2025-06-02,Sardegna,279
2025-06-02,Sicilia,719
2025-06-02,Toscana,556
2025-06-02,Trentino-Alto Adige,205
2025-06-02,Umbria,111
2025-06-02,Valle d'Aosta,17
2025-06-02,Veneto,731
2025-06-09,Abruzzo,221
2025-06-09,Basilicata,77
2025-06-09,Calabria,306
2025-06-09,Campania,837
2025-06-09,Emilia-Romagna,579
2025-06-09,Friuli-Venezia Giulia,189
2025-06-09,Lazio,1415
2025-06-09,Liguria,304
2025-06-09,Lombardia,1538
2025-06-09,Marche,351
2025-06-09,Molise,42
2025-06-09,Piemonte,541
2025-06-09,Puglia,672
2025-06-09,Sardegna,336
2025-06-09,Sicilia,782
2025-06-09,Toscana,521
2025-06-09,Trentino-Alto Adige,180
2025-06-09,Umbria,133
2025-06-09,Valle d'Aosta,13
2025-06-09,Veneto,678
2025-06-16,Abruzzo,207
2025-06-16,Basilicata,108
2025-06-16,Calabria,391
2025-06-16,Campania,1016
2025-06-16,Emilia-Romagna,655
2025-06-16,Friuli-Venezia Giulia,172
2025-06-16,Lazio,1277
2025-06-16,Liguria,264
2025-06-16,Lombardia,1622
2025-06-16,Marche,338
2025-06-16,Molise,38
2025-06-16,Piemonte,547
2025-06-16,Puglia,679
2025-06-16,Sardegna,342
2025-06-16,Sicilia,789
2025-06-16,Toscana,535
2025-06-16,Trentino-Alto Adige,197
2025-06-16,Umbria,107
2025-06-16,Valle d'Aosta,18
2025-06-16,Veneto,781
2025-06-23,Abruzzo,192
2025-06-23,Basilicata,90
2025-06-23,Calabria,332
2025-06-23,Campania,1011
2025-06-23,Emilia-Romagna,650
2025-06-23,Friuli-Venezia Giulia,175
2025-06-23,Lazio,1276
2025-06-23,Liguria,252
2025-06-23,Lombardia,1754
2025-06-23,Marche,329
2025-06-23,Molise,60
2025-06-23,Piemonte,642
2025-06-23,Puglia,602
2025-06-23,Sardegna,325
2025-06-23,Sicilia,849
2025-06-23,Toscana,590
2025-06-23,Trentino-Alto Adige,187
2025-06-23,Umbria,137
2025-06-23,Valle d'Aosta,8
2025-06-23,Veneto,733
2025-06-30,Abruzzo,216
2025-06-30,Basilicata,82
2025-06-30,Calabria,370
2025-06-30,Campania,841
2025-06-30,Emilia-Romagna,752
2025-06-30,Friuli-Venezia Giulia,227
2025-06-30,Lazio,1208
2025-06-30,Liguria,331
2025-06-30,Lombardia,1504
2025-06-30,Marche,301
2025-06-30,Molise,69
2025-06-30,Piemonte,580
2025-06-30,Puglia,784
2025-06-30,Sardegna,331
2025-06-30,Sicilia,864
2025-06-30,Toscana,655
2025-06-30,Trentino-Alto Adige,205
2025-06-30,Umbria,142
2025-06-30,Valle d'Aosta,20
2025-06-30,Veneto,762
2025-07-07,Abruzzo,199
2025-07-07,Basilicata,84
2025-07-07,Calabria,295
2025-07-07,Campania,798
2025-07-07,Emilia-Romagna,627
2025-07-07,Friuli-Venezia Giulia,160
2025-07-07,Lazio,1306
2025-07-07,Liguria,290
2025-07-07,Lombardia,1554
2025-07-07,Marche,287
2025-07-07,Molise,45
2025-07-07,Piemonte,491
2025-07-07,Puglia,661
2025-07-07,Sardegna,285
2025-07-07,Sicilia,817
2025-07-07,Toscana,525
2025-07-07,Trentino-Alto Adige,180
2025-07-07,Umbria,121
2025-07-07,Valle d'Aosta,19
2025-07-07,Veneto,680
2025-07-14,Abruzzo,228
2025-07-14,Basilicata,108
2025-07-14,Calabria,320
2025-07-14,Campania,927
2025-07-14,Emilia-Romagna,683
2025-07-14,Friuli-Venezia Giulia,199
2025-07-14,Lazio,1112
2025-07-14,Liguria,228
2025-07-14,Lombardia,1329
2025-07-14,Marche,313
2025-07-14,Molise,43
2025-07-14,Piemonte,434
2025-07-14,Puglia,549
2025-07-14,Sardegna,346
2025-07-14,Sicilia,688
2025-07-14,Toscana,550
2025-07-14,Trentino-Alto Adige,183
2025-07-14,Umbria,149
2025-07-14,Valle d'Aosta,13
2025-07-14,Veneto,718
2025-07-21,Abruzzo,245
2025-07-21,Basilicata,90
2025-07-21,Calabria,302
2025-07-21,Campania,749
2025-07-21,Emilia-Romagna,668
2025-07-21,Friuli-Venezia Giulia,153
2025-07-21,Lazio,1265
2025-07-21,Liguria,262
2025-07-21,Lombardia,1127
2025-07-21,Marche,278
2025-07-21,Molise,35
2025-07-21,Piemonte,395
2025-07-21,Puglia,618
2025-07-21,Sardegna,284
2025-07-21,Sicilia,638
2025-07-21,Toscana,535
2025-07-21,Trentino-Alto Adige,214
2025-07-21,Umbria,129
2025-07-21,Valle d'Aosta,17
2025-07-21,Veneto,702
2025-07-28,Abruzzo,159
2025-07-28,Basilicata,86
2025-07-28,Calabria,251
2025-07-28,Campania,727
2025-07-28,Emilia-Romagna,438
2025-07-28,Friuli-Venezia Giulia,134
2025-07-28,Lazio,942
2025-07-28,Liguria,268
2025-07-28,Lombardia,1200
2025-07-28,Marche,331
2025-07-28,Molise,30
2025-07-28,Piemonte,554
2025-07-28,Puglia,558
2025-07-28,Sardegna,250
2025-07-28,Sicilia,670
2025-07-28,Toscana,423
2025-07-28,Trentino-Alto Adige,158
2025-07-28,Umbria,99
2025-07-28,Valle d'Aosta,11
2025-07-28,Veneto,553
2025-08-04,Abruzzo,165
2025-08-04,Basilicata,90
2025-08-04,Calabria,234
2025-08-04,Campania,616
2025-08-04,Emilia-Romagna,516
2025-08-04,Friuli-Venezia Giulia,131
2025-08-04,Lazio,992
2025-08-04,Liguria,220
2025-08-04,Lombardia,1123
2025-08-04,Marche,207
2025-08-04,Molise,32
2025-08-04,Piemonte,370
2025-08-04,Puglia,574
2025-08-04,Sardegna,229
2025-08-04,Sicilia,665
2025-08-04,Toscana,434
2025-08-04,Trentino-Alto Adige,153
2025-08-04,Umbria,118
2025-08-04,Valle d'Aosta,10
2025-08-04,Veneto,763
2025-08-11,Abruzzo,179
2025-08-11,Basilicata,68
2025-08-11,Calabria,209
2025-08-11,Campania,646
2025-08-11,Emilia-Romagna,459
2025-08-11,Friuli-Venezia Giulia,139
2025-08-11,Lazio,919
2025-08-11,Liguria,184
2025-08-11,Lombardia,1178
2025-08-11,Marche,197
2025-08-11,Molise,27
2025-08-11,Piemonte,449
2025-08-11,Puglia,427
2025-08-11,Sardegna,220
2025-08-11,Sicilia,552
2025-08-11,Toscana,321
2025-08-11,Trentino-Alto Adige,114
2025-08-11,Umbria,96
2025-08-11,Valle d'Aosta,20
2025-08-11,Veneto,549
2025-08-18,Abruzzo,179
2025-08-18,Basilicata,65
2025-08-18,Calabria,228
2025-08-18,Campania,766
2025-08-18,Emilia-Romagna,538
2025-08-18,Friuli-Venezia Giulia,135
2025-08-18,Lazio,1042
2025-08-18,Liguria,236
2025-08-18,Lombardia,1235
2025-08-18,Marche,257
2025-08-18,Molise,29
2025-08-18,Piemonte,497
2025-08-18,Puglia,450
2025-08-18,Sardegna,253
2025-08-18,Sicilia,502
2025-08-18,Toscana,358
2025-08-18,Trentino-Alto Adige,142
2025-08-18,Umbria,101
2025-08-18,Valle d'Aosta,11
2025-08-18,Veneto,541
2025-08-25,Abruzzo,176
2025-08-25,Basilicata,60
2025-08-25,Calabria,234
2025-08-25,Campania,657
2025-08-25,Emilia-Romagna,401
2025-08-25,Friuli-Venezia Giulia,164
2025-08-25,Lazio,1189
2025-08-25,Liguria,265
2025-08-25,Lombardia,1525
2025-08-25,Marche,227
2025-08-25,Molise,37
2025-08-25,Piemonte,494
2025-08-25,Puglia,468
2025-08-25,Sardegna,209
2025-08-25,Sicilia,561
2025-08-25,Toscana,448
2025-08-25,Trentino-Alto Adige,145
2025-08-25,Umbria,106
2025-08-25,Valle d'Aosta,15
2025-08-25,Veneto,614
2025-09-01,Abruzzo,182
2025-09-01,Basilicata,78
2025-09-01,Calabria,227
2025-09-01,Campania,746
2025-09-01,Emilia-Romagna,619
2025-09-01,Friuli-Venezia Giulia,157
2025-09-01,Lazio,908
2025-09-01,Liguria,224
2025-09-01,Lombardia,1292
2025-09-01,Marche,238
2025-09-01,Molise,40
2025-09-01,Piemonte,593
2025-09-01,Puglia,477
2025-09-01,Sardegna,205
2025-09-01,Sicilia,720
2025-09-01,Toscana,508
2025-09-01,Trentino-Alto Adige,167
2025-09-01,Umbria,87
2025-09-01,Valle d'Aosta,20
2025-09-01,Veneto,642
2025-09-08,Abruzzo,160
2025-09-08,Basilicata,87
2025-09-08,Calabria,222
2025-09-08,Campania,802
2025-09-08,Emilia-Romagna,576
2025-09-08,Friuli-Venezia Giulia,142
2025-09-08,Lazio,1193
2025-09-08,Liguria,239
2025-09-08,Lombardia,1629
2025-09-08,Marche,258
2025-09-08,Molise,42
2025-09-08,Piemonte,589
2025-09-08,Puglia,488
2025-09-08,Sardegna,231
2025-09-08,Sicilia,574
2025-09-08,Toscana,570
2025-09-08,Trentino-Alto Adige,154
2025-09-08,Umbria,98
2025-09-08,Valle d'Aosta,15
2025-09-08,Veneto,729
2025-09-15,Abruzzo,161
2025-09-15,Basilicata,84
2025-09-15,Calabria,249
2025-09-15,Campania,713
2025-09-15,Emilia-Romagna,434
2025-09-15,Friuli-Venezia Giulia,170
2025-09-15,Lazio,1125
2025-09-15,Liguria,206
2025-09-15,Lombardia,1329
2025-09-15,Marche,236
2025-09-15,Molise,36
2025-09-15,Piemonte,531
2025-09-15,Puglia,562
2025-09-15,Sardegna,265
2025-09-15,Sicilia,526
2025-09-15,Toscana,553
2025-09-15,Trentino-Alto Adige,107
2025-09-15,Umbria,95
2025-09-15,Valle d'Aosta,5
2025-09-15,Veneto,672
2025-09-22,Abruzzo,180
2025-09-22,Basilicata,94
2025-09-22,Calabria,246
2025-09-22,Campania,868
2025-09-22,Emilia-Romagna,589
2025-09-22,Friuli-Venezia Giulia,145
2025-09-22,Lazio,1044
2025-09-22,Liguria,225
2025-09-22,Lombardia,1454
2025-09-22,Marche,306
2025-09-22,Molise,25
2025-09-22,Piemonte,509
2025-09-22,Puglia,535
2025-09-22,Sardegna,234
2025-09-22,Sicilia,494
2025-09-22,Toscana,474
2025-09-22,Trentino-Alto Adige,151
2025-09-22,Umbria,136
2025-09-22,Valle d'Aosta,4
2025-09-22,Veneto,702
2025-09-29,Abruzzo,207
2025-09-29,Basilicata,88
2025-09-29,Calabria,260
2025-09-29,Campania,742
2025-09-29,Emilia-Romagna,570
2025-09-29,Friuli-Venezia Giulia,196
2025-09-29,Lazio,1181
2025-09-29,Liguria,288
2025-09-29,Lombardia,1587
2025-09-29,Marche,245
2025-09-29,Molise,32
2025-09-29,Piemonte,645
2025-09-29,Puglia,452
2025-09-29,Sardegna,227
2025-09-29,Sicilia,654
2025-09-29,Toscana,529
2025-09-29,Trentino-Alto Adige,146
2025-09-29,Umbria,109
2025-09-29,Valle d'Aosta,16
2025-09-29,Veneto,645
2025-10-06,Abruzzo,216
2025-10-06,Basilicata,117
2025-10-06,Calabria,256
2025-10-06,Campania,814
2025-10-06,Emilia-Romagna,559
2025-10-06,Friuli-Venezia Giulia,177
2025-10-06,Lazio,1210
2025-10-06,Liguria,253
2025-10-06,Lombardia,1665
2025-10-06,Marche,305
2025-10-06,Molise,39
2025-10-06,Piemonte,727
2025-10-06,Puglia,550
2025-10-06,Sardegna,226
2025-10-06,Sicilia,693
2025-10-06,Toscana,556
2025-10-06,Trentino-Alto Adige,173
2025-10-06,Umbria,130
2025-10-06,Valle d'Aosta,10
2025-10-06,Veneto,761
2025-10-13,Abruzzo,192
2025-10-13,Basilicata,106
2025-10-13,Calabria,201
2025-10-13,Campania,872
2025-10-13,Emilia-Romagna,700
2025-10-13,Friuli-Venezia Giulia,176
2025-10-13,Lazio,1213
2025-10-13,Liguria,229
2025-10-13,Lombardia,1937
2025-10-13,Marche,298
2025-10-13,Molise,37
2025-10-13,Piemonte,515
2025-10-13,Puglia,522
2025-10-13,Sardegna,197
2025-10-13,Sicilia,586
2025-10-13,Toscana,538
2025-10-13,Trentino-Alto Adige,171
2025-10-13,Umbria,122
2025-10-13,Valle d'Aosta,7
2025-10-13,Veneto,741
2025-10-20,Abruzzo,181
2025-10-20,Basilicata,104
2025-10-20,Calabria,222
2025-10-20,Campania,870
2025-10-20,Emilia-Romagna,726
2025-10-20,Friuli-Venezia Giulia,208
2025-10-20,Lazio,1288
2025-10-20,Liguria,235
2025-10-20,Lombardia,2199
2025-10-20,Marche,326
2025-10-20,Molise,31
2025-10-20,Piemonte,703
2025-10-20,Puglia,597
2025-10-20,Sardegna,212
2025-10-20,Sicilia,743
2025-10-20,Toscana,496
2025-10-20,Trentino-Alto Adige,174
2025-10-20,Umbria,133
2025-10-20,Valle d'Aosta,8
2025-10-20,Veneto,866
2025-10-27,Abruzzo,220
2025-10-27,Basilicata,79
2025-10-27,Calabria,294
2025-10-27,Campania,704
2025-10-27,Emilia-Romagna,709
2025-10-27,Friuli-Venezia Giulia,164
2025-10-27,Lazio,1215
2025-10-27,Liguria,265
2025-10-27,Lombardia,1399
2025-10-27,Marche,339
2025-10-27,Molise,34
2025-10-27,Piemonte,707
2025-10-27,Puglia,558
2025-10-27,Sardegna,299
2025-10-27,Sicilia,595
2025-10-27,Toscana,623
2025-10-27,Trentino-Alto Adige,138
2025-10-27,Umbria,108
2025-10-27,Valle d'Aosta,8
2025-10-27,Veneto,907
2025-11-03,Abruzzo,201
2025-11-03,Basilicata,93
2025-11-03,Calabria,261
2025-11-03,Campania,881
2025-11-03,Emilia-Romagna,615
2025-11-03,Friuli-Venezia Giulia,156
2025-11-03,Lazio,1202
2025-11-03,Liguria,244
2025-11-03,Lombardia,1698
2025-11-03,Marche,323
2025-11-03,Molise,49
2025-11-03,Piemonte,733
2025-11-03,Puglia,497
2025-11-03,Sardegna,289
2025-11-03,Sicilia,573
2025-11-03,Toscana,493
2025-11-03,Trentino-Alto Adige,129
2025-11-03,Umbria,118
2025-11-03,Valle d'Aosta,19
2025-11-03,Veneto,880
2025-11-10,Abruzzo,199
2025-11-10,Basilicata,96
2025-11-10,Calabria,220
2025-11-10,Campania,874
2025-11-10,Emilia-Romagna,630
2025-11-10,Friuli-Venezia Giulia,201
2025-11-10,Lazio,1202
2025-11-10,Liguria,309
2025-11-10,Lombardia,1775
2025-11-10,Marche,257
2025-11-10,Molise,65
2025-11-10,Piemonte,752
2025-11-10,Puglia,595
2025-11-10,Sardegna,251
2025-11-10,Sicilia,699
2025-11-10,Toscana,524
2025-11-10,Trentino-Alto Adige,153
2025-11-10,Umbria,131
2025-11-10,Valle d'Aosta,11
2025-11-10,Veneto,997
2025-11-17,Abruzzo,188
2025-11-17,Basilicata,92
2025-11-17,Calabria,245
2025-11-17,Campania,783
2025-11-17,Emilia-Romagna,691
2025-11-17,Friuli-Venezia Giulia,178
2025-11-17,Lazio,1295
2025-11-17,Liguria,293
2025-11-17,Lombardia,1928
2025-11-17,Marche,265
2025-11-17,Molise,38
2025-11-17,Piemonte,727
2025-11-17,Puglia,523
2025-11-17,Sardegna,273
2025-11-17,Sicilia,549
2025-11-17,Toscana,509
2025-11-17,Trentino-Alto Adige,176
2025-11-17,Umbria,116
2025-11-17,Valle d'Aosta,21
2025-11-17,Veneto,783
2025-11-24,Abruzzo,186
2025-11-24,Basilicata,96
2025-11-24,Calabria,250
2025-11-24,Campania,910
2025-11-24,Emilia-Romagna,579
2025-11-24,Friuli-Venezia Giulia,206
2025-11-24,Lazio,1243
2025-11-24,Liguria,280
2025-11-24,Lombardia,1559
2025-11-24,Marche,264
2025-11-24,Molise,30
2025-11-24,Piemonte,742
2025-11-24,Puglia,593
2025-11-24,Sardegna,236
2025-11-24,Sicilia,680
2025-11-24,Toscana,478
2025-11-24,Trentino-Alto Adige,176
2025-11-24,Umbria,115
2025-11-24,Valle d'Aosta,15
2025-11-24,Veneto,748
2025-12-01,Abruzzo,143
2025-12-01,Basilicata,81
2025-12-01,Calabria,227
2025-12-01,Campania,731
2025-12-01,Emilia-Romagna,563
2025-12-01,Friuli-Venezia Giulia,167
2025-12-01,Lazio,1021
2025-12-01,Liguria,264
2025-12-01,Lombardia,1659
2025-12-01,Marche,240
2025-12-01,Molise,25
2025-12-01,Piemonte,625
2025-12-01,Puglia,461
2025-12-01,Sardegna,228
2025-12-01,Sicilia,666
2025-12-01,Toscana,446
2025-12-01,Trentino-Alto Adige,131
2025-12-01,Umbria,107
2025-12-01,Valle d'Aosta,13
2025-12-01,Veneto,841
2025-12-08,Abruzzo,201
2025-12-08,Basilicata,71
2025-12-08,Calabria,242
2025-12-08,Campania,736
2025-12-08,Emilia-Romagna,463
2025-12-08,Friuli-Venezia Giulia,133
2025-12-08,Lazio,1042
2025-12-08,Liguria,181
2025-12-08,Lombardia,1293
2025-12-08,Marche,246
2025-12-08,Molise,36
2025-12-08,Piemonte,490
2025-12-08,Puglia,419
2025-12-08,Sardegna,223
2025-12-08,Sicilia,502
2025-12-08,Toscana,401
2025-12-08,Trentino-Alto Adige,125
2025-12-08,Umbria,100
2025-12-08,Valle d'Aosta,14
2025-12-08,Veneto,712
2025-12-15,Abruzzo,136
2025-12-15,Basilicata,44
2025-12-15,Calabria,125
2025-12-15,Campania,522
2025-12-15,Emilia-Romagna,358
2025-12-15,Friuli-Venezia Giulia,86
2025-12-15,Lazio,755
2025-12-15,Liguria,169
2025-12-15,Lombardia,1079
2025-12-15,Marche,207
2025-12-15,Molise,25
2025-12-15,Piemonte,458
2025-12-15,Puglia,360
2025-12-15,Sardegna,147
2025-12-15,Sicilia,334
2025-12-15,Toscana,342
2025-12-15,Trentino-Alto Adige,111
2025-12-15,Umbria,69
2025-12-15,Valle d'Aosta,8
2025-12-15,Veneto,487
2025-12-22,Abruzzo,92
2025-12-22,Basilicata,65
2025-12-22,Calabria,142
2025-12-22,Campania,418
2025-12-22,Emilia-Romagna,355
2025-12-22,Friuli-Venezia Giulia,101
2025-12-22,Lazio,724
2025-12-22,Liguria,149
2025-12-22,Lombardia,902
2025-12-22,Marche,156
2025-12-22,Molise,20
2025-12-22,Piemonte,359
2025-12-22,Puglia,342
2025-12-22,Sardegna,148
2025-12-22,Sicilia,267
2025-12-22,Toscana,288
2025-12-22,Trentino-Alto Adige,76
2025-12-22,Umbria,64
2025-12-22,Valle d'Aosta,2
2025-12-22,Veneto,417
