mondo,seed_mondo,canale,spesa,vero,mediana,ci05,ci95,larghezza_relativa,dentro,pit,roi_vero,roi_stimato,rho_spearman
mondo_0042_sanita,42,Altre job board,139862.69,380687.4,145216.0,37430.7,524362.7,3.3532,1,0.88875,2.7219,1.0383,-0.2143
mondo_0042_sanita,42,Google Ads,1271280.91,1903428.8,1743109.5,734578.6,3844558.1,1.7842,1,0.567375,1.4973,1.3711,-0.2143
mondo_0042_sanita,42,Indeed,550109.6,1384311.8,426944.2,117191.9,1354523.0,2.8981,0,0.9545,2.5164,0.7761,-0.2143
mondo_0042_sanita,42,Jooble,68578.34,173039.0,79852.3,18183.0,322943.6,3.8166,1,0.8155,2.5232,1.1644,-0.2143
mondo_0042_sanita,42,LinkedIn Ads,511507.87,449901.4,547978.2,137022.1,1707483.9,2.8659,1,0.400625,0.8796,1.0713,-0.2143
mondo_0042_sanita,42,Meta Ads,958415.84,1557351.4,612976.1,182439.1,1755072.4,2.5656,1,0.922625,1.6249,0.6396,-0.2143
mondo_0042_sanita,42,Subito Lavoro,168042.93,484509.4,177818.5,43744.6,668731.9,3.5147,1,0.88925,2.8832,1.0582,-0.2143
mondo_0101_sanita,101,Altre job board,157392.08,380682.7,200712.9,44887.4,966139.0,4.5899,1,0.755125,2.4187,1.2752,0.0714
mondo_0101_sanita,101,Google Ads,1265171.24,1903414.9,2085205.2,570764.9,4464270.2,1.8672,1,0.446,1.5045,1.6482,0.0714
mondo_0101_sanita,101,Indeed,503935.14,1384301.9,425992.1,117528.5,1253212.1,2.666,0,0.965125,2.747,0.8453,0.0714
mondo_0101_sanita,101,Jooble,63513.13,173038.4,75773.8,17371.7,303470.6,3.7757,1,0.831375,2.7245,1.193,0.0714
mondo_0101_sanita,101,LinkedIn Ads,538884.75,449898.3,402190.8,110807.6,1211099.3,2.7357,1,0.562,0.8349,0.7463,0.0714
mondo_0101_sanita,101,Meta Ads,923955.65,1557338.6,586479.9,171321.8,1712240.9,2.6274,1,0.93175,1.6855,0.6347,0.0714
mondo_0101_sanita,101,Subito Lavoro,189670.86,484505.2,220447.6,50542.5,862359.4,3.6826,1,0.818125,2.5545,1.1623,0.0714
mondo_0102_sanita,102,Altre job board,147857.93,380681.7,155716.3,38637.1,600420.1,3.6077,1,0.853875,2.5746,1.0531,0.25
mondo_0102_sanita,102,Google Ads,1191145.16,1903410.5,2570742.0,986178.2,4992022.7,1.5582,1,0.281375,1.598,2.1582,0.25
mondo_0102_sanita,102,Indeed,498243.93,1384297.2,520607.1,132859.7,1854783.7,3.3075,1,0.893125,2.7784,1.0449,0.25
mondo_0102_sanita,102,Jooble,68620.03,173037.1,76076.8,17962.2,300791.4,3.7177,1,0.838,2.5217,1.1087,0.25
mondo_0102_sanita,102,LinkedIn Ads,556425.05,449896.7,479355.6,124824.0,1472409.2,2.8112,1,0.4665,0.8085,0.8615,0.25
mondo_0102_sanita,102,Meta Ads,895221.23,1557335.2,597548.6,175262.6,1804557.3,2.7266,1,0.923125,1.7396,0.6675,0.25
mondo_0102_sanita,102,Subito Lavoro,172813.69,484504.0,216995.4,48132.1,875832.4,3.8144,1,0.820125,2.8036,1.2557,0.25
mondo_0103_sanita,103,Altre job board,156301.68,380683.7,367261.0,103673.4,1125991.2,2.7836,1,0.521375,2.4356,2.3497,0.6429
mondo_0103_sanita,103,Google Ads,1395474.93,1903419.3,1507346.8,538580.6,3401226.4,1.8991,1,0.67725,1.364,1.0802,0.6429
mondo_0103_sanita,103,Indeed,528671.23,1384304.0,742170.4,168599.1,2480420.6,3.1149,1,0.771,2.6185,1.4038,0.6429
mondo_0103_sanita,103,Jooble,71134.83,173038.6,92338.7,20423.0,406040.2,4.1761,1,0.759,2.4325,1.2981,0.6429
mondo_0103_sanita,103,LinkedIn Ads,523045.82,449898.4,395752.1,110050.4,1217564.1,2.7985,1,0.57,0.8602,0.7566,0.6429
mondo_0103_sanita,103,Meta Ads,939064.09,1557342.0,905670.2,245741.6,2728470.8,2.7413,1,0.773625,1.6584,0.9644,0.6429
mondo_0103_sanita,103,Subito Lavoro,190734.87,484506.9,199369.1,48700.3,715259.3,3.3433,1,0.866,2.5402,1.0453,0.6429
mondo_0104_sanita,104,Altre job board,160884.92,380686.0,179575.5,43677.3,666970.4,3.4709,1,0.816625,2.3662,1.1162,0.25
mondo_0104_sanita,104,Google Ads,1318857.5,1903428.6,1242212.5,395425.8,3424895.5,2.4388,1,0.75025,1.4432,0.9419,0.25
mondo_0104_sanita,104,Indeed,508852.29,1384312.0,451001.8,120842.5,1491177.5,3.0384,1,0.93575,2.7205,0.8863,0.25
mondo_0104_sanita,104,Jooble,66096.37,173038.4,74663.9,16626.1,303308.2,3.8396,1,0.835375,2.618,1.1296,0.25
mondo_0104_sanita,104,LinkedIn Ads,519769.13,449900.9,491313.9,124280.9,1662143.7,3.1301,1,0.453625,0.8656,0.9453,0.25
mondo_0104_sanita,104,Meta Ads,910259.15,1557350.9,726316.4,212148.3,2121744.2,2.6292,1,0.87375,1.7109,0.7979,0.25
mondo_0104_sanita,104,Subito Lavoro,172799.48,484508.7,186366.6,44749.5,691879.5,3.4723,1,0.877625,2.8039,1.0785,0.25
mondo_0105_sanita,105,Altre job board,144989.75,380685.7,145317.2,35627.8,542159.3,3.4857,1,0.887875,2.6256,1.0023,0.6786
mondo_0105_sanita,105,Google Ads,1319334.54,1903430.3,1345462.8,468443.9,3116133.4,1.9679,1,0.74675,1.4427,1.0198,0.6786
mondo_0105_sanita,105,Indeed,513873.62,1384313.2,538952.8,136926.6,1715708.9,2.9294,1,0.906,2.6939,1.0488,0.6786
mondo_0105_sanita,105,Jooble,65587.33,173039.2,84562.6,18576.1,353567.4,3.9615,1,0.785,2.6383,1.2893,0.6786
mondo_0105_sanita,105,LinkedIn Ads,562505.69,449901.4,475358.9,128265.1,1506394.3,2.8991,1,0.472,0.7998,0.8451,0.6786
mondo_0105_sanita,105,Meta Ads,948445.56,1557351.2,678350.2,196822.9,2131923.2,2.8527,1,0.881625,1.642,0.7152,0.6786
mondo_0105_sanita,105,Subito Lavoro,181568.4,484509.2,220105.6,49605.9,833322.3,3.5606,1,0.827375,2.6685,1.2122,0.6786
mondo_0106_sanita,106,Altre job board,158486.31,380684.5,167155.2,41458.9,625908.7,3.4964,1,0.8405,2.402,1.0547,0.4286
mondo_0106_sanita,106,Google Ads,1333169.22,1903420.8,2164915.8,712026.5,4377755.5,1.6932,1,0.409375,1.4277,1.6239,0.4286
mondo_0106_sanita,106,Indeed,515286.36,1384306.4,703681.2,159610.1,2460689.0,3.2701,1,0.793125,2.6865,1.3656,0.4286
mondo_0106_sanita,106,Jooble,71543.45,173038.7,88730.2,19872.5,376478.4,4.019,1,0.77325,2.4187,1.2402,0.4286
mondo_0106_sanita,106,LinkedIn Ads,525709.1,449899.6,417258.4,112203.8,1325959.6,2.9089,1,0.539125,0.8558,0.7937,0.4286
mondo_0106_sanita,106,Meta Ads,971272.06,1557343.2,810751.3,224003.9,2188662.0,2.4233,1,0.851625,1.6034,0.8347,0.4286
mondo_0106_sanita,106,Subito Lavoro,178188.47,484506.2,224820.9,50979.7,919999.0,3.8654,1,0.804375,2.7191,1.2617,0.4286
mondo_0107_sanita,107,Altre job board,154300.41,380682.4,176842.7,41685.6,684393.8,3.6343,1,0.825125,2.4672,1.1461,0.2857
mondo_0107_sanita,107,Google Ads,1314090.6,1903416.4,2910307.2,1060994.2,5951622.3,1.6805,1,0.221125,1.4485,2.2147,0.2857
mondo_0107_sanita,107,Indeed,541627.63,1384303.1,554523.6,139323.3,1715153.3,2.8418,1,0.90125,2.5558,1.0238,0.2857
mondo_0107_sanita,107,Jooble,67316.87,173038.3,85306.6,18413.9,355443.4,3.9508,1,0.783,2.5705,1.2672,0.2857
mondo_0107_sanita,107,LinkedIn Ads,549036.71,449898.3,406947.1,111662.4,1277037.5,2.8637,1,0.5585,0.8194,0.7412,0.2857
mondo_0107_sanita,107,Meta Ads,967191.8,1557341.0,668079.2,191097.3,1932590.4,2.6067,1,0.900875,1.6102,0.6907,0.2857
mondo_0107_sanita,107,Subito Lavoro,188629.2,484507.0,193185.6,49363.2,690028.2,3.3163,1,0.88,2.5686,1.0242,0.2857
