"rn","coef","xDecompAgg","xDecompPerc","xDecompMeanNon0","xDecompMeanNon0Perc","xDecompAggRF","xDecompPercRF","xDecompMeanNon0RF","xDecompMeanNon0PercRF","pos","spend_share","spend_share_refresh","mean_spend","total_spend","mean_exposure","mean_exposure_refresh","effect_share","effect_share_refresh","train_size","rsq_train","rsq_val","rsq_test","nrmse_train","nrmse_val","nrmse_test","nrmse","decomp.rssd","mape","lambda","lambda_hp","lambda_max","lambda_min_ratio","solID","trial","iterNG","iterPar","iterations","robynPareto","mean_response","mean_spend_adstocked","mean_carryover","roi_mean","roi_total","cpa_mean","cpa_total","cluster","top_sol","boot_mean","boot_se","ci_low","ci_up","carryover_pct"
"(Intercept)",0,0,0,0,0,0,0,0,0,TRUE,NA,NA,NA,NA,NA,NA,NA,NA,0.806506621394,0.921557849928827,0.926076567681204,0.948078000172222,0.0508109621963345,0.0746509121863529,0.0719380027219204,0.0746509121863529,0.121393429406914,0,34.3855621857367,0.0002676128251,93544.2487362889,1e-04,"5_1794_1",5,1794,1,1794,1,NA,NA,NA,NA,NA,NA,NA,4,TRUE,NA,NA,NA,NA,NA
"trend",0.950387134705628,812304.013943195,0.947796660501977,7810.61551868457,0.931376979834029,812304.013943195,0.947796660501977,7810.61551868457,0.931376979834029,TRUE,NA,NA,NA,NA,NA,NA,NA,NA,0.806506621394,0.921557849928827,0.926076567681204,0.948078000172222,0.0508109621963345,0.0746509121863529,0.0719380027219204,0.0746509121863529,0.121393429406914,0,34.3855621857367,0.0002676128251,93544.2487362889,1e-04,"5_1794_1",5,1794,1,1794,1,NA,NA,NA,NA,NA,NA,NA,4,TRUE,NA,NA,NA,NA,NA
"season",0.874987648045276,739.924890352992,0.000863344669066106,7.1146624072403,0.00084838803927071,739.924890352992,0.000863344669066106,7.1146624072403,0.00084838803927071,TRUE,NA,NA,NA,NA,NA,NA,NA,NA,0.806506621394,0.921557849928827,0.926076567681204,0.948078000172222,0.0508109621963345,0.0746509121863529,0.0719380027219204,0.0746509121863529,0.121393429406914,0,34.3855621857367,0.0002676128251,93544.2487362889,1e-04,"5_1794_1",5,1794,1,1794,1,NA,NA,NA,NA,NA,NA,NA,4,TRUE,NA,NA,NA,NA,NA
"stagionalita",35.9423659527118,3738.00605908203,0.004361507020673,35.9423659527118,0.00428594803687944,3738.00605908203,0.004361507020673,35.9423659527118,0.00428594803687944,TRUE,NA,NA,NA,NA,NA,NA,NA,NA,0.806506621394,0.921557849928827,0.926076567681204,0.948078000172222,0.0508109621963345,0.0746509121863529,0.0719380027219204,0.0746509121863529,0.121393429406914,0,34.3855621857367,0.0002676128251,93544.2487362889,1e-04,"5_1794_1",5,1794,1,1794,1,NA,NA,NA,NA,NA,NA,NA,4,TRUE,NA,NA,NA,NA,NA
"domanda_clienti",0.0660916110305581,16877.4181592074,0.0196925785107728,162.282866915456,0.019351423214336,16877.4181592074,0.0196925785107728,162.282866915456,0.019351423214336,TRUE,NA,NA,NA,NA,NA,NA,NA,NA,0.806506621394,0.921557849928827,0.926076567681204,0.948078000172222,0.0508109621963345,0.0746509121863529,0.0719380027219204,0.0746509121863529,0.121393429406914,0,34.3855621857367,0.0002676128251,93544.2487362889,1e-04,"5_1794_1",5,1794,1,1794,1,NA,NA,NA,NA,NA,NA,NA,4,TRUE,NA,NA,NA,NA,NA
"ricerche_candidati",-0.0280860737993261,-15109.2404332331,-0.0176294680064713,0,0,-15109.2404332331,-0.0176294680064713,0,0,FALSE,NA,NA,NA,NA,NA,NA,NA,NA,0.806506621394,0.921557849928827,0.926076567681204,0.948078000172222,0.0508109621963345,0.0746509121863529,0.0719380027219204,0.0746509121863529,0.121393429406914,0,34.3855621857367,0.0002676128251,93544.2487362889,1e-04,"5_1794_1",5,1794,1,1794,1,NA,NA,NA,NA,NA,NA,NA,4,TRUE,NA,NA,NA,NA,NA
"google_ads",430.291463550897,13738.950998056,0.0160306137249598,132.10529805823,0.015752898504761,13738.950998056,0.0160306137249598,132.10529805823,0.015752898504761,TRUE,0.346605948152139,0.346605948152139,12223.8494230769,1271280.34,NA,NA,0.356907025771293,0.356907025771293,0.806506621394,0.921557849928827,0.926076567681204,0.948078000172222,0.0508109621963345,0.0746509121863529,0.0719380027219204,0.0746509121863529,0.121393429406914,0,34.3855621857367,0.0002676128251,93544.2487362889,1e-04,"5_1794_1",5,1794,1,1794,1,132.10529805823,16807.5603536513,4583.71093057438,0.0108071764863885,0.0108071764863885,92.5311066456153,92.5311066456153,4,TRUE,81.9401881535201,3.06157804882635,54.4819454696016,109.291475504039,0.0360480065529935
"meta_ads",452.081510816933,11012.6606078475,0.0128495769664995,105.890967383149,0.0126269701993514,11012.6606078475,0.0128495769664995,105.890967383149,0.0126269701993514,TRUE,0.261305644038273,0.261305644038273,9215.53961538462,958416.12,NA,NA,0.286084137277417,0.286084137277417,0.806506621394,0.921557849928827,0.926076567681204,0.948078000172222,0.0508109621963345,0.0746509121863529,0.0719380027219204,0.0746509121863529,0.121393429406914,0,34.3855621857367,0.0002676128251,93544.2487362889,1e-04,"5_1794_1",5,1794,1,1794,1,105.890967383149,10390.9074198495,1175.36780446491,0.0114904793210777,0.0114904793210777,87.0285713987263,87.0285713987263,4,TRUE,90.6866645899235,4.29300339316194,51.9956578257545,128.850630870015,0.00273727857719518
"linkedin_ads",80.3080002941444,3979.61788778822,0.00464341980265455,38.2655566133483,0.00456297694656089,3979.61788778822,0.00464341980265455,38.2655566133483,0.00456297694656089,TRUE,0.139459031274041,0.139459031274041,4918.34086538462,511507.45,NA,NA,0.103381516117039,0.103381516117039,0.806506621394,0.921557849928827,0.926076567681204,0.948078000172222,0.0508109621963345,0.0746509121863529,0.0719380027219204,0.0746509121863529,0.121393429406914,0,34.3855621857367,0.0002676128251,93544.2487362889,1e-04,"5_1794_1",5,1794,1,1794,1,38.2655566133483,5161.700143333,243.359277948389,0.00778017580738701,0.00778017580738701,128.531799892045,128.531799892045,4,TRUE,1453.80891897472,608.465424846846,0,6908.57238300614,0.00055483985271963
"indeed",357.959153429808,9475.13394970818,0.0110555902238473,91.1070572087325,0.0108640625801699,9475.13394970818,0.0110555902238473,91.1070572087325,0.0108640625801699,TRUE,0.149983506176585,0.149983506176585,5289.51048076923,550109.09,NA,NA,0.246142655087238,0.246142655087238,0.806506621394,0.921557849928827,0.926076567681204,0.948078000172222,0.0508109621963345,0.0746509121863529,0.0719380027219204,0.0746509121863529,0.121393429406914,0,34.3855621857367,0.0002676128251,93544.2487362889,1e-04,"5_1794_1",5,1794,1,1794,1,91.1070572087325,5485.97916618729,196.468685418061,0.0172240999502629,0.0172240999502629,58.0581860815743,58.0581860815743,4,TRUE,63.6249868147402,2.73272700852549,39.1236009147521,88.0459150485084,0.00460977386804494
"subito_lavoro",2.18648105367915,100.464003345561,0.00011722144078712,0.966000032168859,0.000115190690199603,100.464003345561,0.00011722144078712,0.966000032168859,0.000115190690199603,TRUE,0.0458158259587981,0.0458158259587981,1615.79961538462,168043.16,NA,NA,0.00260982870062024,0.00260982870062024,0.806506621394,0.921557849928827,0.926076567681204,0.948078000172222,0.0508109621963345,0.0746509121863529,0.0719380027219204,0.0746509121863529,0.121393429406914,0,34.3855621857367,0.0002676128251,93544.2487362889,1e-04,"5_1794_1",5,1794,1,1794,1,0.966000032168859,2021.58395433188,405.784338947263,0.000597846430319218,0.000597846430319219,1672.67035359909,1672.67035359909,4,TRUE,1014.47399032532,242.458449004849,0,3194.9783284571,0.288310795043128
"jooble",3.77707478625472,151.573911183269,0.00017685650245817,1.45744145368528,0.000173792630833136,151.573911183269,0.00017685650245817,1.45744145368528,0.000173792630833136,TRUE,0.0186973149039176,0.0186973149039176,659.403461538462,68577.96,NA,NA,0.00393754907726197,0.00393754907726197,0.806506621394,0.921557849928827,0.926076567681204,0.948078000172222,0.0508109621963345,0.0746509121863529,0.0719380027219204,0.0746509121863529,0.121393429406914,0,34.3855621857367,0.0002676128251,93544.2487362889,1e-04,"5_1794_1",5,1794,1,1794,1,1.45744145368528,835.758695404607,176.355233866145,0.00221024234583923,0.00221024234583923,452.439073879158,452.439073879158,4,TRUE,338.085106570672,55.1883076052644,0,834.190855020204,0.101279556540336
"altre_job_board",0.519601040045922,36.0804146433599,4.20986427759971e-05,0.346927063878461,4.13693236089832e-05,36.0804146433599,4.20986427759971e-05,0.346927063878461,4.13693236089832e-05,TRUE,0.0381327294962466,0.0381327294962466,1344.83769230769,139863.12,NA,NA,0.000937287969130883,0.000937287969130883,0.806506621394,0.921557849928827,0.926076567681204,0.948078000172222,0.0508109621963345,0.0746509121863529,0.0719380027219204,0.0746509121863529,0.121393429406914,0,34.3855621857367,0.0002676128251,93544.2487362889,1e-04,"5_1794_1",5,1794,1,1794,1,0.346927063878461,1769.29791063154,424.460218323847,0.000257969467886602,0.000257969467886602,3876.42773461695,3876.42773461695,4,TRUE,6194.10405942269,4104.32157271375,0,42978.2075219672,0.450927667086191
