"altre_job_board_alphas","altre_job_board_gammas","altre_job_board_thetas","google_ads_alphas","google_ads_gammas","google_ads_thetas","indeed_alphas","indeed_gammas","indeed_thetas","jooble_alphas","jooble_gammas","jooble_thetas","linkedin_ads_alphas","linkedin_ads_gammas","linkedin_ads_thetas","meta_ads_alphas","meta_ads_gammas","meta_ads_thetas","subito_lavoro_alphas","subito_lavoro_gammas","subito_lavoro_thetas","train_size","google_ads_inflexion","meta_ads_inflexion","linkedin_ads_inflexion","indeed_inflexion","subito_lavoro_inflexion","jooble_inflexion","altre_job_board_inflexion","google_ads_inflation","meta_ads_inflation","linkedin_ads_inflation","indeed_inflation","subito_lavoro_inflation","jooble_inflation","altre_job_board_inflation","rsq_train","rsq_val","rsq_test","nrmse_train","nrmse_val","nrmse_test","nrmse","decomp.rssd","mape","lambda","lambda_hp","lambda_max","lambda_min_ratio","pos","Elapsed","ElapsedAccum","solID","trial","iterNG","iterPar","iterations","coef0","mape.qt10","robynPareto","error_score","cluster","top_sol"
2.821786811,0.84771640574,0.017453995932,0.7327654688,0.86100099111,0.22427385513,1.1518503805,0.87491311066,0.18729982926,2.4767298075,0.68893040613,0.22583313546,1.1475906015,0.97964359218,0.028596522774,0.70251171725,0.53820432062,0.28654653963,1.30955216625,0.353392758587,0.05740319391,0.7966718783,22372.8147535161,11263.099263429,8494.5242899826,10534.6355504894,1036.67412567757,1065.02960801124,2053.56982696855,1.28691662707041,1.39826101672353,1.02924752369932,1.22895518340193,1.06045945785196,1.28874256461526,1.01766680475817,0.749585896199742,0.756503293328718,0.697503235462607,0.0915176663158546,0.144312426364649,0.169650046374674,0.144312426364649,0.067373259862198,0,3279.44457303319,0.03496117863,93544.2487362889,1e-04,1,0.0865180492401123,135.86065363884,"1_1052_1",1,1052,1,1052,FALSE,TRUE,1,0.135534740621091,5,FALSE
2.82103088325,0.85388286135,0.01620955386,0.73303956465,0.82924465958,0.22683741966,1.04790585175,0.77350273698,0.20476059102,2.438159036,0.74241747249,0.11603600793,1.270010383,0.9261972493,0.07524325824,0.7569966765,0.59656488631,0.27771060009,1.26009370725,0.39893296175,0.08463632688,0.79850084433,21606.5533310251,12370.1038682453,8350.62480981992,9483.66340337296,1192.23140242992,1025.46054120508,2066.79904261469,1.29114955711214,1.38130388291126,1.08080491406222,1.25575545531704,1.09177224472287,1.1301278820614,1.01638653202874,0.748320418605326,0.756133263405619,0.700128251392169,0.0917486189776814,0.144422036972644,0.168912345224019,0.144422036972644,0.0697616430917032,0,3289.86032329344,0.03507253547,93544.2487362889,1e-04,1,0.0880141258239746,144.940368175507,"1_1122_1",1,1122,1,1122,FALSE,TRUE,2,0.134678828903014,5,FALSE
2.49360711275,0.59255862923,0.019788341817,0.89248205225,0.343265296592,0.1546960653,1.0133576915,0.46710842078,0.20578880577,2.19855519675,0.79128505587,0.16237746321,1.6070950995,0.97871842955,0.19780302525,1.150259345,0.30827427321,0.29686891023,0.781852388,0.42292796642,0.03494145285,0.800897080738,8313.65286972048,6521.81091571204,9901.53634762562,5733.238529782,1222.14560461953,1144.84310689266,1437.68954151276,1.18174901849396,1.4186045790853,1.24454688669579,1.25737010660352,1.03595204497351,1.19205988420734,1.02007708919883,0.740137341367476,0.775778322489359,0.689488705693686,0.0932282394777828,0.138482846400054,0.171882759123847,0.138482846400054,0.0757560734138999,0,3431.95576983987,0.03659170591,93544.2487362889,1e-04,1,0.135139942169189,162.826410293579,"1_1267_1",1,1267,1,1267,FALSE,TRUE,1,0.138579983412213,5,FALSE
2.4066122825,0.84359390001,0.03616572546,0.9962739535,0.38661766099,0.20893790448,0.9718935775,0.77365952851,0.18326379486,2.960822259,0.58520254427,0.11770916595,2.14061937575,0.58684000072,0.21166341396,0.5824938648,0.68307485223,0.20793882474,1.396354113,0.47759786723,0.03594514632,0.792721043436,9885.45997142708,13211.8968227608,6022.68514433474,9277.07248268482,1381.04634108589,809.641199333776,2069.48481844303,1.26216156688045,1.26056747777294,1.26623451273088,1.22292218046673,1.03702296835183,1.13225195081189,1.03731394221494,0.748933687988172,0.755207326565806,0.685602111412372,0.0920677465653774,0.149391922858697,0.166541181206918,0.149391922858697,0.0644723835305781,0,3371.20199101079,0.03594217528,93544.2487362889,1e-04,1,0.088733434677124,166.649678468704,"1_1293_1",1,1293,1,1293,FALSE,TRUE,3,0.131588758412392,5,TRUE
2.4066122825,0.84359390001,0.03616572546,0.9962739535,0.38661766099,0.20893790448,0.9718935775,0.77365952851,0.18326379486,2.960822259,0.58520254427,0.11770916595,2.14061937575,0.58684000072,0.21166341396,0.5824938648,0.68307485223,0.20793882474,1.290638593,0.333427360918,0.021406263474,0.792588137196,9885.45997142708,13211.8968227608,6022.68514433474,9277.07248268482,954.941158083772,809.641199333776,2069.48481844303,1.26216156688045,1.26056747777294,1.26623451273088,1.22292218046673,1.0217231159483,1.13225195081189,1.03731394221494,0.631810711562783,0.654976185969165,0.55236906238203,0.111493324856113,0.177358678987477,0.198720136862463,0.177358678987477,0.0608250269253601,0,5393.18551064469,0.05755959982,93544.2487362889,1e-04,1,0.0974888801574707,181.745364189148,"1_1413_1",1,1413,1,1413,FALSE,TRUE,4,0.171713162546776,5,FALSE
2.49360711275,0.59255862923,0.019788341817,0.89248205225,0.343265296592,0.1546960653,0.9845731455,0.6350877838,0.2217604215,2.1785880415,0.92867801815,0.15528944577,1.5485226265,0.89563329049,0.27364222266,1.150259345,0.30827427321,0.29686891023,0.781852388,0.42292796642,0.03494145285,0.800897080738,8313.65286972048,6521.81091571204,9837.04281504881,7927.9894283051,1222.14560461953,1333.9905355235,1437.68954151276,1.18174901849396,1.4186045790853,1.37321721476964,1.28299459803725,1.03595204497351,1.18215204623271,1.02007708919883,0.742855771659281,0.777708829431744,0.688146857003889,0.092739325915917,0.137885401872352,0.172253747269369,0.137885401872352,0.0771371115959507,0,3431.95576983987,0.03659170591,93544.2487362889,1e-04,1,0.103920459747314,182.218291759491,"1_1417_1",1,1417,1,1417,FALSE,TRUE,1,0.139095129581928,5,FALSE
2.69905123175,0.79432581352,0.04376220852,1.063332598,0.57801432274,0.19091438727,0.655026383625,0.4377807564,0.03518795019,2.78824810475,0.79248791893,0.11365344663,2.49252988975,0.51141666903,0.03928514565,0.602093904725,0.55675660633,0.2995693605,0.8958851,0.38665172488,0.00847931106,0.809643937038,14508.4946643399,11812.4732414649,4473.38662205969,4564.99135614483,1098.05146815956,1092.05828512994,1958.79096288296,1.23425673837967,1.42402453340254,1.0406228606613,1.03627002425985,1.00849349281776,1.12711692075169,1.04550853183025,0.732689418358743,0.737947324290481,0.696316411975431,0.0943607419207831,0.150670726640382,0.170157976016492,0.150670726640382,0.0780891143348018,0,3383.39413260008,0.03607252387,93544.2487362889,1e-04,1,0.0917079448699951,182.437693119049,"1_1419_1",1,1419,1,1419,FALSE,TRUE,4,0.136525312864475,5,FALSE
2.50376912825,0.73251395446,0.011340169407,0.97984724625,0.30032850280645,0.27718812801,1.222548825,0.55885273274,0.29897092851,2.4368735535,0.62379841557,0.15940102569,1.65025927625,0.85065363906,0.18295577082,0.85608552675,0.3044973233396,0.29019337719,1.05335509525,0.5273546765,0.05631603486,0.790457421809,8274.21666121419,6396.68847799564,8477.4734762683,7609.78900999688,1545.85517844491,899.793379623514,1767.32771957664,1.38030906835076,1.40538143543278,1.22212272093705,1.42318711408941,1.05924664053864,1.18787921445894,1.01140778038846,0.712040754048622,0.735126442552608,0.638001873784677,0.0986004292958204,0.155398639314278,0.178704295397887,0.155398639314278,0.064333694713368,0,4028.62534778474,0.04297081803,93544.2487362889,1e-04,1,0.0891027450561523,187.232667922974,"1_1461_1",1,1461,1,1461,FALSE,TRUE,4,0.146769394505762,5,FALSE
2.2027378585,0.84359390001,0.03616572546,0.9962739535,0.38661766099,0.20893790448,0.9718935775,0.77365952851,0.18326379486,2.960822259,0.58520254427,0.11770916595,2.14061937575,0.58684000072,0.21166341396,0.5824938648,0.68307485223,0.20793882474,1.290638593,0.333427360918,0.021406263474,0.792588137196,9885.45997142708,13211.8968227608,6022.68514433474,9277.07248268482,954.941158083772,809.641199333776,2069.48481844303,1.26216156688045,1.26056747777294,1.26623451273088,1.22292218046673,1.0217231159483,1.13225195081189,1.03731394221494,0.716492984816325,0.730388382291858,0.646522575883527,0.0978352134435304,0.156782364755308,0.176588603050265,0.156782364755308,0.0631935983895629,0,3884.96997210308,0.04143497008,93544.2487362889,1e-04,1,0.13656210899353,188.931764125824,"1_1473_1",1,1473,1,1473,FALSE,TRUE,4,0.144107646264099,5,FALSE
2.49360711275,0.59255862923,0.019788341817,1.29858708925,0.39537599757,0.09902562837,0.64157469965,0.54255682941,0.08693690394,1.44338035275,0.85089279959,0.07339491915,1.91160931525,0.76801164193,0.29691080769,2.636557544,0.30827427321,0.29686891023,0.781852388,0.42292796642,0.03494145285,0.800897080738,9095.32632169913,6521.81091571204,8667.68382998861,5926.69028707035,1222.14560461953,1127.66588397096,1437.68954151276,1.10920734781784,1.4186045790853,1.41818944402605,1.09466041601348,1.03595204497351,1.07855781277784,1.02007708919883,0.736849051854234,0.791890459197564,0.677320410906801,0.0938162380156005,0.133414544651107,0.175218260045434,0.133414544651107,0.12324784087013,0,3431.95576983987,0.03659170591,93544.2487362889,1e-04,1,0.162002563476562,189.645330905914,"1_1477_1",1,1477,1,1477,FALSE,TRUE,4,0.146143447229209,5,FALSE
2.4066122825,0.84359390001,0.03616572546,0.9962739535,0.38661766099,0.20893790448,0.9718935775,0.77365952851,0.18326379486,2.960822259,0.58520254427,0.11770916595,2.14061937575,0.58684000072,0.21166341396,0.5824938648,0.68307485223,0.20793882474,1.290638593,0.333427360918,0.021406263474,0.7914555753766,9885.45997142708,13211.8968227608,6022.68514433474,9277.07248268482,954.941158083772,809.641199333776,2069.48481844303,1.26216156688045,1.26056747777294,1.26623451273088,1.22292218046673,1.0217231159483,1.13225195081189,1.03731394221494,0.631810711562783,0.654976185969165,0.55236906238203,0.111493324856113,0.177358678987477,0.198720136862463,0.177358678987477,0.0608250269253601,0,5393.18551064469,0.05755959982,93544.2487362889,1e-04,1,0.0873227119445801,193.171118497849,"1_1503_1",1,1503,1,1503,FALSE,TRUE,4,0.171713162546776,NA,NA
2.50376912825,0.73251395446,0.011340169407,0.97984724625,0.30032850280645,0.22540078683,0.783979306,0.43479215036,0.14978180346,2.7447185315,0.58578171069,0.013614268194,1.65025927625,0.85065363906,0.18295577082,0.85608552675,0.3044973233396,0.29019337719,1.05335509525,0.5273546765,0.05631603486,0.790457421809,7813.29576965353,6396.68847799564,8477.4734762683,5041.77167052172,1545.85517844491,733.957148336762,1767.32771957664,1.28877398727869,1.40538143543278,1.22212272093705,1.17506693265383,1.05924664053864,1.01369669786874,1.01140778038846,0.704526982417595,0.736186605890402,0.646568264724905,0.0998785446996059,0.155087333941901,0.176577190172309,0.155087333941901,0.0521669704157216,0,4028.62534778474,0.04297081803,93544.2487362889,1e-04,1,0.099409818649292,198.696469783783,"1_1551_1",1,1551,1,1551,FALSE,TRUE,2,0.143996627847779,5,FALSE
2.527837657,0.62597525702,0.021694008189,1.236968913,0.39237802154,0.09299873148,0.61367020945,0.53999161963,0.09153882837,1.56880864275,0.83470959563,0.0684487923,1.827198216,0.76619168295,0.29233290318,2.229296348,0.32944843041,0.28348289271,0.8477674915,0.45921953019,0.06411890961,0.803463009736,8978.33312894291,6872.39815551442,8600.36790383125,5923.75333385802,1353.25412183178,1101.00632916475,1520.69976552636,1.10188415729571,1.39233468794434,1.40911082699978,1.10017314593308,1.06801334831436,1.07287850611426,1.02205323621244,0.759898196741408,0.806949102928954,0.708696045261383,0.0896134619433263,0.128497031499563,0.16648181658759,0.128497031499563,0.128563044773609,0,3073.21127575918,0.03275629778,93544.2487362889,1e-04,1,0.0917186737060547,217.557422876358,"1_1696_1",1,1696,1,1696,FALSE,TRUE,4,0.136168504705804,5,FALSE
2.49360711275,0.93796307232,0.04720998261,1.29858708925,0.39537599757,0.09902562837,0.64157469965,0.54255682941,0.08693690394,1.44338035275,0.85089279959,0.07339491915,1.91160931525,0.76801164193,0.29691080769,2.636557544,0.30827427321,0.29686891023,0.781852388,0.42292796642,0.03494145285,0.800897080738,9095.32632169913,6521.81091571204,8667.68382998861,5926.69028707035,1222.14560461953,1127.66588397096,2318.50996953074,1.10920734781784,1.4186045790853,1.41818944402605,1.09466041601348,1.03595204497351,1.07855781277784,1.04927065841194,0.735421936122525,0.786188964349374,0.674638352421736,0.0940702853556103,0.135229748827575,0.175944945505414,0.135229748827575,0.111420944721451,0,3431.95576983987,0.03659170591,93544.2487362889,1e-04,1,0.0877480506896973,219.976515054703,"1_1717_1",1,1717,1,1717,FALSE,TRUE,3,0.145876842835831,5,FALSE
2.53232846625,0.98740650979,0.25856125161,2.35338732925,0.340155093461,0.26155109967,0.678503210575,0.58204843261,0.021086978868,2.320082829,0.80088853675,0.012164896443,2.25682367825,0.66337614166,0.12684478704,2.50339347725,0.321805265104,0.27779324679,2.0817047675,0.75836932442,0.23027138028,0.797506597172,9206.34958472375,6673.38195261588,6263.29743470129,5995.17101668109,2526.85676086911,1002.13683850425,2903.34588929396,1.35133168697599,1.38146058908048,1.14419663895605,1.02142394424461,1.29643563108291,1.01222075048127,1.34621538450605,0.770587840801052,0.787827313935874,0.72931595124,0.0875958962687154,0.134710646397329,0.160481489908197,0.134710646397329,0.113214934322619,0,3010.87018077782,0.03208979684,93544.2487362889,1e-04,1,0.134300708770752,128.158545017242,"2_1034_1",2,1034,1,1034,FALSE,TRUE,3,0.127149297325737,3,FALSE
2.55629544775,0.98180345128,0.24702909234,2.3867776575,0.340211939572,0.23491167018,0.7511118845,0.52914749116,0.03403403862,2.42580543175,0.8487711579,0.10651455804,2.28511033975,0.64697493481,0.29193566325,2.80849951525,0.315807660834,0.2590219695,2.381528092,0.85872818967,0.23331451788,0.79867471316,8941.62877100249,6424.21973140083,7258.77673001017,5512.14430222498,2868.37270343962,1161.46138157398,2851.83504865499,1.30466519235203,1.34675690139258,1.4083285095763,1.03503894132346,1.3015324313329,1.11819027810449,1.32574665142294,0.778246684888552,0.797304530327985,0.732171439193028,0.0861213055634824,0.131667686237336,0.159632773617941,0.131667686237336,0.126405722749429,0,2943.50863027546,0.03136962122,93544.2487362889,1e-04,1,0.0866761207580566,159.386669635773,"2_1283_1",2,1283,1,1283,FALSE,TRUE,4,0.127653808641696,3,FALSE
2.55629544775,0.98180345128,0.24702909234,2.3867776575,0.340211939572,0.23491167018,0.7511118845,0.52914749116,0.03403403862,2.42580543175,0.8487711579,0.10651455804,2.28511033975,0.60545235182,0.14882963778,2.80849951525,0.315807660834,0.2590219695,2.381528092,0.85872818967,0.23331451788,0.79867471316,8941.62877100249,6424.21973140083,5835.77395118627,5512.14430222498,2868.37270343962,1161.46138157398,2851.83504865499,1.30466519235203,1.34675690139258,1.17351689194316,1.03503894132346,1.3015324313329,1.11819027810449,1.32574665142294,0.776149309101404,0.790821219732595,0.736445500570989,0.0865276211252893,0.133756838745523,0.158353925313913,0.133756838745523,0.121783015442769,0,2943.50863027546,0.03136962122,93544.2487362889,1e-04,1,0.138437509536743,166.808574914932,"2_1343_1",2,1343,1,1343,FALSE,TRUE,4,0.125539579352376,3,FALSE
2.34458711225,0.97550093401,0.2579043939,1.97974541125,0.37396313246,0.28110306963,1.00475960825,0.59499661765,0.03383807271,2.47695467225,0.9626760777,0.07153612479,2.30901044225,0.63535403671,0.111558909,2.55036675625,0.334785267209,0.26684355855,2.10195959925,0.76535379317,0.23719468689,0.79653102663,10349.5280814121,6864.73851617776,5915.31802064373,6197.03209815983,2564.63679296985,1273.5445812595,2865.98822357938,1.38775906182254,1.36100344949156,1.124657693373,1.03483016015291,1.3080894437517,1.07641645656581,1.34503256807857,0.793399512357338,0.797568579871079,0.751188061236961,0.0831268292939462,0.131581897140953,0.153861238311422,0.131581897140953,0.128068912998575,0,2708.53029217004,0.02885742147,93544.2487362889,1e-04,1,0.0874786376953125,174.185847520828,"2_1404_1",2,1404,1,1404,FALSE,TRUE,4,0.120957253318422,3,FALSE
2.6637661255,0.99854899079,0.28531033707,2.76690522225,0.354397174356,0.26947073679,0.739122074525,0.61599106147,0.04084696191,2.03865863025,0.71848632329,0.0951618636,2.27291659925,0.69598113268,0.27145074306,2.66867570725,0.312525064132,0.27784624845,2.037541296,0.66678115397,0.2204687781,0.798621718466,9678.05076820801,6481.29120009166,7625.04004755207,6455.34156083392,2204.11918532742,972.367303290945,3037.03547158099,1.36585442428494,1.38156110405169,1.36912782787393,1.0423501549798,1.28028527704293,1.10428168496238,1.39621377651727,0.779329738316051,0.800368924189084,0.723018516456534,0.0859107379273348,0.130668605526963,0.162337548877228,0.130668605526963,0.12842022004957,0,2915.56845159751,0.03107090726,93544.2487362889,1e-04,1,0.0901646614074707,177.019725084305,"2_1429_1",2,1429,1,1429,FALSE,TRUE,4,0.131161441686858,3,FALSE
2.34458711225,0.97550093401,0.2579043939,1.97974541125,0.37396313246,0.28110306963,1.00475960825,0.59499661765,0.03383807271,2.47695467225,0.9626760777,0.07153612479,2.30901044225,0.59358620312,0.15671555799,2.57598851775,0.329699845504,0.28715690502,2.35110675825,0.79115773182,0.27000538515,0.79653102663,10349.5280814121,6904.09842228778,5764.87288990548,6197.03209815983,2740.27972500602,1273.5445812595,2865.98822357938,1.38775906182254,1.39944772877826,1.18440282530648,1.03483016015291,1.36628875609983,1.07641645656581,1.34503256807857,0.794689153561563,0.802210365220413,0.751997080363533,0.0828669760707666,0.130064551312586,0.153610892538299,0.130064551312586,0.12188851057359,0,2708.53029217004,0.02885742147,93544.2487362889,1e-04,1,0.152620553970337,193.093259811401,"2_1554_1",2,1554,1,1554,FALSE,TRUE,2,0.119840370895446,3,FALSE
2.3945587115,0.96455349422,0.24180751191,2.09264022375,0.352396543836,0.24466378347,0.5562604109,0.51053940362,0.08060541525,2.596965715,0.85199565274,0.07416003945,2.39817419825,0.61067292522,0.16173616476,2.315551613,0.345564180613,0.29426602833,2.24936425675,0.72882504602,0.27628255005,0.797054417352,9360.63757214597,7290.61061870512,5959.73209233303,5544.65009153477,2542.79263603205,1129.9542448045,2787.97049462305,1.32137077119208,1.41341927029547,1.19143903470543,1.08716547348376,1.37801710101649,1.07944171496088,1.31668184992578,0.771605588500794,0.795218109207049,0.733968706616928,0.0874013782069271,0.132343603964289,0.159096263021372,0.132343603964289,0.119646553797625,0,3008.93164483879,0.03206907157,93544.2487362889,1e-04,1,0.0855550765991211,199.74728679657,"2_1609_1",2,1609,1,1609,FALSE,TRUE,2,0.126181960221083,3,FALSE
2.122745271,0.83580360526,0.12375197448,1.83917490025,0.37165101573,0.27345013335,0.88601584575,0.37968728635,0.08802584139,2.528909975,0.88034050788,0.0541168092,2.3129329085,0.60965150664,0.16599425379,2.9027877675,0.3032053169036,0.29576968131,2.836707607,0.96341918986,0.16248908544,0.799262831898,10195.386425015,6407.11179846905,5974.51831864636,4151.72322485405,3044.72419536294,1145.50791246799,2184.91584056559,1.37326989487425,1.41641013608195,1.19747231747467,1.0959598792917,1.19241279137031,1.05675421143185,1.1403716940841,0.757490455676602,0.780189091969419,0.718305441393766,0.0900616630381239,0.137114000745609,0.163712878553978,0.137114000745609,0.104892173930623,0,3268.39986327707,0.03484309746,93544.2487362889,1e-04,1,0.0920441150665283,214.325213670731,"2_1724_1",2,1724,1,1724,FALSE,TRUE,3,0.130293486511875,3,FALSE
2.3892228165,0.92528637885,0.17349173892,2.23176264625,0.335560026488,0.28559930781,0.86899041425,0.366923673208,0.09879964353,2.6570068495,0.92905169334,0.17034051189,2.40628082975,0.58422546089,0.1581441993,2.9102810695,0.3026818908823,0.2980032096,2.8617803255,0.97614735881,0.29938606779,0.798696893356,9335.31622516065,6411.20435437364,5681.79956965117,4052.38345018126,3499.96054359097,1355.14045578081,2517.49935513782,1.39641484090876,1.42087615903829,1.18639656069427,1.10898480926687,1.42297087398755,1.20339046377832,1.20855875592001,0.754294662181304,0.77755850930325,0.713007830254375,0.0906531376041339,0.137932015168794,0.165245118777824,0.137932015168794,0.0935634052192975,0,3342.62489021143,0.03563665186,93544.2487362889,1e-04,1,0.0994040966033936,215.573499441147,"2_1735_1",2,1735,1,1735,FALSE,TRUE,3,0.13128703324005,3,FALSE
2.6245351235,0.96348657648,0.24168534216,2.65886001875,0.364722378889,0.26493800928,0.73843135715,0.45330368802,0.10076245161,2.88561246575,0.91150027351,0.021034458075,2.30945813075,0.58992134444,0.16028374719,2.842985576,0.320663426889,0.29341884132,1.26636734475,0.47809194963,0.05016792516,0.80007357574,9908.99542392099,6759.21453985625,5749.09671867374,5015.54776911935,1395.66382178666,1149.92250286944,2784.56741806689,1.35750459159689,1.41173970331167,1.18939495885361,1.11139114050315,1.0524397266311,1.02132079787536,1.31647124243551,0.762535017382511,0.784193439241614,0.720679087637104,0.0891200317349854,0.135859341293243,0.163021671494383,0.135859341293243,0.10997415838042,0,3056.32462998393,0.03257575932,93544.2487362889,1e-04,1,0.132134914398193,231.487895965576,"2_1862_1",2,1862,1,1862,FALSE,TRUE,3,0.129919664323108,3,FALSE
1.94985803625,0.42525398879,0.26933838273,2.06790375925,0.61420127179,0.16871672022,2.75963261325,0.58850676848,0.09380702802,2.0736970145,0.42703432329,0.18063158565,1.63851336175,0.70200352822,0.29284147131,2.86514133375,0.73028940003,0.23258765013,1.0810848625,0.313609364118,0.12885539151,0.806415531258,15079.4675258496,14468.2049223425,7884.60158676861,6469.53158470902,966.934996496984,629.511077448295,1267.42553326149,1.20153747094546,1.30073686646128,1.41011365869189,1.10291073953584,1.14674790226128,1.21835598210107,1.36592305941868,0.920722625860898,0.923375475992852,0.948348569385675,0.0510807544466713,0.0760025129581966,0.0717503208866086,0.0760025129581966,0.143503914629039,0,111.09017932954,0.001087677013,93544.2487362889,1e-04,0,0.151074886322021,232.555935144424,"2_1868_1",2,1868,1,1868,FALSE,TRUE,4,0.0446922431192872,4,FALSE
1.94985803625,0.42525398879,0.26933838273,2.06790375925,0.61420127179,0.16871672022,2.75963261325,0.67372091057,0.02360994351,1.513277665,0.40819882927,0.16549380276,1.636106609,0.76756111941,0.22679724147,2.68291028025,0.71832064302,0.22819725207,1.0810848625,0.313609364118,0.12885539151,0.806415531258,15079.4675258496,14169.7577641257,8004.37542127483,6954.62037737334,966.934996496984,592.46707952125,1267.42553326149,1.20153747094546,1.2933959112716,1.29079268867259,1.02404889017037,1.14674790226128,1.1964686496813,1.36592305941868,0.919794344708056,0.924565199922044,0.948219858527363,0.0513789435785328,0.0754101716070856,0.0718396630326152,0.0754101716070856,0.229907504012909,0,111.09017932954,0.001087677013,93544.2487362889,1e-04,0,0.0900514125823975,236.131237745285,"2_1898_1",2,1898,1,1898,FALSE,TRUE,4,0.0840983150266201,4,FALSE
2.6245351235,0.96348657648,0.24168534216,2.65886001875,0.364722378889,0.25812831003,0.620363766225,0.5121968093,0.11095173978,2.82902554175,0.936428086,0.005431422831,2.3066783085,0.57413721468,0.15571534194,2.795143823,0.334629914879,0.29153816934,0.989904865,0.51016984261,0.03968900304,0.800722170814,9833.47736821313,7039.64566218149,5570.60855631194,5721.56561666966,1478.91010047999,1164.50540332757,2784.56741806689,1.34515003960604,1.40802542720029,1.18301095261178,1.12405252149301,1.04103718850509,1.00541973847693,1.31647124243551,0.772226149823668,0.79344090279105,0.733885496801423,0.0872825600480712,0.132916637550652,0.15912114230438,0.132916637550652,0.117411431365495,0,2886.66444260114,0.0307618888,93544.2487362889,1e-04,1,0.104727029800415,242.284664392471,"2_1952_1",2,1952,1,1952,FALSE,TRUE,2,0.125954823227712,3,FALSE
2.56828873575,0.99981857064,0.28744083393,2.39509585475,0.359187949324,0.27167016819,0.88428113275,0.44862883077,0.07393202493,2.47483982675,0.78244850108,0.16758382038,2.38504991875,0.60704034144,0.16085774982,2.55513612725,0.34227655677,0.28510228527,1.1559009775,0.43007908424,0.07010234814,0.79652096189,9833.47845377694,7152.07498746598,5919.2270248235,4842.7306294116,1272.55245179895,1138.08638442064,3049.20273498907,1.36994308359892,1.3954609863087,1.19020195069041,1.07937609344812,1.07483470872383,1.19944373153912,1.40035598108194,0.777494194478344,0.798017831628005,0.72838779196818,0.0862673024168406,0.131435807585897,0.160756395124739,0.131435807585897,0.119764432719939,0,2868.06573505577,0.03056304635,93544.2487362889,1e-04,1,0.0852766036987305,242.388232469559,"2_1953_1",2,1953,1,1953,FALSE,TRUE,1,0.128204604673902,3,FALSE
2.1781819465,0.48253224451,0.26186752938,2.531073314,0.62546074036,0.12403446432,2.62799836525,0.8301348864,0.02360994351,1.513277665,0.40819882927,0.16549380276,1.636106609,0.76756111941,0.22679724147,2.68291028025,0.71832064302,0.22819725207,1.0810848625,0.313609364118,0.12885539151,0.806415531258,14717.484559478,14169.7577641257,8004.37542127483,8569.23528177487,966.934996496984,592.46707952125,1424.70353934276,1.14066354784616,1.2933959112716,1.29079268867259,1.02404889017037,1.14674790226128,1.1964686496813,1.35220075840903,0.919594215131477,0.927090735253115,0.947990547416291,0.051443004148653,0.0741370697347833,0.0719985601905308,0.0741370697347833,0.211994493215949,0,111.09017932954,0.001087677013,93544.2487362889,1e-04,0,0.0878243446350098,242.961953639984,"2_1958_1",2,1958,1,1958,FALSE,TRUE,1,0.0758890118633811,4,FALSE
2.30557712925,0.90712744204,0.15559330173,2.128918285,0.341322937005,0.25171293435,0.562708260225,0.347682608379,0.008518249245,2.72014018725,0.85852569003,0.03091007904,2.558333559,0.61810433074,0.16570270275,2.77181929625,0.3032712233379,0.29583575595,2.847489207,0.96499172824,0.27867564825,0.79885562922,9137.15186087187,6408.95253414702,6055.62844943854,3542.56004009749,3376.15000462203,1093.06880206032,2431.96156952416,1.33371443357188,1.41654185265123,1.19705727505741,1.00854521020567,1.38254147369088,1.03164727047925,1.18310313872104,0.746133143373625,0.776888833606926,0.712533799966137,0.0921464370150691,0.138139486133609,0.16538153168548,0.138139486133609,0.0881396096779311,0,3397.71090621877,0.03622558732,93544.2487362889,1e-04,1,0.131933212280273,244.177762031555,"2_1965_1",2,1965,1,1965,FALSE,TRUE,3,0.131105028036846,3,TRUE
2.61328584575,0.97075297534,0.25083644052,2.60610718575,0.363615492976,0.26628444108,0.76760131225,0.45236871657,0.07393202493,2.47483982675,0.78244850108,0.16758382038,2.38504991875,0.59334514384,0.16039854774,2.78541568625,0.324986052868,0.29175553011,1.24427407125,0.46848937651,0.05415480975,0.79936305297,9893.96917534009,6838.33141834815,5783.1075521372,4883.10088266321,1371.30226363071,1138.08638442064,2829.95878466281,1.35997422759063,1.40845371177004,1.18955626987357,1.07937609344812,1.05684382467944,1.19944373153912,1.33243531080817,0.766568351592852,0.793827254754508,0.717722511436581,0.0883599401093676,0.132792274499625,0.163882182180542,0.132792274499625,0.117797097906464,0,3018.67285043709,0.03217321672,93544.2487362889,1e-04,1,0.087256908416748,246.891997098923,"2_1983_1",2,1983,1,1983,FALSE,TRUE,2,0.131775192645235,3,FALSE
2.1781819465,0.48253224451,0.26186752938,2.531073314,0.62546074036,0.12403446432,2.62799836525,0.8301348864,0.05857611939,0.91038236625,0.4407231504,0.25999119447,1.53748687475,0.84701794567,0.18977563578,2.70464817925,0.70062582378,0.20433425145,2.09262629325,0.313609364118,0.12885539151,0.806415531258,14717.484559478,13504.5496815971,8499.4114919897,8837.62554021632,966.934996496984,707.121742317901,1424.70353934276,1.14066354784616,1.25489995986896,1.23232196203511,1.0618692662792,1.14674790226128,1.34756321393038,1.35220075840903,0.919671943207184,0.927183085602509,0.948102918251176,0.0514181332233465,0.0740901020843516,0.0719207386338913,0.0740901020843516,0.21217091700319,0,111.09017932954,0.001087677013,93544.2487362889,1e-04,0,0.0858936309814453,247.476587772369,"2_1988_1",2,1988,1,1988,FALSE,TRUE,1,0.0759530417997654,4,FALSE
2.1489029525,0.9005956376,0.15838078983,1.8063441015,0.37695716014,0.2728501188,0.925400537,0.37906674643,0.0361553178,2.83630047625,0.99605376988,0.08346266532,2.55718613425,0.56282866232,0.18543555003,2.836721002,0.314236968081,0.29734953579,2.94597437775,0.94921603621,0.29965170993,0.799106399364,10333.8573275612,6651.34387768826,5623.03754514463,3956.10425291813,3404.48552374236,1332.85826720502,2419.93516884344,1.3721466489248,1.41956620799953,1.22581172812229,1.03730434689286,1.42350477039044,1.09030539852152,1.18699687769568,0.752629637765157,0.776510783864817,0.7139525405076,0.090959774896949,0.138256471522917,0.164972920692615,0.138256471522917,0.103350587047873,0,3374.53884368861,0.03597785023,93544.2487362889,1e-04,1,0.0852453708648682,247.579893827438,"2_1989_1",2,1989,1,1989,FALSE,TRUE,4,0.13170644875564,3,FALSE
2.30557712925,0.90712744204,0.15559330173,2.128918285,0.341322937005,0.25171293435,0.562708260225,0.347682608379,0.008518249245,2.72014018725,0.85852569003,0.03091007904,2.558333559,0.61810433074,0.16570270275,2.77181929625,0.3032712233379,0.29286230472,2.847489207,0.96499172824,0.27867564825,0.79885562922,9137.15186087187,6388.8557411445,6055.62844943854,3542.56004009749,3376.15000462203,1093.06880206032,2431.96156952416,1.33371443357188,1.41063852319403,1.19705727505741,1.00854521020567,1.38254147369088,1.03164727047925,1.18310313872104,0.746086226194809,0.776275723638631,0.712427858034259,0.0921549514213871,0.138329159720636,0.165412003485277,0.138329159720636,0.0892567938979764,0,3397.71090621877,0.03622558732,93544.2487362889,1e-04,1,0.08648681640625,248.253629207611,"2_1995_1",2,1995,1,1995,FALSE,TRUE,4,0.131211054860047,3,FALSE
2.69540586775,0.89767005522,0.05457894864,0.80687594675,0.4201844679,0.16131582711,0.6256921192,0.78800906546,0.13982778816,2.76860366325,0.59090465019,0.04673222586,2.1623357505,0.62454208213,0.22873287051,0.692176215575,0.74762151952,0.29211483012,0.9373665015,0.46155573637,0.11025800319,0.800331302352,10241.8677782853,15737.3482991531,6526.42894801295,9049.17563727369,1404.31288222122,763.557951857479,2230.3146629054,1.19101026361357,1.40916224176227,1.29400242615247,1.16155337764748,1.12296672977072,1.04863360535376,1.05740301594331,0.287587126004848,0.323910621622998,0.216463193209073,0.15436236502669,0.240469078619285,0.273038140111656,0.240469078619285,0.060517992239585,0,15929.5506427489,0.1702059572,93544.2487362889,1e-04,1,0.153353929519653,124.504870653152,"3_1012_1",3,1012,1,1012,FALSE,TRUE,4,0.26454736516779,5,FALSE
2.35028479,0.87706930631,0.06685409196,1.0876100775,0.37861013146,0.03632482221,1.7682039635,0.79291722991,0.19186286184,2.27462028675,0.60333077138,0.21711050667,2.18935528525,0.80280793626,0.26821603656,0.671443743675,0.945635774,0.25292073333,0.9966788415,0.72030404556,0.23451351555,0.8027325418,8256.86466320931,19118.0401629558,8763.03642684473,9592.25090843209,2408.36607256497,924.053301797678,2198.07685166659,1.03747052385733,1.33584890188745,1.36313594702066,1.2358479733777,1.30355157520811,1.27453478545009,1.07123348019485,0.773616828760568,0.783998131100899,0.709299344542923,0.0870156991667005,0.135920804750271,0.166309332803316,0.135920804750271,0.113238791084385,0,2979.26811566433,0.03175193293,93544.2487362889,1e-04,1,0.134797334671021,149.795728683472,"3_1215_1",3,1215,1,1215,FALSE,TRUE,4,0.134256227169919,1,FALSE
2.6163931345,0.69093578398,0.0401447433,0.780955894,0.57057191364,0.26022248949,0.706597391125,0.97328814924,0.09892222806,2.85782205725,0.5420110133,0.024161240151,2.2053548515,0.62482962141,0.21306052788,0.5380710817,0.61486025599,0.26226360729,1.15570314775,0.50398226065,0.14504686752,0.799554675942,15419.6055612287,12548.8652587812,6421.94585148646,10750.4290736414,1572.30584918416,685.769608235082,1699.60368528993,1.34892546225409,1.35262506521191,1.2684625213335,1.10913478839173,1.16828707043274,1.02456791839041,1.04159015101865,0.720031541730856,0.742848863117299,0.665900388556502,0.0967676283680887,0.148303502240351,0.178291895034414,0.148303502240351,0.0621237881563237,0,3771.80109891094,0.04022505934,93544.2487362889,1e-04,1,0.0854225158691406,155.535704612732,"3_1258_1",3,1258,1,1258,FALSE,TRUE,1,0.146217183527487,5,FALSE
2.6163931345,0.69093578398,0.0401447433,0.780955894,0.57057191364,0.26022248949,0.706597391125,0.97328814924,0.09892222806,2.85782205725,0.5420110133,0.024161240151,2.022246526,0.53037768348,0.16392873507,0.53768135365,0.47088741719,0.2561234901,1.2521690505,0.322689200982,0.09812489211,0.79853307916,15419.6055612287,9550.81074726734,5187.16950222491,10750.4290736414,973.457872065938,685.769608235082,1699.60368528993,1.34892546225409,1.34155281282231,1.19453808877955,1.10913478839173,1.10797563392849,1.02456791839041,1.04159015101865,0.708306480119075,0.732078068216094,0.655162402056289,0.0987731570025964,0.151377495534174,0.181134393551276,0.151377495534174,0.0614402379964565,0,3911.85620613937,0.04172241611,93544.2487362889,1e-04,1,0.142961978912354,162.655084609985,"3_1318_1",3,1318,1,1318,FALSE,TRUE,2,0.149756952027043,5,FALSE
2.6163931345,0.69093578398,0.0401447433,0.780955894,0.57057191364,0.26022248949,0.706597391125,0.97328814924,0.05729416914,2.85782205725,0.5420110133,0.024161240151,2.2053548515,0.62482962141,0.21306052788,0.5380710817,0.61486025599,0.26226360729,1.15570314775,0.50398226065,0.14504686752,0.799554675942,15419.6055612287,12548.8652587812,6421.94585148646,10349.7525344264,1572.30584918416,685.769608235082,1699.60368528993,1.34892546225409,1.35262506521191,1.2684625213335,1.06043340133389,1.16828707043274,1.02456791839041,1.04159015101865,0.719616190422782,0.743506460857426,0.666294808632041,0.0968393822814619,0.148113756868992,0.178186623033005,0.148113756868992,0.0641553689847446,0,3771.80109891094,0.04022505934,93544.2487362889,1e-04,1,0.0892772674560547,166.902035713196,"3_1348_1",3,1348,1,1348,FALSE,TRUE,2,0.146119828514416,5,FALSE
2.52972689075,0.70927476226,0.05118862665,0.944591039,0.44562752897,0.12916728564,0.9760515115,0.97328814924,0.09892222806,2.85782205725,0.5420110133,0.024161240151,2.2053548515,0.62482962141,0.21306052788,0.5380710817,0.61486025599,0.26226360729,1.15570314775,0.50398226065,0.14504686752,0.801393550152,10535.7430853602,12548.8652587812,6421.94585148646,10750.4290736414,1572.30584918416,685.769608235082,1758.07282519687,1.14734133472835,1.35262506521191,1.2684625213335,1.10913478839173,1.16828707043274,1.02456791839041,1.0536458634906,0.735621596357678,0.754879999762743,0.682815527201673,0.0940347842264343,0.144792663450796,0.173719901839995,0.144792663450796,0.0798918459508373,0,3519.70190739632,0.03752981717,93544.2487362889,1e-04,1,0.0892970561981201,170.320453643799,"3_1378_1",3,1378,1,1378,FALSE,TRUE,3,0.141033790458254,5,FALSE
2.55317140425,0.68479319781,0.05322314364,0.9738681475,0.43890447487,0.12354770301,0.98954255175,0.93973968359,0.09039014493,2.730227271,0.5804259017,0.04918900098,2.28425983475,0.60650194638,0.20278044513,0.552874781275,0.67816344727,0.26861567823,1.269795223,0.50587204078,0.013162138761,0.799818251698,10323.0728964536,13930.9317020737,6167.34462123601,10298.090778743,1441.02039190156,751.753559836194,1699.79887472684,1.14003430115376,1.36427316102368,1.25224931901127,1.09879192419176,1.01324623537384,1.05132137834255,1.05589730182911,0.715165805064782,0.739433634229694,0.66241587814405,0.0976048969846184,0.149285064696972,0.179219235967702,0.149285064696972,0.0784412876937226,0,3849.08642296575,0.04105133198,93544.2487362889,1e-04,1,0.133310794830322,176.626084804535,"3_1429_1",3,1429,1,1429,FALSE,TRUE,4,0.147818255452842,5,FALSE
2.68069269425,0.94989511734,0.12653673564,2.21569022325,0.42667734975,0.27657587685,1.47833280325,0.75789163672,0.006241007007,1.93179440325,0.76176609654,0.10150592832,2.20405285475,0.79497408156,0.2519781129,0.69327508965,0.8202551368,0.25862205471,1.17068452325,0.52340356234,0.04006958379,0.805231284214,11746.925971185,16679.0221447371,8520.67718369094,7707.1428781228,1517.65737644376,1037.31945343526,2488.53167625628,1.37915118633919,1.34603647699593,1.33383091156071,1.00624648485634,1.04144699222265,1.11201115131892,1.14398534201223,0.787377655085086,0.789346640436184,0.726930111354384,0.0843295914154808,0.134227461742782,0.16118718931176,0.134227461742782,0.118062094393481,0,2778.50041582683,0.02960548586,93544.2487362889,1e-04,1,0.0900914669036865,181.949129581451,"3_1471_1",3,1471,1,1471,FALSE,TRUE,3,0.128533084590399,5,FALSE
2.3149698885,0.56078617705,0.0007624618887,1.19482043375,0.55624946655,0.25871158494,0.87364027425,0.9477807007,0.04262058288,2.37284862325,0.58119876302,0.19557954681,2.11053133875,0.737213532,0.20566587507,0.66209898295,0.84985985362,0.25589099667,1.1575141035,0.53727523414,0.0732918594,0.803629793332,15007.1277353484,17233.2983723972,7518.90086802074,9947.92092500636,1593.20066290575,870.178182622096,1343.66438343807,1.34619945716177,1.34113712019801,1.25675816589845,1.0442704758005,1.07850656861724,1.24076754697395,1.00075892507025,0.771306741634899,0.787707443819222,0.716192969509016,0.0874585404842113,0.134748694416396,0.164325586338623,0.134748694416396,0.116880686261784,0,3003.81417679611,0.03201435971,93544.2487362889,1e-04,1,0.0906448364257812,186.618114948273,"3_1512_1",3,1512,1,1512,FALSE,TRUE,4,0.132215208202544,5,FALSE
2.653023059,0.65126278432,0.04455997857,0.7803871345,0.60058538517,0.24839497491,0.693295315575,0.9193225535,0.05334180792,2.8088211785,0.85860885934,0.26903502156,2.38183220875,0.80290685921,0.21847535757,0.939924357,0.314056473298,0.25464697995,1.4261308435,0.321139866965,0.08306753208,0.797422076714,16018.7551926592,6360.38172584121,8299.3106177544,9741.44721217409,958.703845990362,1391.49824704816,1606.88372170234,1.32787586104165,1.3389172105757,1.2771720963145,1.05603084988699,1.08991838120098,1.36404534938651,1.04637663677037,0.706517187078117,0.740447338507169,0.65304369041729,0.09907563873416,0.148994393298943,0.181689994032234,0.148994393298943,0.0721965635126349,0,4004.63302445146,0.04271431137,93544.2487362889,1e-04,1,0.0998213291168213,187.199181556702,"3_1517_1",3,1517,1,1517,FALSE,TRUE,3,0.150683242188236,5,FALSE
2.68069269425,0.94989511734,0.12653673564,2.0007916565,0.40632290081,0.19745054697,1.41360858575,0.75789163672,0.006241007007,1.93179440325,0.76176609654,0.10150592832,2.20405285475,0.79497408156,0.2519781129,0.69327508965,0.8202551368,0.25862205471,1.17068452325,0.52340356234,0.04006958379,0.805231284214,10266.9960537097,16679.0221447371,8520.67718369094,7707.1428781228,1517.65737644376,1037.31945343526,2488.53167625628,1.24423280730165,1.34603647699593,1.33383091156071,1.00624648485634,1.04144699222265,1.11201115131892,1.14398534201223,0.785846047757797,0.793027382922213,0.729442501987059,0.0846327769912264,0.133049616901873,0.16044397120915,0.133049616901873,0.111077445309584,0,2778.50041582683,0.02960548586,93544.2487362889,1e-04,1,0.138936996459961,189.172604322433,"3_1531_1",3,1531,1,1531,FALSE,TRUE,2,0.126882779767345,5,FALSE
2.52972689075,0.70927476226,0.05118862665,0.944591039,0.54558303672,0.23401144872,0.76048821525,0.97328814924,0.13222467519,2.85782205725,0.5420110133,0.024161240151,2.2053548515,0.62482962141,0.21306052788,0.5380710817,0.61486025599,0.26226360729,1.15570314775,0.50398226065,0.14504686752,0.801393550152,14325.3761017886,12548.8652587812,6421.94585148646,11094.9116066146,1572.30584918416,685.769608235082,1758.07282519687,1.30314432324385,1.35262506521191,1.2684625213335,1.15143886137842,1.16828707043274,1.02456791839041,1.0536458634906,0.736099850348767,0.7557812090166,0.682711045245441,0.0939496924277202,0.144526245680535,0.173748511532873,0.144526245680535,0.082906726633151,0,3519.70190739632,0.03752981717,93544.2487362889,1e-04,1,0.0886008739471436,192.955979585648,"3_1558_1",3,1558,1,1558,FALSE,TRUE,3,0.141206682312027,5,FALSE
2.36754133375,0.6600524025,0.04500816678,0.9075351205,0.46189181043,0.10923070308,1.0418098875,0.97270275247,0.12601376505,2.590851256,0.86596471792,0.24770077131,2.2363474825,0.65152637709,0.21044031684,0.6181662643,0.78041680785,0.26327477781,2.02376093175,0.52244202204,0.09834789864,0.802795258906,10722.9955494922,15944.1679892243,6678.02411141602,11022.2832293218,1576.29893306069,1370.76560802006,1629.07419524042,1.12183163082112,1.35446599210958,1.2642904140397,1.14330615422794,1.10824756272746,1.32579148979423,1.04686497227905,0.732327265078597,0.75443497783135,0.681743918616796,0.0946188385042711,0.144924041328806,0.174013110972038,0.144924041328806,0.0802288978599114,0,3671.81381215732,0.03915607554,93544.2487362889,1e-04,1,0.0868360996246338,194.779924869537,"3_1574_1",3,1574,1,1574,FALSE,TRUE,4,0.141413183976438,5,FALSE
2.346337797,0.6481854313,0.20892834096,2.99774891925,0.43616640289,0.11054858286,2.73977720275,0.85522271399,0.06556278339,1.38217327725,0.98194492555,0.20429486013,2.83369104375,0.75035116609,0.04904354205,1.30023408525,0.91014702903,0.29219131377,2.44657728075,0.39583716023,0.09236261529,0.806163946126,10137.821134015,19160.0355738738,6616.58438206619,9162.05251402359,1189.33323444509,1483.67851772166,1818.18702093955,1.12348288638331,1.4093131573056,1.05122965052537,1.06976362526603,1.10099518162204,1.25421837602398,1.26233064596239,0.922019504290079,0.926380974408956,0.952144722222349,0.0506612230755949,0.0744970524336429,0.0690633421250588,0.0744970524336429,0.225913774142468,0,40.2143792998996,0.0003299298583,93544.2487362889,1e-04,0,0.0907652378082275,195.909508228302,"3_1584_1",3,1584,1,1584,FALSE,TRUE,3,0.0817761334397075,4,FALSE
2.58519328675,0.6975378162,0.0441205413,0.83986454625,0.54558303672,0.12916728564,0.9760515115,0.97328814924,0.13222467519,2.85782205725,0.5420110133,0.024161240151,2.2053548515,0.62482962141,0.21306052788,0.5380710817,0.61486025599,0.26226360729,1.15570314775,0.50398226065,0.14504686752,0.800216670658,12898.9398834907,12548.8652587812,6421.94585148646,11094.9116066146,1572.30584918416,685.769608235082,1720.53847999365,1.14734133472835,1.35262506521191,1.2684625213335,1.15143886137842,1.16828707043274,1.02456791839041,1.04589827844339,0.725736279502248,0.74566775496201,0.671159564018363,0.0957766683883358,0.14748841051738,0.176883052135168,0.14748841051738,0.0789258643242253,0,3681.04539007792,0.03925477216,93544.2487362889,1e-04,1,0.104580402374268,196.382457733154,"3_1588_1",3,1588,1,1588,FALSE,TRUE,3,0.144929388676293,5,FALSE
2.346337797,0.6481854313,0.20892834096,2.99774891925,0.336210895161,0.005704419789,2.955340499,0.85522271399,0.12550718823,1.38217327725,0.98194492555,0.20429486013,2.83369104375,0.75035116609,0.04904354205,1.30023408525,0.91014702903,0.29219131377,2.44657728075,0.39583716023,0.09236261529,0.806163946126,7155.08622389601,19160.0355738738,6616.58438206619,9686.34817040942,1189.33323444509,1483.67851772166,1818.18702093955,1.00570425156467,1.4093131573056,1.05122965052537,1.14264789338973,1.10099518162204,1.25421837602398,1.26233064596239,0.92086185757212,0.929458149526549,0.95246618800011,0.0510358791822461,0.0729234960694615,0.0688309862367629,0.0729234960694615,0.263735299137738,0,40.2143792998996,0.0003299298583,93544.2487362889,1e-04,0,0.162243127822876,204.02613067627,"3_1644_1",3,1644,1,1644,FALSE,TRUE,1,0.0992930220443496,4,FALSE
2.69145531,0.75952080986,0.07033340427,1.229388572,0.37103554311,0.0931498269,1.11070034625,0.93091116123,0.15755511228,2.80666423575,0.47380126337,0.05648750091,1.9915729535,0.54469992596,0.29657601252,0.68475599305,0.50460715331,0.2555442384,1.993942133,0.5393743681,0.10556602785,0.803019202902,8491.10879848474,10228.7443239174,6144.9693967866,10877.7890866912,1635.653837719,617.898317479603,1908.20988097517,1.10206657024748,1.34051760238909,1.41752154576354,1.18584050422423,1.11712174875554,1.05938788702771,1.07521971376231,0.765853524930567,0.779435487651128,0.709570068204663,0.0884951269207186,0.137348841889412,0.166231874500328,0.137348841889412,0.108092677643466,0,3103.53948353495,0.03308054263,93544.2487362889,1e-04,1,0.101994276046753,208.100814580917,"3_1680_1",3,1680,1,1680,FALSE,TRUE,4,0.13366985284133,5,FALSE
2.73761827625,0.77322996966,0.06598603803,0.81577767375,0.57054777526,0.25597842378,0.72386205095,0.9653900036,0.10667052702,2.83990721875,0.52679687625,0.03034762095,2.02040876625,0.53395955821,0.1852512459,0.563142097425,0.4868916168,0.25647084786,1.3634980335,0.3704743949,0.1025431932,0.79914666162,15345.9856223867,9878.88621994097,5333.62722466322,10740.6938359652,1121.07811480324,670.362856023575,1936.64330163747,1.34129606238313,1.34217435958051,1.2255367864637,1.1186976489942,1.11338816594719,1.03105353689617,1.07024355854146,0.692513097707568,0.716153110927075,0.63504256510305,0.101411884949041,0.155811408030505,0.186343703872066,0.155811408030505,0.064239817994426,0,4195.52524467313,0.04475517774,93544.2487362889,1e-04,1,0.0892171859741211,212.406022071838,"3_1718_1",3,1718,1,1718,FALSE,TRUE,4,0.156305552747554,5,FALSE
2.4313474155,0.69777182627,0.22989863136,2.69063186,0.3034715919868,0.08173461588,2.84749627075,0.82132112361,0.06556278339,1.38217327725,0.98194492555,0.20429486013,2.83369104375,0.75035116609,0.04904354205,1.30023408525,0.91014702903,0.29219131377,2.44657728075,0.39583716023,0.09236261529,0.806163946126,6875.91505041556,19160.0355738738,6616.58438206619,8798.86273165526,1189.33323444509,1483.67851772166,1994.67587564771,1.08845315498027,1.4093131573056,1.05122965052537,1.06976362526603,1.10099518162204,1.25421837602398,1.29646393413326,0.920461857193509,0.929295567662075,0.951028684451231,0.0511646959541864,0.073007483194927,0.0698640174631931,0.073007483194927,0.301356943875136,0,40.2143792998996,0.0003299298583,93544.2487362889,1e-04,0,0.175706624984741,214.351996183395,"3_1734_1",3,1734,1,1734,FALSE,TRUE,2,0.11689034273609,4,FALSE
2.73761827625,0.72086063159,0.03197398455,0.631180255375,0.61604520563,0.27166464402,0.555688140825,0.89705967097,0.13693875786,2.5457861435,0.40869926935,0.07613672172,1.83463382325,0.53395955821,0.1852512459,0.563142097425,0.4868916168,0.25647084786,1.3634980335,0.3704743949,0.1025431932,0.79914666162,16865.346110951,9878.88621994097,5333.62722466322,10272.6349303411,1121.07811480324,543.061892823683,1763.36704500975,1.36993278378315,1.34217435958051,1.2255367864637,1.1576892110241,1.11338816594719,1.08173197885299,1.03284695819028,0.691422663227428,0.720024002702923,0.628360866215824,0.101591543251728,0.15474534121999,0.188041772112975,0.15474534121999,0.0550293106908515,0,4195.52524467313,0.04475517774,93544.2487362889,1e-04,1,0.087923526763916,220.410536289215,"3_1778_1",3,1778,1,1778,FALSE,TRUE,2,0.158327465998354,5,FALSE
2.537460961,0.75940128591,0.05211914061,0.92983065175,0.53359472052,0.24655859037,0.74971002915,0.9431151279,0.16364748981,2.125781949,0.5674893102,0.05002231518,2.173112578,0.63935098505,0.21909427308,0.55457918005,0.65480051404,0.26052791937,1.158469721,0.48176505214,0.13387809486,0.801408575904,14203.2629195368,13340.4527798851,6613.0221647962,11087.3605265484,1490.80349113456,735.575622202168,1883.54103401748,1.32466627542802,1.34947670811052,1.27817520733706,1.19442336885297,1.15334414331992,1.0522361722947,1.05467439624951,0.713928411404558,0.737886543012489,0.651745888543664,0.0978166777272459,0.14972759265492,0.182029485658924,0.14972759265492,0.0783148484374901,0,3900.45897926752,0.04160056611,93544.2487362889,1e-04,1,0.101072311401367,220.654871225357,"3_1780_1",3,1780,1,1780,FALSE,TRUE,4,0.151312529636647,5,FALSE
2.54996006875,0.82652920565,0.10330239924,1.626281928,0.325351072789,0.022063147122,1.648346664,0.76509134497,0.22640063031,2.3280197415,0.55895663815,0.19543398882,2.2592108595,0.79083435485,0.24590229165,0.84203320525,0.80326867234,0.25893646407,1.40303462375,0.355239457014,0.09144551742,0.805136983898,7014.13427497853,16338.8278726855,8419.61785922842,9598.52984039001,1066.67275206425,836.749720428955,2127.29016420864,1.02242923356717,1.34660280339328,1.32318633355199,1.290636016489,1.09989230075213,1.24054534381643,1.11451872714616,0.784837708490249,0.795176817763239,0.725498995129249,0.0848317888086228,0.132356945922957,0.161609015673169,0.132356945922957,0.111452525849888,0,2756.50587156394,0.02937033785,93544.2487362889,1e-04,1,0.158073902130127,229.758508443832,"3_1852_1",3,1852,1,1852,FALSE,TRUE,1,0.128341675625139,5,FALSE
2.73761827625,0.72086063159,0.03197398455,0.631180255375,0.61604520563,0.27166464402,0.555688140825,0.89705967097,0.17024120502,2.5457861435,0.40869926935,0.07613672172,1.68814716275,0.53395955821,0.1852512459,0.563142097425,0.4868916168,0.25647084786,1.3634980335,0.3704743949,0.1025431932,0.79914666162,16865.346110951,9878.88621994097,5333.62722466322,10615.8068627747,1121.07811480324,543.061892823683,1763.36704500975,1.36993278378315,1.34217435958051,1.2255367864637,1.20385352829979,1.11338816594719,1.08173197885299,1.03284695819028,0.691898664370912,0.719305978159552,0.627984859761893,0.101513157142105,0.154943643586343,0.188136873837452,0.154943643586343,0.0550562971692057,0,4195.52524467313,0.04475517774,93544.2487362889,1e-04,1,0.086653470993042,231.735764741898,"3_1868_1",3,1868,1,1868,FALSE,TRUE,3,0.158446400190833,5,FALSE
2.7550969795,0.78897600409,0.19372992714,2.845727999,0.54994195226,0.05745384618,2.816057542,0.78266346975,0.0022714648032,1.36361487775,0.92383964958,0.27515841411,2.3551629135,0.71205183019,0.09674381121,1.1308339535,0.90514045102,0.26470674228,2.27377951975,0.47660800899,0.05117741808,0.807334986494,12204.7860105211,18519.3356203168,6541.85543291285,7932.07663895559,1392.27531399085,1507.49745214842,2183.86834085778,1.06058566189261,1.35708158587952,1.10634581806344,1.00226445807285,1.05355138872137,1.37543556272358,1.23869373802868,0.921389491781807,0.925724838373441,0.950617426816304,0.0508654600289267,0.0748282967732488,0.0701567606709359,0.0748282967732488,0.237178453224422,0,24.5554842953683,0.0001625175239,93544.2487362889,1e-04,0,0.096066951751709,231.851984500885,"3_1869_1",3,1869,1,1869,FALSE,TRUE,4,0.0871596833223063,4,FALSE
2.70713327825,0.71619606854,0.0344032959,0.672917113525,0.62823261387,0.25320868314,0.5624620015,0.94950944751,0.14705367057,2.40135581975,0.366206946659,0.03771451038,2.20639644875,0.48871405329,0.18192645984,0.58609212465,0.4505443513,0.26517684936,1.32193905625,0.39717596805,0.11104392807,0.799360663428,16845.5739962636,9222.64298745618,4865.42620503542,10980.9158228316,1209.10581124008,469.222236226865,1754.84845657291,1.33636327252635,1.35794247269664,1.22059798078494,1.17133205925001,1.12395176665878,1.03888454546445,1.03543108399089,0.697677396399519,0.724716258770693,0.634977074683904,0.100556663276367,0.153443135273272,0.186360422506453,0.153443135273272,0.0552373868681421,0,4092.62927337995,0.04365509662,93544.2487362889,1e-04,1,0.0877983570098877,234.020796537399,"3_1888_1",3,1888,1,1888,FALSE,TRUE,2,0.156227794704885,5,FALSE
2.902764913,0.90187435147,0.20256503382,2.976636115,0.52995085071,0.03648501357,2.85917020125,0.78266346975,0.028913422515,1.36361487775,0.92383964958,0.27515841411,2.3551629135,0.71205183019,0.09674381121,1.1308339535,0.90514045102,0.26470674228,2.27377951975,0.47660800899,0.05117741808,0.807334986494,11558.8666946434,18519.3356203168,6541.85543291285,8116.5970218875,1392.27531399085,1507.49745214842,2515.64169608727,1.03764198438311,1.35708158587952,1.10634581806344,1.02961098159615,1.05355138872137,1.37543556272358,1.25232546018318,0.921758141829719,0.924190475577194,0.950662268032092,0.0507460511189887,0.0755972405785167,0.0701249009609447,0.0755972405785167,0.206307162256792,0,24.5554842953683,0.0001625175239,93544.2487362889,1e-04,0,0.10823392868042,235.302753210068,"3_1899_1",3,1899,1,1899,FALSE,TRUE,4,0.0728885942736785,4,FALSE
2.73761827625,0.72086063159,0.03197398455,0.631180255375,0.61604520563,0.27166464402,0.555688140825,0.89705967097,0.10363631073,2.5457861435,0.40869926935,0.07613672172,1.83463382325,0.53395955821,0.1852512459,0.563142097425,0.4868916168,0.25647084786,1.3634980335,0.3704743949,0.1025431932,0.79914666162,16865.346110951,9878.88621994097,5333.62722466322,9952.135776307,1121.07811480324,543.061892823683,1763.36704500975,1.36993278378315,1.34217435958051,1.2255367864637,1.11493328138238,1.11338816594719,1.08173197885299,1.03284695819028,0.690940509542662,0.720667756735242,0.628675206515925,0.101670880928339,0.154567334412927,0.187962230420608,0.154567334412927,0.05799543318223,0,4195.52524467313,0.04475517774,93544.2487362889,1e-04,1,0.0877301692962646,238.632707118988,"3_1928_1",3,1928,1,1928,FALSE,TRUE,3,0.158247019406288,5,FALSE
2.87154444,0.8428013794,0.06916109163,0.631180255375,0.61604520563,0.27166464402,0.555688140825,0.89705967097,0.13693875786,2.5457861435,0.40869926935,0.07613672172,1.83463382325,0.53395955821,0.1852512459,0.563142097425,0.4868916168,0.25647084786,1.3634980335,0.3704743949,0.03083956791,0.802883351446,16865.346110951,9878.88621994097,5333.62722466322,10272.6349303411,1067.66385756205,543.061892823683,2115.67062055351,1.36993278378315,1.34217435958051,1.2255367864637,1.1576892110241,1.03159827930219,1.08173197885299,1.07387328929242,0.7186796745848,0.74239866560273,0.657723981123503,0.0970009750841155,0.148433263812716,0.180460373431764,0.148433263812716,0.0518733293811896,0,3730.40572645697,0.03978249325,93544.2487362889,1e-04,1,0.16872501373291,243.140944242477,"3_1958_1",3,1958,1,1958,FALSE,TRUE,1,0.148848281993389,5,FALSE
2.79047714975,0.80416254945,0.08992238568,0.750481844,0.58539546588,0.24695738643,0.73937121625,0.86519036875,0.12456494001,2.40256316475,0.46779041958,0.10822959771,1.935050132,0.78130564356,0.26485582653,0.555004788125,0.9212385501,0.25293457203,1.2714826805,0.43049882377,0.05116376736,0.802691805828,15588.929515233,18625.0580005074,8495.88191151959,9790.41616302749,1257.56885634826,641.201022865488,2049.26359612214,1.32536196406423,1.33587344359629,1.35696674397008,1.14142552156385,1.05353634078543,1.12032190051614,1.09822842367943,0.731525759262556,0.754890021730134,0.66607974008211,0.0947603935699917,0.144789703426761,0.178244033236762,0.144789703426761,0.0628714603497989,0,3598.89739451532,0.03837651174,93544.2487362889,1e-04,1,0.0980968475341797,244.320361375809,"3_1968_1",3,1968,1,1968,FALSE,TRUE,1,0.146169246944223,5,FALSE
2.39928348925,0.66920406264,0.08004832473,1.0270423495,0.50353871265,0.16884198315,0.73937121625,0.86519036875,0.12456494001,2.40256316475,0.46779041958,0.10822959771,1.935050132,0.78130564356,0.26485582653,0.555004788125,0.9212385501,0.25293457203,1.723849174,0.37475346284,0.17135215224,0.800758021964,12364.0720316601,18625.0580005074,8495.88191151959,9790.41616302749,1192.26445817832,641.201022865488,1693.09777554442,1.20171724741812,1.33587344359629,1.35696674397008,1.14142552156385,1.20505729715962,1.12032190051614,1.08650881376324,0.751802045443813,0.778023344636381,0.690801794965258,0.0911118035277058,0.13778782173472,0.171518945433167,0.13778782173472,0.0980302421007469,0,3284.89702881706,0.03501947191,93544.2487362889,1e-04,1,0.0933890342712402,247.786174058914,"3_1998_1",3,1998,1,1998,FALSE,TRUE,3,0.139350840397605,5,FALSE
1.890714559,0.78504601656,0.03180962289,0.898753987,0.41682591228,0.09713278269,1.105064109,0.43787573814,0.03570148134,2.20400534675,0.50788030627,0.13620784023,2.19794595125,0.74047553648,0.06407159379,1.6462168115,0.324968133939,0.29579242695,2.6953186085,0.78681016678,0.13280437839,0.798429229314,9572.66637926229,6867.152908754,6612.59135125359,4568.03989087184,2432.86094114312,715.676074200205,1920.16323571186,1.10689692695041,1.41645547564614,1.06799314779818,1.03681884172125,1.15192768635497,1.15627835593931,1.03267258820778,0.758048889807201,0.78276557678303,0.716958028107835,0.0899579094041768,0.136308050158416,0.164103950634283,0.136308050158416,0.112676049575435,0,3213.34454822809,0.03425449023,93544.2487362889,1e-04,1,0.132786512374878,135.285948753357,"4_1089_1",4,1089,1,1089,FALSE,TRUE,4,0.131508593789178,1,FALSE
2.36363578875,0.5439482654,0.1054022427,0.98482219325,0.341929576066,0.001737131106,0.908440492,0.63790449252,0.017696690352,2.50798536425,0.62679272969,0.24887300694,2.3838466,0.72480403539,0.29249164665,0.52650525665,0.364969251116,0.20487779718,2.9624833805,0.96491024194,0.27438482385,0.800409003132,7254.30284675703,7038.44197305038,8137.32387261335,6551.2379183531,3359.05840334908,993.444320279652,1402.20332601255,1.00173021858761,1.25575132272279,1.40942369615385,1.01791774107142,1.37445022720795,1.32783768251622,1.11711928584247,0.7507871932402,0.78157341892881,0.703225704344478,0.0912978862209723,0.136681559967502,0.168037711101332,0.136681559967502,0.0925382135460684,0,3408.36015885988,0.03633944058,93544.2487362889,1e-04,1,0.0893397331237793,142.530168533325,"4_1148_1",4,1148,1,1148,FALSE,TRUE,1,0.13467041026709,2,FALSE
1.7420115075,0.84166849058,0.004608714027,0.919408712,0.64722239461,0.18677375052,1.15319497475,0.351254396179,0.09277329705,2.09042886325,0.75580536596,0.11381986314,2.09621161025,0.65875961695,0.29254286562,0.61345536355,0.66571679879,0.24417348042,2.5276535315,0.82360172935,0.07990552083,0.798349706814,16177.8798118477,13341.3573605193,7396.29520141702,3857.6916140259,2453.36055847155,1041.67960456188,2021.73105177419,1.22801915218767,1.32051447584246,1.40952467372916,1.10166139499954,1.08620084265525,1.12732670924426,1.00460498130317,0.761215479196061,0.782502114081539,0.715842578401966,0.0893672984494824,0.136390682562199,0.164426994086183,0.136390682562199,0.0994892041132395,0,3226.2928184202,0.03439292274,93544.2487362889,1e-04,1,0.085601806640625,143.651911735535,"4_1158_1",4,1158,1,1158,FALSE,TRUE,1,0.130717628944496,1,FALSE
1.7420115075,0.84166849058,0.004608714027,0.919408712,0.64722239461,0.18677375052,1.15319497475,0.351254396179,0.09277329705,2.09042886325,0.75580536596,0.11381986314,2.09621161025,0.65875961695,0.29254286562,0.61345536355,0.66571679879,0.25959005934,2.50448888175,0.72694472128,0.11813725671,0.798349706814,16177.8798118477,13549.9449278977,7396.29520141702,3857.6916140259,2224.19028185044,1041.67960456188,2021.73105177419,1.22801915218767,1.34778160829038,1.40952467372916,1.10166139499954,1.13292088373545,1.12732670924426,1.00460498130317,0.761279644232872,0.784545988568663,0.714498072424236,0.0893552904657829,0.135748323591128,0.164815532571798,0.135748323591128,0.100702584585928,0,3226.2928184202,0.03439292274,93544.2487362889,1e-04,1,0.089794397354126,151.585066318512,"4_1218_1",4,1218,1,1218,FALSE,TRUE,2,0.131293091991442,1,FALSE
2.36363578875,0.5439482654,0.1054022427,0.85355637675,0.340818035937,0.04587193959,1.622919163,0.39968245987,0.017696690352,2.50798536425,0.62679272969,0.24887300694,2.3838466,0.72480403539,0.29249164665,0.52650525665,0.364969251116,0.20487779718,2.9624833805,0.96491024194,0.27438482385,0.800409003132,7491.14238092536,7038.44197305038,8137.32387261335,4104.7130363624,3359.05840334908,993.444320279652,1402.20332601255,1.04778912917647,1.25575132272279,1.40942369615385,1.01791774107142,1.37445022720795,1.32783768251622,1.11711928584247,0.752812417352952,0.777180985915201,0.70351891786662,0.0909261640345386,0.138049013319898,0.167954679811555,0.138049013319898,0.0840010267637766,0,3408.36015885988,0.03633944058,93544.2487362889,1e-04,1,0.104369401931763,153.880860090256,"4_1238_1",4,1238,1,1238,FALSE,TRUE,2,0.134064105015909,2,FALSE
1.7420115075,0.84166849058,0.004608714027,0.919408712,0.64722239461,0.04735894917,1.510410123,0.351254396179,0.09277329705,2.09042886325,0.75580536596,0.11381986314,2.09621161025,0.65875961695,0.29254286562,0.61345536355,0.66571679879,0.25959005934,2.50448888175,0.72694472128,0.11813725671,0.798349706814,14243.3775804369,13549.9449278977,7396.29520141702,3857.6916140259,2224.19028185044,1041.67960456188,2021.73105177419,1.04941479267408,1.34778160829038,1.40952467372916,1.10166139499954,1.13292088373545,1.12732670924426,1.00460498130317,0.759998871908415,0.785853206355643,0.715833380115351,0.0895946724214587,0.135335886141267,0.164429655347626,0.135335886141267,0.115802294823445,0,3226.2928184202,0.03439292274,93544.2487362889,1e-04,1,0.087550163269043,155.02609205246,"4_1248_1",4,1248,1,1248,FALSE,TRUE,4,0.132227362324661,1,FALSE
2.36363578875,0.5439482654,0.1054022427,0.85355637675,0.340818035937,0.04587193959,1.622919163,0.39968245987,0.0653054172,1.69980429325,0.78861909663,0.21948992049,1.96384734475,0.85328318724,0.29249164665,0.52650525665,0.364969251116,0.20487779718,2.9624833805,0.96491024194,0.27438482385,0.800409003132,7491.14238092536,7038.44197305038,9579.75026434774,4280.82907113282,3359.05840334908,1210.90258580105,1402.20332601255,1.04778912917647,1.25575132272279,1.40942369615385,1.0694707407283,1.37445022720795,1.27837936099604,1.11711928584247,0.753341771172708,0.777888486248867,0.700630633612623,0.0908287523681257,0.137829670779632,0.168770794493349,0.137829670779632,0.084950916948904,0,3408.36015885988,0.03633944058,93544.2487362889,1e-04,1,0.0880858898162842,157.338996648788,"4_1268_1",4,1268,1,1268,FALSE,TRUE,2,0.135127328073148,2,FALSE
2.34184330875,0.50266046143,0.08877382806,0.85355637675,0.340818035937,0.04587193959,1.622919163,0.39968245987,0.0653054172,1.69980429325,0.78861909663,0.21948992049,1.96384734475,0.81492040803,0.24651873213,0.685887565375,0.321135238999,0.18052296978,2.94669365675,0.93471187045,0.29590047705,0.800889884172,7491.14238092536,6051.77458899299,8681.93455780893,4280.82907113282,3337.42119149348,1210.90258580105,1279.85939029137,1.04778912917647,1.21870314567264,1.32425857796099,1.0694707407283,1.41600225374439,1.27837936099604,1.09685221085431,0.767036641354554,0.785459864614976,0.716487085728114,0.0882712656972572,0.135460120620874,0.16424041693995,0.135460120620874,0.104401059469382,0,3166.98117462185,0.03375881026,93544.2487362889,1e-04,1,0.102070569992065,165.339834451675,"4_1328_1",4,1328,1,1328,FALSE,TRUE,2,0.130897578241724,2,FALSE
2.1339322505,0.97344609619,0.08144962902,0.83167408125,0.39546171138,0.006705765936,1.5066731155,0.67342076975,0.0705396114,2.8931870555,0.81351965756,0.06723778404,2.2075060735,0.65283649758,0.19492375776,0.54139918435,0.333075558369,0.22085380203,2.996444845,0.93878828272,0.19093248132,0.806303288158,8422.63364979738,6523.31708250114,6585.24117970336,7246.91413256682,3031.78593332721,1071.81849268583,2465.34067299927,1.00671228650361,1.28130052300342,1.24013430699868,1.07545900306554,1.23396353296041,1.07149707493925,1.08815677857071,0.766553865991367,0.69601796426446,0.738768831180211,0.0881813238567363,0.152289027608925,0.162328869409342,0.152289027608925,0.070092727632895,0,3095.64190027702,0.03299610801,93544.2487362889,1e-04,1,0.115050792694092,166.389702796936,"4_1337_1",4,1337,1,1337,FALSE,TRUE,4,0.126480440883992,1,TRUE
2.23775726725,0.58989263821,0.14618661801,0.94500301925,0.41240346425,0.04587193959,1.622919163,0.39968245987,0.0653054172,1.69980429325,0.78861909663,0.21948992049,1.96384734475,0.81492040803,0.24651873213,0.685887565375,0.321135238999,0.18052296978,2.94669365675,0.93471187045,0.24413948643,0.799110742024,9064.58210343856,6051.77458899299,8681.93455780893,4280.82907113282,3150.1934307336,1210.90258580105,1569.52245671124,1.04778912917647,1.21870314567264,1.32425857796099,1.0694707407283,1.31999143891131,1.27837936099604,1.17014971449422,0.779769569320624,0.795103472089697,0.730508756752179,0.0858250783256555,0.132380641825742,0.16012750792151,0.132380641825742,0.103551435110386,0,2957.2513409631,0.03151654725,93544.2487362889,1e-04,1,0.0893564224243164,168.781405448914,"4_1358_1",4,1358,1,1358,FALSE,TRUE,1,0.125776792582273,2,FALSE
1.9146305285,0.80063132658,0.009762966225,0.707630620075,0.51446463941,0.04232029767,0.606922621175,0.51327022976,0.09986017977,2.56553212175,0.66113133133,0.21493382961,2.82548831375,0.74932819176,0.29946243369,0.6874992379,0.38193592162,0.26320808694,2.6745973255,0.83736127466,0.09595936149,0.797336999174,11274.8309816164,7802.54428968765,8482.57459126031,5674.26826414199,2522.25179394597,1010.24013189695,1929.66817983908,1.04392661247418,1.35434442132759,1.42330050109672,1.11028369278267,1.10534195334557,1.27103794719133,1.00980560280976,0.726404705774135,0.767394091329458,0.683007565260476,0.0956598853601242,0.141048201894783,0.173667304870942,0.141048201894783,0.0780915334061185,0,3738.94106616757,0.03987374625,93544.2487362889,1e-04,1,0.08766770362854,184.890767097473,"4_1486_1",4,1486,1,1486,FALSE,TRUE,2,0.140892944748254,1,FALSE
2.38294268575,0.56798796766,0.07344009183,0.86543639425,0.39034653712,0.02218243485,1.887566239,0.52042767236,0.15195426489,2.93125773125,0.74666238225,0.27876893151,2.27452566725,0.84081643812,0.26742300987,0.632230298,0.37056096201,0.22078480911,2.93894449275,0.89360992271,0.26028462762,0.795541856924,8416.15244484538,7256.98460943123,9169.6485236553,6047.69478828794,3060.88562001219,1223.33463928653,1430.18497812758,1.02255323422177,1.28118795594384,1.36167494391303,1.17805814913746,1.34851439540946,1.38224100438314,1.07880419461263,0.763732929348534,0.775549851306716,0.708456980955954,0.0893130437863342,0.143049998716244,0.160373701706331,0.143049998716244,0.0846208253219451,0,3280.52488516155,0.03497272846,93544.2487362889,1e-04,1,0.091660737991333,185.901517152786,"4_1495_1",4,1495,1,1495,FALSE,TRUE,3,0.124691291565327,2,TRUE
2.44942295175,0.75798655609,0.04589495292,0.90601749375,0.58955982643,0.15716559051,1.3143174645,0.4135820798,0.09088721277,2.003344571,0.76989103518,0.14150296275,2.04165474025,0.72164189228,0.28110756606,0.78225076725,0.61080323477,0.23345938107,2.59602495175,0.78107096457,0.13443816519,0.799436111016,14312.742037446,12111.4014272956,7994.58342647525,4534.29944941246,2417.97579642761,1090.64882916379,1871.93101553489,1.18518708908975,1.30220435395154,1.38733262462212,1.09938919210064,1.15408437495941,1.16334425496665,1.04783253900868,0.763844011500539,0.780260766953888,0.716838759318038,0.0888740611384949,0.137091644154593,0.164138522217473,0.137091644154593,0.100286327434987,0,3189.59340368445,0.03400056206,93544.2487362889,1e-04,1,0.156619310379028,200.756335258484,"4_1610_1",4,1610,1,1610,FALSE,TRUE,2,0.130426361830747,1,FALSE
2.99266363675,0.77877862543,0.11003340501,0.87427488975,0.37442224531,0.04529905311,1.45785083175,0.41600367142,0.05906337837,1.7289531375,0.73376070752,0.22736451726,2.05561995375,0.82072246989,0.23919631011,0.63628179385,0.364255207464,0.21921810852,2.84500602575,0.87924449513,0.24167410959,0.80060427205,8225.86727385101,7122.62461458188,8673.9608797707,4430.71366844006,2957.19707154177,1136.19803995611,2014.58433482214,1.04716416707746,1.27863707417248,1.31163282283517,1.06241604744026,1.31574160714363,1.29126963783478,1.12289788495488,0.748524813012233,0.768413252794339,0.69778093157093,0.0917113558961617,0.14073886173288,0.169572157979963,0.14073886173288,0.0728786156532411,0,3427.18437903544,0.03654069403,93544.2487362889,1e-04,1,0.143559694290161,201.474473237991,"4_1614_1",4,1614,1,1614,FALSE,TRUE,1,0.135598982831572,2,FALSE
2.44942295175,0.75798655609,0.04589495292,0.90601749375,0.61618499248,0.23439901629,0.89307862125,0.349081295326,0.09505556727,2.34722947375,0.91386193827,0.0958454913,2.08721057725,0.66792665553,0.28110756606,0.78225076725,0.61080323477,0.23345938107,2.59602495175,0.78107096457,0.13443816519,0.799436111016,16185.9377162613,12111.4014272956,7399.50857554888,3841.93955671063,2417.97579642761,1237.60076432405,1871.93101553489,1.30379866091204,1.30220435395154,1.38733262462212,1.10442347925483,1.15408437495941,1.10510944110671,1.04783253900868,0.761967910565989,0.779315654424554,0.722790353321859,0.0892263851813547,0.137386147799992,0.162404397785132,0.137386147799992,0.090812013905097,0,3189.59340368445,0.03400056206,93544.2487362889,1e-04,1,0.0883047580718994,204.656081914902,"4_1640_1",4,1640,1,1640,FALSE,TRUE,2,0.127588926972916,1,FALSE
2.139110791,0.6403548897,0.15781914861,0.9719289235,0.51029440978,0.0397559076,1.03603214725,0.59348044985,0.013788015579,2.97828204625,0.50278833218,0.24151337106,2.634110035,0.75377793979,0.28940714361,0.61923151985,0.60469147289,0.23581464342,2.57211635,0.90972801239,0.21514744722,0.798784285496,11159.9299214478,12018.1470189621,8431.91692265324,6074.47654692119,2994.40634533583,790.533269584089,1719.87034840359,1.04115540683125,1.30618582907793,1.40336912788191,1.01390519293553,1.27168516117301,1.31509457753997,1.18621028230727,0.769479664011369,0.792613189053774,0.71758769598025,0.0878072076380262,0.133182679896223,0.163921312495036,0.133182679896223,0.110610049063204,0,3108.26025044853,0.03313101328,93544.2487362889,1e-04,1,0.137653350830078,213.379215955734,"4_1711_1",4,1711,1,1711,FALSE,TRUE,2,0.131080869077084,2,FALSE
1.85698148,0.6403548897,0.15781914861,0.9719289235,0.51029440978,0.0397559076,1.03603214725,0.59348044985,0.013788015579,2.97828204625,0.50278833218,0.24151337106,2.634110035,0.75377793979,0.28940714361,0.61923151985,0.60469147289,0.23581464342,2.57211635,0.90972801239,0.21514744722,0.800006315586,11159.9299214478,12018.1470189621,8431.91692265324,6074.47654692119,2994.40634533583,790.533269584089,1719.87034840359,1.04115540683125,1.30618582907793,1.40336912788191,1.01390519293553,1.27168516117301,1.31509457753997,1.18621028230727,0.773761358763533,0.79593321335756,0.721315887913133,0.0869879179780242,0.132112328079462,0.162835735754244,0.132112328079462,0.117295027693001,0,3043.77683598925,0.03244160838,93544.2487362889,1e-04,1,0.087151050567627,217.422120094299,"4_1741_1",4,1741,1,1741,FALSE,TRUE,1,0.130449203781699,2,FALSE
1.85698148,0.6403548897,0.15781914861,0.9719289235,0.51029440978,0.0397559076,1.03603214725,0.59348044985,0.013788015579,2.97828204625,0.50278833218,0.24151337106,2.634110035,0.75377793979,0.28940714361,0.5023668968715,0.81150971872,0.26022511245,2.37454546425,0.99509434442,0.26750632503,0.800006315586,11159.9299214478,16528.0537167675,8431.91692265324,6074.47654692119,3436.74566369113,790.533269584089,1719.87034840359,1.04115540683125,1.34892894607286,1.40336912788191,1.01390519293553,1.36167473463849,1.31509457753997,1.18621028230727,0.774148079946171,0.797826620580431,0.72178595186197,0.0869135397500145,0.131498006228314,0.162698348099622,0.131498006228314,0.121900067870021,0,3043.77683598925,0.03244160838,93544.2487362889,1e-04,1,0.101268768310547,220.87727022171,"4_1771_1",4,1771,1,1771,FALSE,TRUE,3,0.130802397213019,2,FALSE
2.707168438,0.63188709715,0.15990912486,0.97002236025,0.349646774044,0.01450730292,1.025086688,0.58033534655,0.015952364808,2.37160678975,0.62880338813,0.2421351753,2.33852791425,0.74625227248,0.2362222065,0.677983303125,0.365052002351,0.21459566853,2.866770021,0.87930200482,0.27012439089,0.802437218204,7492.7408660508,7106.26082613882,7861.47735838781,5951.03153440091,3045.99689138021,989.334953044213,1700.02598819314,1.01463565122267,1.27116964914044,1.30657302888851,1.01612314147676,1.36650925518049,1.31616177056026,1.18914264591217,0.755050297571251,0.781311503789851,0.707763327643052,0.090513634191152,0.136763482791174,0.166748130213772,0.136763482791174,0.0842313053542689,0,3325.10795861552,0.03544937489,93544.2487362889,1e-04,1,0.0900557041168213,222.356523275375,"4_1784_1",4,1784,1,1784,FALSE,TRUE,1,0.132578372153522,2,FALSE
2.0324305,0.90555719434,0.005839952529,0.85559124275,0.63810015134,0.18385053267,1.4768913585,0.338482862131,0.11132247336,1.68337962,0.77505715313,0.13003993461,2.00986653025,0.72207132562,0.25777982322,0.620077047625,0.6007605209,0.25026938316,2.51600418175,0.55708843902,0.21684713451,0.797475799964,15903.0926682427,12113.3019402453,7789.49296869389,3782.39142348827,1836.17303820465,1085.47592955958,2176.94724161622,1.22365329644203,1.33116351662718,1.3441559674932,1.1245186413192,1.27441956209061,1.14815506323807,1.00584241654916,0.756059898006503,0.777350468545964,0.701453127423857,0.0903269081812283,0.137996501282643,0.168538792783768,0.137996501282643,0.0892357260908575,0,3287.23287479735,0.0350444449,93544.2487362889,1e-04,1,0.089573860168457,224.886509180069,"4_1806_1",4,1806,1,1806,FALSE,TRUE,3,0.135082780211104,1,FALSE
2.707168438,0.63188709715,0.15990912486,0.97002236025,0.349646774044,0.01450730292,1.025086688,0.58033534655,0.015952364808,2.37160678975,0.62880338813,0.2421351753,2.33852791425,0.74625227248,0.2362222065,0.50114718824225,0.354577516588,0.22703746443,2.866770021,0.87930200482,0.27012439089,0.802437218204,7492.7408660508,6986.52509593597,7861.47735838781,5951.03153440091,3045.99689138021,989.334953044213,1700.02598819314,1.01463565122267,1.29147048571529,1.30657302888851,1.01612314147676,1.36650925518049,1.31616177056026,1.18914264591217,0.755150876332095,0.782405433733973,0.708426642367849,0.0904950493882511,0.136420992819007,0.16655878141677,0.136420992819007,0.0954370239387453,0,3325.10795861552,0.03544937489,93544.2487362889,1e-04,1,0.0866353511810303,230.366958141327,"4_1844_1",4,1844,1,1844,FALSE,TRUE,1,0.133041202464859,2,FALSE
2.4533280925,0.89059635138,0.18076387503,1.03474591025,0.318251901003,0.04172659674,1.07625315925,0.53928703092,0.07437988602,1.9934546645,0.66989889426,0.16403159061,1.65958813175,0.68738443296,0.16497704466,0.674538310575,0.353616264016,0.17378274753,2.971391365,0.88780007335,0.29551602936,0.798151210624,6971.29818195863,6622.04794225893,6729.59902358444,5823.71180866596,3168.46461652198,970.854321764034,2437.97710575671,1.04328371947449,1.20883273209021,1.19602549778784,1.07989535466586,1.41523780817796,1.19439597441042,1.21921691885538,0.757447749405629,0.771914364392891,0.710101392857347,0.0900695926816384,0.13967097034899,0.166079749123788,0.13967097034899,0.0854239859886272,0,3260.54162547244,0.03475908349,93544.2487362889,1e-04,1,0.10462474822998,233.623658180237,"4_1872_1",4,1872,1,1872,FALSE,TRUE,3,0.13181367808964,2,FALSE
2.707168438,0.63188709715,0.15990912486,0.97002236025,0.368206404777,0.020404383243,0.660129691225,0.71004199432,0.03358309965,2.37160678975,0.62880338813,0.2421351753,2.33852791425,0.74625227248,0.2362222065,0.50114718824225,0.354577516588,0.22703746443,2.866770021,0.87930200482,0.27012439089,0.802437218204,7927.52748842478,6986.52509593597,7861.47735838781,7393.60517201737,3045.99689138021,989.334953044213,1700.02598819314,1.02070804361319,1.29147048571529,1.30657302888851,1.03455863912139,1.36650925518049,1.31616177056026,1.18914264591217,0.752873149144684,0.786943071437383,0.709768576045287,0.0909149934732529,0.134991061921099,0.166175055337898,0.134991061921099,0.100226213091336,0,3325.10795861552,0.03544937489,93544.2487362889,1e-04,1,0.0898516178131104,233.849893331528,"4_1874_1",4,1874,1,1874,FALSE,TRUE,1,0.132928360358495,2,FALSE
2.75421874575,0.44455624176,0.29117550096,1.07171284525,0.36293994707,0.09838123623,1.0976659725,0.81186175698,0.012690361023,2.967041908,0.47730634635,0.25415931489,2.4359324055,0.7431477162,0.27604172706,0.6777082452,0.39655206708,0.24669200568,2.97867099975,0.92356300181,0.19491782349,0.80367519405,8344.38050924719,7967.16368581458,8184.77632584043,8301.83080735908,2991.85516819928,760.911485775811,1362.30459995649,1.10841971718814,1.32489344314971,1.37772282592829,1.01278405294811,1.24001747255525,1.33714407428348,1.40767662144546,0.767548497148292,0.785616566572377,0.712968062608074,0.0881742397006701,0.135410640966401,0.1652565671421,0.135410640966401,0.108024843979028,0,3178.51988518088,0.03388217289,93544.2487362889,1e-04,1,0.0882682800292969,235.430968046188,"4_1888_1",4,1888,1,1888,FALSE,TRUE,2,0.132468931301985,2,FALSE
1.85698148,0.6403548897,0.15781914861,0.9719289235,0.51029440978,0.0397559076,1.03603214725,0.59348044985,0.013788015579,2.97828204625,0.50278833218,0.24151337106,2.634110035,0.75377793979,0.28940714361,0.61923151985,0.57763546377,0.20203878213,2.6373064365,0.82017153636,0.16777748553,0.800006315586,11159.9299214478,11109.4731978502,8431.91692265324,6074.47654692119,2602.32000284964,790.533269584089,1719.87034840359,1.04115540683125,1.25131721636672,1.40336912788191,1.01390519293553,1.19992541020155,1.31509457753997,1.18621028230727,0.77313143225241,0.793339946109276,0.719095665512537,0.0871089360005145,0.132949115382987,0.163483089377244,0.132949115382987,0.119233154136978,0,3043.77683598925,0.03244160838,93544.2487362889,1e-04,1,0.0941972732543945,235.79594874382,"4_1891_1",4,1891,1,1891,FALSE,TRUE,3,0.131448969927826,2,FALSE
2.707168438,0.63188709715,0.15990912486,0.81128228075,0.337417246055,0.07496190402,1.1351746925,0.47240605816,0.09789670749,2.069704409,0.45385909273,0.16911881337,2.73605878925,0.74625227248,0.2362222065,0.50114718824225,0.354577516588,0.22703746443,2.866770021,0.87930200482,0.27012439089,0.802437218204,7600.44750945259,6986.52509593597,7861.47735838781,5212.97184358164,3045.99689138021,661.183909298233,1700.02598819314,1.08053390617059,1.29147048571529,1.30657302888851,1.10788133768346,1.36650925518049,1.20163817417626,1.18914264591217,0.756181775496407,0.778147375040153,0.70108969981871,0.0903043407719517,0.137749321589143,0.168641344553785,0.137749321589143,0.0902257177798414,0,3325.10795861552,0.03544937489,93544.2487362889,1e-04,1,0.0863087177276611,237.274585962296,"4_1904_1",4,1904,1,1904,FALSE,TRUE,2,0.135270167771818,2,FALSE
2.75421874575,0.44455624176,0.29117550096,1.07171284525,0.36293994707,0.07238957121,1.2487066945,0.72019269544,0.07819936542,2.09885179925,0.71823144209,0.14437910391,1.8952528055,0.70777131696,0.16800549729,0.6777082452,0.39655206708,0.24669200568,2.97867099975,0.92356300181,0.19491782349,0.80367519405,8157.32842138598,7967.16368581458,6949.7584434212,7804.39393912878,2991.85516819928,1020.40693920997,1362.30459995649,1.07755619574132,1.32489344314971,1.20034330071029,1.08434413500142,1.24001747255525,1.16721846966728,1.40767662144546,0.766235818073401,0.78227413330031,0.721081222362141,0.0884228539972186,0.136462146039225,0.162904279125221,0.136462146039225,0.10664286812415,0,3178.51988518088,0.03388217289,93544.2487362889,1e-04,1,0.0917961597442627,243.716267824173,"4_1948_1",4,1948,1,1948,FALSE,TRUE,3,0.129460478633007,2,FALSE
1.85698148,0.6403548897,0.15781914861,0.9719289235,0.51029440978,0.0397559076,1.03603214725,0.59348044985,0.013788015579,2.97828204625,0.50278833218,0.24151337106,2.634110035,0.75377793979,0.28940714361,0.540570443725,0.62822576472,0.28004165076,2.7866770105,0.94863866186,0.20177707119,0.800006315586,11159.9299214478,13058.1416569336,8431.91692265324,6074.47654692119,3089.60240243299,790.533269584089,1719.87034840359,1.04115540683125,1.38573743745404,1.40336912788191,1.01390519293553,1.25057708101683,1.31509457753997,1.18621028230727,0.774173290926296,0.798379733306845,0.724714335497297,0.0869086887027569,0.131318004697907,0.161839830092337,0.131318004697907,0.121802456850456,0,3043.77683598925,0.03244160838,93544.2487362889,1e-04,1,0.103518009185791,244.070152759552,"4_1951_1",4,1951,1,1951,FALSE,TRUE,2,0.129752568313981,2,FALSE
2.62972509,0.87024239769,0.003306564789,0.79783562625,0.43104947898,0.07019634675,0.87205623825,0.78563392108,0.03502323597,2.89115986925,0.51851705883,0.08620301325,2.15047959475,0.66589882063,0.18483338343,0.790483595,0.64797819889,0.26337501864,2.54213980625,0.98510288315,0.22699814952,0.799915249854,9669.97985593499,13239.7566513083,6648.75213903656,8191.07235950343,3273.59464249657,695.682456548492,2088.59060105004,1.07503025871927,1.35464876209781,1.22491388220567,1.03609411508693,1.29099775201506,1.09354734842276,1.00329958979586,0.762575206092954,0.773287027076868,0.727169091186996,0.0891124900531294,0.139250052886721,0.161116641586233,0.139250052886721,0.0879181636205685,0,3119.43194598321,0.03325045208,93544.2487362889,1e-04,1,0.0862851142883301,244.732484340668,"4_1957_1",4,1957,1,1957,FALSE,TRUE,3,0.125808990765487,1,FALSE
2.97981691875,0.96299921135,0.03009809622,0.96682733925,0.50930478639,0.14454103128,1.02902966225,0.46104018546,0.11579729901,1.67284222125,0.79029516039,0.11763070854,1.74505042475,0.78077668758,0.21085277058,0.8512306015,0.38884790341,0.22968176262,2.66624156625,0.93635547801,0.28366778634,0.79741986519,12216.0259430466,7681.69524821353,8006.25992326107,5173.74549719796,3295.16575014161,1093.30703009013,2352.69623777789,1.16781810705453,1.29586880781567,1.26494533846049,1.13017543514101,1.39207564758349,1.13215217130013,1.03086033781704,0.756006499420594,0.76840862824829,0.709597599712264,0.0903367939384258,0.140740266930081,0.166223995280452,0.140740266930081,0.0848880799118204,0,3264.24125884993,0.034798637,93544.2487362889,1e-04,1,0.0837671756744385,247.534651517868,"4_1982_1",4,1982,1,1982,FALSE,TRUE,3,0.131963207876941,1,FALSE
1.13205970725,0.40867327674,0.28629523167,2.6239721755,0.77043598707,0.27436227489,1.72363639725,0.98061040222,0.03600461271,1.8606617755,0.69153648786,0.21268586259,2.71921903425,0.59558075967,0.0474473595,2.8917600805,0.89901572577,0.10878250467,1.07628251075,0.73826547394,0.20213646588,0.806506621394,21157.2060337134,15872.9101194149,5244.85016144355,10232.7194906332,2405.12061824635,1054.18380646327,1244.5262385961,1.37498097137232,1.12125235015157,1.0494799536285,1.03714307517347,1.25113531101483,1.26744663040544,1.39812560530799,0.921672505190877,0.925937948622113,0.948610415967999,0.0507738146006684,0.0747208710095631,0.0715682209186057,0.0747208710095631,0.140742945767782,0,34.3855621857367,0.0002676128251,93544.2487362889,1e-04,0,0.14003586769104,183.623062133789,"5_1464_1",5,1464,1,1464,FALSE,TRUE,3,0.0433939427928129,4,FALSE
1.13205970725,0.30030230350843,0.24119225277,2.94566472875,0.80879141418,0.27436227489,1.72363639725,0.98061040222,0.03600461271,1.8606617755,0.69153648786,0.21268586259,2.71921903425,0.59558075967,0.0474473595,2.8917600805,0.89901572577,0.10878250467,1.07628251075,0.73826547394,0.20213646588,0.806506621394,22210.4975303418,15872.9101194149,5244.85016144355,10232.7194906332,2405.12061824635,1054.18380646327,867.500835160032,1.37498097137232,1.12125235015157,1.0494799536285,1.03714307517347,1.25113531101483,1.26744663040544,1.31562189307432,0.921584840312113,0.926091794151753,0.948097411733692,0.0508022199236383,0.0746432236333597,0.0719245540921668,0.0746432236333597,0.121657741835015,0,34.3855621857367,0.0002676128251,93544.2487362889,1e-04,0,0.0929617881774902,191.336274862289,"5_1524_1",5,1524,1,1524,FALSE,TRUE,1,0.0351492426408603,4,FALSE
1.13205970725,0.30030230350843,0.24119225277,2.94566472875,0.80879141418,0.27436227489,1.72363639725,0.96971067716,0.05654949735,1.8334349715,0.71527051216,0.26174069646,2.6572093585,0.62716603122,0.05179777809,2.67972660725,0.88037414421,0.0669334086,0.635996551125,0.87994149269,0.24500283279,0.80497542444,22210.4975303418,14989.1551375541,5543.06655781505,10304.844893634,2967.73606175377,1149.84417961472,867.500835160032,1.37498097137232,1.07127993859668,1.05426251340585,1.05960110378326,1.32148616595168,1.35072053336591,1.31562189307432,0.921134603088495,0.914324218220629,0.950219246595607,0.0510489332325553,0.0850852150417534,0.0684056900638762,0.0850852150417534,0.136207174242491,0,11.8658791094947,2.685045249e-05,93544.2487362889,1e-04,0,0.106623411178589,199.594967842102,"5_1584_1",5,1584,1,1584,FALSE,TRUE,3,0.0403298960726472,4,FALSE
1.3007637,0.356162799308,0.24119225277,2.94566472875,0.80879141418,0.27436227489,1.72363639725,0.98061040222,0.03600461271,1.8606617755,0.69153648786,0.21268586259,2.71921903425,0.59558075967,0.0474473595,2.8917600805,0.89901572577,0.10878250467,1.07628251075,0.50094019407,0.17627400681,0.808754263426,22210.4975303418,15872.9101194149,5244.85016144355,10232.7194906332,1599.68029119035,1054.18380646327,1028.86831783477,1.37498097137232,1.12125235015157,1.0494799536285,1.03714307517347,1.21219539038612,1.26744663040544,1.31562189307432,0.921622883920097,0.898404118196144,0.948193613028609,0.050789894920288,0.0932549811741521,0.0698606634784826,0.0932549811741521,0.129594541587003,0,121.765551122212,0.001201809518,93544.2487362889,1e-04,0,0.134837627410889,216.503927469254,"5_1704_1",5,1704,1,1704,FALSE,TRUE,4,0.03779792851413,4,FALSE
1.13205970725,0.30030230350843,0.24119225277,2.94566472875,0.80879141418,0.27436227489,1.72363639725,0.98061040222,0.03600461271,1.8606617755,0.69153648786,0.21268586259,2.71921903425,0.59558075967,0.0474473595,2.8917600805,0.90067699573,0.11378688462,1.07628251075,0.73826547394,0.20213646588,0.806506621394,22210.4975303418,15972.7217009207,5244.85016144355,10232.7194906332,2405.12061824635,1054.18380646327,867.500835160032,1.37498097137232,1.1275419404093,1.0494799536285,1.03714307517347,1.25113531101483,1.26744663040544,1.31562189307432,0.921557849928827,0.926076567681204,0.948078000172222,0.0508109621963345,0.0746509121863529,0.0719380027219204,0.0746509121863529,0.121393429406914,0,34.3855621857367,0.0002676128251,93544.2487362889,1e-04,0,0.112428426742554,231.557721853256,"5_1794_1",5,1794,1,1794,FALSE,TRUE,1,0.0350413921107287,4,TRUE
1.13205970725,0.30030230350843,0.24119225277,2.94566472875,0.80879141418,0.20881341903,1.680036966,0.97916082556,0.027215527818,1.96596016475,0.65735815066,0.14643109578,2.70863975125,0.5282439915,0.05394710007,2.9028288615,0.87617648536,0.11378688462,1.07628251075,0.73826547394,0.20213646588,0.806506621394,20677.3809511573,15538.2264983943,4677.17580251404,10139.3453707251,2405.12061824635,935.851289360406,867.500835160032,1.261964513598,1.1275419404093,1.05664143117114,1.02782372716481,1.25113531101483,1.16999832023471,1.31562189307432,0.921790703430002,0.926802319447195,0.948475811769505,0.0507354906298703,0.0742835613938751,0.071661888568275,0.0742835613938751,0.12884691429353,0,34.3855621857367,0.0002676128251,93544.2487362889,1e-04,0,0.127604246139526,245.968967914581,"5_1884_1",5,1884,1,1884,FALSE,TRUE,1,0.0381649710552232,4,FALSE
1.423999999,0.330140168275,0.22609644168,2.79607691575,0.80255057545,0.15670047963,1.7626575185,0.9816097358,0.05586579567,1.71416597675,0.74440182759,0.17655810633,2.62080722975,0.56608552999,0.07504584441,2.82999357725,0.67275677985,0.1288227453,1.07920789475,0.55199253282,0.17252754429,0.808697908056,19474.7792540116,12091.6192047413,5102.97666106999,10424.9203329722,1757.70603953061,1092.75883943992,940.469660723152,1.18453803603735,1.14687090465709,1.08057585543691,1.0588381003736,1.20675431063424,1.21238802655126,1.29013890049097,0.921528675659243,0.906190700537877,0.949818175595896,0.0508204101455676,0.0896100940379305,0.0687565815907437,0.0896100940379305,0.125424910241011,0,65.6351774818569,0.0006017086246,93544.2487362889,1e-04,0,0.0960371494293213,248.039473772049,"5_1899_1",5,1899,1,1899,FALSE,TRUE,2,0.035550790488451,4,FALSE
1.13205970725,0.30030230350843,0.24119225277,2.94566472875,0.80879141418,0.20881341903,1.680036966,0.97916082556,0.027215527818,1.96596016475,0.65735815066,0.14643109578,2.70863975125,0.5282439915,0.05394710007,2.9028288615,0.85657607712,0.11378688462,1.07628251075,0.73826547394,0.20213646588,0.806506621394,20677.3809511573,15190.6303373664,4677.17580251404,10139.3453707251,2405.12061824635,935.851289360406,867.500835160032,1.261964513598,1.1275419404093,1.05664143117114,1.02782372716481,1.25113531101483,1.16999832023471,1.31562189307432,0.921794432603418,0.926937080936626,0.948492288063552,0.0507342810313531,0.0742151495599072,0.0716504297098646,0.0742151495599072,0.129045401824021,0,34.3855621857367,0.0002676128251,93544.2487362889,1e-04,0,0.174276351928711,251.076345682144,"5_1914_1",5,1914,1,1914,FALSE,TRUE,1,0.0382472997973491,4,FALSE
1.13205970725,0.30030230350843,0.24119225277,2.94566472875,0.80879141418,0.20881341903,1.680036966,0.97916082556,0.027215527818,1.96596016475,0.65735815066,0.14643109578,2.70863975125,0.5282439915,0.05394710007,2.9028288615,0.87617648536,0.11378688462,1.07628251075,0.73826547394,0.20213646588,0.806506621394,20677.3809511573,15538.2264983943,4677.17580251404,10139.3453707251,2405.12061824635,935.851289360406,867.500835160032,1.261964513598,1.1275419404093,1.05664143117114,1.02782372716481,1.25113531101483,1.16999832023471,1.31562189307432,0.921790703430002,0.926802319447195,0.948475811769505,0.0507354906298703,0.0742835613938751,0.071661888568275,0.0742835613938751,0.12884691429353,0,34.3855621857367,0.0002676128251,93544.2487362889,1e-04,0,0.118798494338989,255.320243120193,"5_1944_1",5,1944,1,1944,FALSE,TRUE,1,0.0381649710552232,NA,NA
1.423999999,0.330140168275,0.22609644168,2.79607691575,0.80255057545,0.15670047963,1.7626575185,0.9816097358,0.05586579567,2.2215751595,0.60697100084,0.16204497192,2.6610305785,0.54267811995,0.04377211122,2.82999357725,0.67275677985,0.1288227453,1.07920789475,0.55199253282,0.17252754429,0.808697908056,19474.7792540116,12091.6192047413,4764.43183888142,10424.9203329722,1757.70603953061,877.877598306819,940.469660723152,1.18453803603735,1.14687090465709,1.04547325950895,1.0588381003736,1.20675431063424,1.1915914140977,1.29013890049097,0.921520977867563,0.906189514821549,0.949902593260636,0.0508229027461461,0.0896106603560701,0.068698724854609,0.0896106603560701,0.128092152058393,0,65.6351774818569,0.0006017086246,93544.2487362889,1e-04,0,0.10901927947998,257.398266553879,"5_1959_1",5,1959,1,1959,FALSE,TRUE,3,0.0367353207116397,4,FALSE
2.25934643675,0.73488293632,0.0434390667,0.9400702695,0.38163738835,0.09426013749,0.82453515625,0.97404846586,0.06446577054,1.76858343375,0.89061219896,0.18177139302,2.42803956525,0.57180676705,0.09372612663,1.304389111,0.33449389384,0.28577473725,2.64772167475,0.6246041596,0.23420141058,0.802124423356,8742.29135878035,6994.36539485968,5239.34473187718,10424.7303873957,2087.85510134577,1314.43940721878,1811.80284123018,1.10340886783414,1.39676330080189,1.10268860416498,1.06851633102398,1.30302538037991,1.22003640104788,1.04515731037985,0.766377405278077,0.791444651929233,0.723975535970561,0.0883960717910659,0.133557366923706,0.162056853879746,0.133557366923706,0.102378082324341,0,3094.93351749635,0.03298853455,93544.2487362889,1e-04,1,0.169435024261475,263.796656847,"5_2000_1",5,2000,1,2000,FALSE,TRUE,1,0.12804159607556,1,FALSE
